Polling Station No,K. S. RAVICHANDRAN,PORKODI ARMSTRONG,JAGADESH CHANDER .M,C. CHRISTY,A. SELVA KUMAR,M. R. PALLAVI,S JAYAKALPANA,R. ANANDAN,M. KANNADASAN,M. KOLANJI,D. SATHISH KUMAR,SATHISH,S. SENTHAMIZHAN,G. J. DHARANIRAJ,S. PARTHIBAN,PRAKASH ARUNACHALAM,PRASANTH. D,PRAVEEN THIYAGARAJAN,R. MURUGAN,M. MOHAN,S. RAJENDRAN,M. LOKESH,C. JAGAN MOHAN,Total Valid Votes,Rejected Votes,NOTA,Total,Tendered Votes
1,213,139,16,1,2,342,4,0,0,0,0,0,0,1,0,0,0,0,0,0,0,1,0,719,0,4,723,0
2,184,104,13,0,0,336,2,0,0,1,0,0,0,0,0,0,1,0,0,0,0,0,0,641,0,5,646,0
3,166,115,14,0,0,340,2,1,0,0,0,0,0,0,0,0,0,0,1,0,0,2,2,643,0,2,645,0
4,190,99,17,0,1,346,5,0,0,0,0,0,0,0,0,0,2,0,0,0,0,1,1,662,0,2,664,0
5,215,105,12,0,1,342,2,0,0,1,0,0,0,1,0,2,0,0,1,1,0,1,1,685,0,2,687,1
6,120,87,14,0,1,206,3,0,0,0,0,0,0,0,0,0,2,1,1,0,0,0,1,436,0,3,439,0
7,202,172,17,0,2,367,1,0,1,0,0,0,0,0,0,1,0,1,0,0,0,0,0,764,0,6,770,0
8,128,74,16,0,0,237,1,0,0,0,0,0,0,0,0,1,1,0,0,0,0,0,0,458,0,3,461,0
9,235,105,25,0,1,403,0,0,0,0,0,0,0,0,1,0,0,0,0,0,0,1,0,771,0,4,775,0
10,206,152,29,0,1,344,3,0,1,0,0,0,0,0,0,1,1,1,0,0,0,1,0,740,0,2,742,0
11,178,139,17,1,0,300,1,1,0,0,0,0,1,0,1,0,1,0,0,0,0,1,1,642,0,7,649,0
12,126,117,27,0,1,239,5,0,1,0,0,0,0,0,0,0,0,0,0,0,0,0,0,516,0,4,520,0
13,241,139,22,1,0,280,2,0,0,0,0,0,0,0,0,1,0,1,0,0,0,0,0,687,0,3,690,0
14,115,117,21,1,0,202,2,0,0,0,0,0,0,0,0,0,0,0,0,0,0,0,0,458,0,4,462,0
15,170,83,12,0,4,292,1,0,0,0,0,0,0,0,0,0,0,0,0,0,1,0,0,563,0,1,564,0
16,126,106,16,0,2,261,1,1,0,0,0,0,0,0,0,0,0,0,0,0,0,1,0,514,0,2,516,0
17,198,145,11,0,1,278,0,0,0,0,1,0,0,0,0,0,0,0,0,0,0,0,1,635,0,7,642,0
18,148,122,10,0,0,221,1,0,0,0,0,0,0,0,1,0,0,1,0,0,0,0,1,505,0,3,508,0
19,146,152,14,1,0,228,3,0,0,0,0,0,0,0,0,1,0,0,0,0,0,0,0,545,0,4,549,0
20,108,98,10,0,0,178,3,0,0,0,0,0,0,0,0,0,0,1,0,0,0,0,1,399,0,7,406,0
21,215,98,15,1,1,334,2,0,0,0,0,0,0,1,0,3,1,0,0,0,0,0,0,671,0,3,674,0
22,237,125,14,0,1,413,2,0,0,0,0,0,0,0,0,0,1,0,1,0,1,0,0,795,0,0,795,0
23,327,122,18,0,2,404,2,0,0,0,2,0,0,0,0,0,3,0,1,1,0,0,1,883,0,1,884,0
24,135,118,7,2,1,483,1,0,0,0,0,0,0,0,0,1,0,0,0,0,1,2,0,751,0,0,751,0
25,307,117,8,0,0,359,0,1,0,1,0,0,0,0,0,0,0,0,0,0,0,0,0,793,0,2,795,0
26,147,72,7,0,0,246,2,0,0,0,0,0,0,0,1,0,0,1,0,0,0,0,0,476,0,0,476,0
27,170,100,12,0,1,343,1,0,0,1,0,1,0,1,0,0,1,0,0,0,0,1,0,632,0,1,633,0
28,274,121,11,0,0,312,0,1,0,2,0,0,0,0,1,2,0,0,0,0,0,0,0,724,0,2,726,0
29,205,110,9,1,1,245,2,0,0,1,0,0,0,0,0,0,1,0,0,0,0,0,0,575,0,2,577,0
30,381,74,10,0,0,379,1,1,0,0,0,1,0,0,0,1,0,0,0,0,0,1,1,850,0,1,851,0
31,325,99,13,1,0,388,1,0,0,0,0,0,0,0,0,0,0,1,0,0,0,0,0,828,0,0,828,0
32,202,97,10,0,0,431,1,0,0,1,0,0,0,0,0,2,1,0,0,0,0,0,0,745,0,1,746,0
33,168,93,9,0,1,249,0,0,0,0,1,0,0,0,2,0,1,1,0,0,0,3,0,528,0,0,528,0
34,194,118,16,0,0,304,1,0,1,0,0,0,1,0,0,0,0,1,0,0,0,0,1,637,0,1,638,0
35,223,99,14,0,0,357,1,0,0,1,0,0,0,0,0,0,0,0,0,0,1,0,2,698,0,1,699,0
36,210,97,8,1,1,320,1,0,0,0,0,0,0,0,0,0,1,0,0,0,1,1,0,641,0,0,641,0
37,186,119,23,0,1,321,2,0,0,0,0,0,0,0,0,0,0,0,0,0,0,0,0,652,0,3,655,1
38,309,177,42,5,0,257,3,0,0,5,0,0,0,0,0,0,1,0,0,0,0,0,0,799,0,1,800,0
39,178,129,17,1,1,400,2,0,0,3,0,0,0,0,1,0,0,0,0,0,0,0,0,732,0,9,741,0
40,108,64,18,0,0,181,1,0,0,2,0,0,0,0,1,1,1,0,1,0,0,1,0,379,0,1,380,0
41,286,165,44,2,0,464,2,1,0,7,1,1,0,0,0,1,2,2,0,0,0,1,0,979,0,2,981,0
42,255,104,10,1,1,322,2,0,0,0,1,0,1,0,0,1,2,0,0,1,0,2,0,703,0,0,703,0
43,188,104,8,0,3,308,2,0,0,0,0,0,0,0,1,1,1,0,0,0,1,2,1,620,0,1,621,0
44,96,35,6,0,0,160,1,0,0,1,0,0,0,1,0,0,0,0,0,0,0,2,0,302,0,2,304,0
45,90,49,7,0,0,213,0,0,0,0,0,0,0,0,0,0,0,0,0,0,0,0,0,359,0,1,360,0
46,239,106,12,1,0,390,4,0,0,0,0,0,0,0,0,2,0,1,0,0,0,0,0,755,0,1,756,0
47,240,73,7,1,0,229,2,0,0,0,0,0,1,0,0,0,0,0,0,0,0,0,0,553,0,2,555,0
48,131,84,10,1,0,196,2,0,0,1,1,1,0,0,1,0,1,0,0,0,0,0,0,429,0,1,430,0
49,152,85,16,1,1,245,1,0,0,0,0,0,0,0,0,1,0,0,0,0,2,0,0,504,0,1,505,0
50,167,78,11,0,0,286,2,0,0,0,1,1,0,0,0,0,0,0,0,0,0,0,0,546,0,4,550,1
51,104,91,17,2,1,294,1,0,0,0,0,0,0,1,1,3,0,1,0,0,0,1,0,517,0,0,517,0
52,142,34,7,0,3,268,3,0,0,0,1,0,0,0,0,0,0,0,0,0,0,0,0,458,0,0,458,0
53,203,76,16,0,0,282,0,0,0,1,0,0,0,0,0,1,0,0,0,0,0,1,0,580,0,3,583,0
54,155,114,14,0,2,295,1,1,0,0,0,0,0,0,0,1,0,1,0,1,0,2,0,587,0,5,592,0
55,134,104,13,0,1,302,0,0,0,1,0,0,0,0,0,0,0,0,0,0,0,1,0,556,0,2,558,0
56,145,168,12,0,0,319,2,0,0,2,1,0,0,0,0,0,0,0,0,0,0,2,0,651,0,1,652,0
57,186,140,16,0,0,400,0,0,0,0,0,0,1,0,0,1,0,0,0,0,0,0,1,745,0,3,748,0
58,138,108,21,0,0,349,4,0,0,1,0,0,0,1,0,0,1,0,0,0,0,1,2,626,0,2,628,0
59,194,134,23,0,1,398,0,1,1,0,0,0,1,0,0,2,0,0,0,0,0,0,0,755,0,3,758,1
60,105,116,10,0,1,376,2,0,0,0,0,0,0,0,0,1,0,0,0,0,0,0,0,611,0,3,614,0
61,161,105,17,0,1,394,1,0,0,0,1,0,0,0,0,0,1,0,0,0,1,0,0,682,0,3,685,1
62,121,95,10,0,1,334,2,1,1,0,0,0,0,0,0,1,0,0,0,0,0,1,0,567,0,2,569,0
63,e 1141,77,14,1,1,350,0,0,0,1,0,0,0,0,0,0,1,1,0,0,0,1,0,588,0,3,591,1
64,183,106,16,0,1,351,1,0,0,1,0,0,0,0,0,0,0,0,0,0,0,0,0,659,0,1,660,0
65,132,90,13,0,0,302,1,0,0,0,0,0,0,0,0,2,0,0,0,0,1,0,0,541,0,1,542,0
66,144,102,7,0,0,338,1,0,0,0,0,0,1,0,2,1,2,0,0,0,0,0,0,598,0,3,601,0
67,178,130,6,2,0,340,0,0,0,0,0,0,0,0,0,1,0,0,0,0,0,0,0,657,0,1,658,0
68,234,99,6,1,1,334,2,0,0,0,0,0,0,0,0,1,1,0,0,0,1,0,0,680,0,1,681,0
69,164,68,8,0,1,325,1,0,0,0,0,0,0,0,0,0,0,0,0,0,0,0,0,567,0,3,570,0
70,249,137,19,1,0,442,1,0,0,0,0,0,0,0,0,3,0,0,0,0,0,0,0,852,0,0,852,1
71,174,110,19,0,0,279,2,0,0,0,0,0,0,0,0,1,0,0,0,0,0,0,0,585,0,0,585,0
72,217,121,14,1,1,345,1,1,0,0,0,0,0,0,0,1,1,0,1,0,0,0,0,704,0,3,707,0
73,275,112,10,0,0,336,1,0,0,0,0,0,0,0,0,2,0,0,0,0,0,1,0,737,0,0,737,0
74,216,119,11,0,0,308,0,0,0,1,0,0,0,0,0,1,1,1,0,0,0,1,0,659,0,1,660,0
75,226,141,20,1,1,287,2,0,0,0,0,0,0,0,0,2,2,1,2,0,3,2,0,690,0,6,696,0
76,210,151,15,1,1,222,1,0,1,1,1,0,0,0,0,1,0,0,0,0,0,0,0,605,0,3,608,0
77,153,152,13,1,2,186,0,0,0,0,0,0,0,0,0,0,1,0,0,0,0,1,0,509,0,9,518,0
78,184,97,12,0,1,212,1,0,2,0,0,0,0,0,0,0,2,0,0,1,0,1,0,513,0,4,517,0
79,133,148,6,1,1,145,1,0,0,0,1,0,0,0,0,0,0,0,0,0,0,0,0,436,0,5,441,0
80,307,124,27,0,0,156,0,0,0,0,0,1,0,0,0,0,0,0,0,0,0,0,1,616,0,2,618,0
81,260,142,14,0,0,190,1,1,0,2,0,0,0,1,0,0,0,0,0,0,0,0,0,611,0,5,616,0
82,240,131,15,0,0,174,0,0,0,0,0,0,0,0,0,0,1,1,0,0,0,0,0,562,0,5,567,0
83,185,173,25,0,1,288,3,0,0,0,0,0,0,0,1,0,0,1,0,0,0,1,0,678,0,2,680,0
84,166,105,17,0,0,289,0,0,0,0,0,1,0,1,0,0,1,0,0,1,1,0,1,583,0,3,586,0
85,134,112,23,0,2,319,4,0,0,1,0,0,0,0,0,2,1,0,0,0,1,2,0,601,0,0,601,0
86,106,70,8,0,1,293,1,0,0,0,0,0,0,0,0,2,2,0,1,0,1,0,0,485,0,0,485,0
87,102,61,7,0,2,318,2,1,0,0,0,0,0,0,0,0,0,0,1,0,1,0,0,495,0,0,495,0
88,105,86,3,0,0,315,0,0,0,0,0,0,0,0,0,1,1,0,0,1,0,1,0,513,0,1,514,0
89,153,106,8,0,1,401,1,1,0,0,0,1,0,0,0,0,0,0,1,0,0,3,1,677,0,2,679,0
90,163,96,13,2,0,378,0,0,0,0,0,0,0,0,0,1,1,1,1,0,0,3,1,660,0,2,662,0
91,153,97,10,1,0,311,1,0,0,0,0,0,0,0,0,0,3,1,1,0,0,0,1,579,0,2,581,0
92,144,134,7,0,2,269,0,0,0,0,0,0,0,1,0,0,0,0,0,0,0,0,0,557,0,0,557,0
93,126,67,5,0,1,210,0,0,0,0,0,1,0,0,0,0,0,0,0,0,0,0,0,410,0,1,411,0
94,184,86,6,0,0,319,3,0,0,1,0,0,0,0,0,0,0,0,0,0,0,0,0,599,0,0,599,0
95,205,96,12,1,2,295,2,0,0,0,0,0,0,0,0,0,0,0,0,0,0,0,0,613,0,3,616,0
96,213,132,8,1,1,347,3,0,0,0,0,0,0,0,0,0,0,0,0,0,0,1,0,706,0,5,711,0
97,120,185,13,0,0,334,3,0,0,0,0,0,0,0,0,0,0,0,1,0,0,0,0,656,0,4,660,0
98,121,87,8,0,0,298,3,0,0,0,0,0,0,0,0,0,1,0,0,1,0,0,1,520,0,3,523,0
99,199,137,23,3,1,380,10,1,0,0,0,0,0,1,0,0,0,0,0,0,1,0,0,756,0,3,759,0
100,132,97,14,1,0,306,5,0,0,0,0,0,0,0,0,0,0,3,1,0,0,1,1,561,0,2,563,0
101,143,104,12,0,0,351,2,0,1,0,1,0,0,1,0,0,0,1,0,0,1,1,0,618,0,1,619,0
102,134,83,8,0,3,302,0,0,0,0,0,0,1,0,0,0,1,0,0,0,0,0,0,532,0,1,533,0
103,141,120,10,0,2,461,0,0,0,0,0,0,0,1,0,1,1,1,0,0,0,0,0,738,0,3,741,0
104,188,104,22,0,0,388,2,0,0,0,0,0,0,0,0,0,0,0,0,0,0,2,0,706,0,1,707,0
105,171,96,13,0,0,344,1,0,0,0,0,1,0,1,0,0,1,0,0,0,0,1,0,629,0,4,633,0
106,122,82,7,1,0,236,0,0,0,0,0,0,0,0,0,0,0,1,1,0,0,0,0,450,0,2,452,0
107,191,103,15,0,1,314,1,0,0,1,0,0,0,0,0,0,0,0,0,0,0,0,0,626,0,3,629,0
108,226,143,15,0,1,458,2,0,0,0,0,0,0,0,1,0,1,1,0,0,0,1,0,849,0,1,850,0
109,171,64,12,1,0,283,5,0,0,1,1,0,0,0,1,1,0,0,0,0,0,1,1,542,0,1,543,0
110,125,54,27,0,0,257,1,0,0,0,1,0,0,1,0,0,0,0,0,0,0,0,0,466,0,1,467,0
111,227,84,14,1,0,505,2,0,0,0,1,0,0,0,0,1,1,1,0,0,0,0,0,837,0,1,838,0
112,163,75,6,0,2,467,1,0,0,0,1,0,0,0,1,0,0,0,0,0,0,1,0,717,0,1,718,0
113,163,75,8,0,3,439,2,0,0,0,0,0,0,0,0,1,1,0,0,0,0,2,0,694,0,0,694,0
114,209,110,12,1,2,214,1,0,0,0,0,0,0,0,1,0,0,0,0,0,1,1,0,552,0,1,553,0
115,214,98,3,0,0,279,4,0,0,0,0,0,0,0,0,0,0,0,0,0,0,0,0,598,0,1,599,0
116,93,80,5,0,1,233,1,0,0,0,1,0,0,0,0,0,0,0,0,1,0,0,0,415,0,2,417,0
117,310,98,7,0,3,215,0,1,1,1,0,0,1,0,0,1,0,0,0,0,0,0,0,638,0,6,644,0
118,301,82,10,0,1,247,0,0,0,0,0,0,0,0,0,0,0,0,0,0,0,0,0,641,0,5,646,0
119,229,171,9,0,0,160,1,0,0,0,0,0,0,0,0,1,4,3,1,0,1,1,0,581,0,5,586,0
120,173,29,9,0,0,108,0,0,0,0,0,0,0,0,0,0,0,0,0,0,1,0,0,320,0,0,320,0
121,258,271,13,0,0,348,2,1,0,0,0,0,0,1,0,1,0,1,0,0,0,0,1,897,0,8,905,0
122,108,53,7,0,0,316,0,0,1,1,0,0,0,0,0,0,0,0,0,0,0,0,0,486,0,2,488,0
123,199,112,15,0,1,263,2,0,0,0,1,0,0,1,1,1,0,0,0,0,0,0,0,596,0,2,598,0
124,137,119,5,0,2,292,2,0,0,0,0,0,0,0,0,1,1,0,0,0,0,3,0,562,0,1,563,0
125,166,120,7,0,0,130,1,0,0,0,0,0,0,1,0,0,0,0,0,0,0,0,0,425,0,9,434,0
126,e 298,294,3,0,2,153,1,0,0,0,1,1,0,0,0,0,1,0,0,0,0,0,0,554,0,13,567,1
127,137,375,4,0,0,206,1,1,0,0,1,0,0,0,0,2,0,0,0,1,0,1,1,730,0,11,741,0
128,124,41,6,0,0,147,1,0,0,0,0,0,0,0,0,0,1,0,0,0,0,0,0,320,0,0,320,0
129,354,64,7,0,1,225,1,0,0,0,0,0,0,0,0,1,0,1,0,1,0,0,0,655,0,0,655,0
130,291,81,10,0,0,434,3,0,0,0,0,0,0,0,0,0,0,0,0,0,1,0,0,820,0,0,820,0
131,335,70,11,0,0,311,3,0,0,0,0,0,1,0,0,1,0,0,0,0,0,0,1,733,0,2,735,0
132,321,117,14,0,2,345,1,0,0,0,0,0,0,0,0,0,0,0,0,0,0,0,0,800,0,2,802,0
133,244,35,2,0,1,196,0,0,0,0,0,0,0,0,0,0,0,0,0,0,0,1,0,479,0,0,479,0
134,394,38,6,0,2,213,1,0,0,2,0,0,0,0,0,0,0,0,0,0,0,0,0,656,0,1,657,0
135,476,13,3,0,0,130,0,0,0,0,0,0,0,0,0,0,1,0,0,0,0,0,0,623,0,0,623,0
136,511,15,4,0,0,152,0,1,0,0,1,0,0,0,0,1,0,0,0,0,0,1,0,686,0,1,687,0
137,242,17,3,0,2,137,1,0,0,1,1,0,0,0,0,2,0,0,0,0,0,1,0,407,0,1,408,0
138,469,60,7,0,0,277,2,0,0,0,0,0,0,0,0,0,3,0,0,0,0,0,0,818,0,1,819,0
139,313,74,5,0,2,263,1,0,0,0,0,0,0,0,0,1,0,0,0,0,0,0,0,659,0,3,662,0
140,325,39,6,0,1,204,2,0,0,0,0,0,0,0,1,1,0,0,0,0,0,0,0,579,0,3,582,0
141,204,39,0,1,1,189,0,0,0,0,0,0,0,0,0,2,1,0,1,0,0,2,0,440,0,1,441,0
142,237,99,16,0,0,390,2,0,0,0,0,0,0,0,1,2,1,2,0,0,0,0,1,751,0,1,752,0
143,240,102,14,0,1,378,3,0,0,0,0,0,0,0,1,0,1,0,0,0,0,0,1,741,0,1,742,0
144,255,62,15,0,1,361,2,0,0,0,0,0,0,0,0,1,1,0,0,0,1,0,0,699,0,1,700,0
145,210,82,12,1,0,319,3,0,0,0,0,0,0,0,1,0,1,0,0,0,0,0,0,629,0,0,629,0
146,221,109,12,0,1,283,1,0,0,0,0,0,1,0,0,0,0,0,0,0,0,2,0,630,0,1,631,0
147,149,91,8,3,0,383,2,0,0,0,0,0,0,0,1,0,1,0,0,0,1,0,1,640,0,2,642,0
148,250,116,16,0,1,322,0,1,0,0,1,0,1,0,0,0,0,0,0,0,0,1,0,709,0,0,709,0
149,157,73,7,0,1,325,2,0,0,1,1,0,1,0,0,0,0,0,0,0,0,1,0,569,0,2,571,0
150,143,62,11,0,0,328,2,0,0,0,0,0,0,0,1,0,3,1,0,0,0,1,0,552,0,0,552,0
151,126,53,7,0,0,253,1,0,0,0,0,0,0,0,0,0,0,1,1,0,1,0,0,443,0,2,445,0
152,184,77,10,3,1,324,2,0,0,0,1,0,0,0,0,1,1,0,0,0,1,1,0,606,0,1,607,0
153,231,58,7,0,0,275,0,0,0,0,0,0,0,0,0,1,0,1,0,0,0,1,1,575,0,0,575,1
154,218,99,11,0,1,368,1,0,0,0,0,0,0,0,0,0,0,1,0,0,0,1,0,700,0,1,701,0
155,230,59,13,0,4,290,2,0,0,0,0,0,0,0,0,1,1,0,0,0,0,0,0,600,0,0,600,0
156,133,57,18,0,0,302,1,1,0,0,0,0,0,1,0,0,1,0,0,0,0,1,0,515,0,0,515,0
157,209,78,5,0,2,303,2,0,0,1,0,0,0,0,0,1,0,1,0,0,0,1,0,603,0,0,603,0
158,213,102,19,0,2,375,1,0,0,0,0,0,1,0,0,1,1,2,1,0,0,0,0,718,0,2,720,0
159,397,34,7,0,1,258,0,0,0,1,0,0,0,0,0,0,0,0,0,0,0,0,0,698,0,1,699,0
160,220,72,2,1,0,339,3,0,0,1,1,0,1,0,0,2,1,0,0,0,0,0,1,644,0,2,646,0
161,332,45,10,0,2,278,1,0,1,0,1,0,0,0,1,3,0,1,0,0,0,0,1,676,0,2,678,0
162,285,50,4,1,2,347,0,0,0,0,1,0,1,0,0,0,0,0,1,0,0,3,0,695,0,0,695,0
163,216,37,8,2,1,366,4,0,0,0,0,0,0,0,0,0,3,1,0,0,0,2,0,640,0,1,641,0
164,265,43,5,2,3,402,3,0,0,0,0,0,0,0,0,0,0,0,0,0,0,1,0,724,0,1,725,0
165,206,75,7,0,2,373,3,0,0,0,1,0,0,0,0,2,0,0,0,0,0,0,0,669,0,1,670,0
166,155,66,7,0,1,369,2,0,1,0,0,0,0,0,0,2,0,0,0,0,0,1,0,604,0,1,605,0
167,331,49,13,1,1,403,1,0,0,0,1,1,0,0,0,0,1,0,0,0,0,1,0,803,0,4,807,0
168,302,50,16,2,0,337,1,0,0,1,0,0,0,0,0,2,0,0,1,0,1,0,0,713,0,0,713,0
169,252,63,5,0,0,242,1,0,0,0,0,0,0,0,0,0,1,0,0,0,0,0,0,564,0,2,566,0
170,238,72,11,0,1,406,0,0,0,1,2,0,0,0,0,2,1,0,0,0,0,1,0,735,0,3,738,1
171,179,40,9,0,0,194,0,0,0,0,0,0,0,0,0,1,1,0,0,0,0,1,0,425,0,0,425,0
172,335,39,10,0,0,225,0,0,0,1,0,0,0,0,0,1,1,0,0,0,0,1,0,613,0,1,614,0
173,186,91,19,0,1,390,3,0,0,0,0,1,0,0,0,0,3,0,2,0,0,1,1,698,0,0,698,0
174,318,78,9,2,0,303,2,0,0,0,1,0,0,0,0,1,1,0,0,0,0,0,1,716,0,2,718,0
175,283,94,13,1,0,396,1,0,0,0,0,0,0,0,1,0,2,0,0,1,0,3,0,795,0,0,795,0
176,194,58,8,0,1,340,1,1,0,0,0,0,0,0,0,0,0,0,0,0,0,0,0,603,0,1,604,0
177,218,89,21,0,2,533,1,0,0,2,0,0,0,1,1,3,1,0,1,0,0,2,0,875,0,5,880,0
178,210,86,8,1,2,321,1,0,0,0,0,0,0,0,0,1,1,0,0,0,0,0,0,631,0,1,632,0
179,216,62,8,0,1,428,1,0,0,1,0,0,0,0,0,1,0,1,0,1,0,0,1,721,0,0,721,0
180,210,111,11,2,0,368,2,0,0,0,0,0,1,0,0,2,1,0,0,0,0,0,0,708,0,2,710,0
181,207,110,15,0,2,433,1,0,0,0,0,0,0,1,0,1,1,0,0,0,1,5,0,777,0,0,777,0
182,304,71,7,4,0,243,3,0,0,0,0,0,0,1,0,0,0,0,0,0,0,1,0,634,0,1,635,0
183,337,48,6,0,1,169,0,0,0,1,0,0,0,0,0,1,1,0,0,0,0,0,0,564,0,0,564,0
184,492,18,6,0,0,144,0,0,0,0,0,0,0,0,0,1,0,0,0,0,0,0,1,662,0,3,665,0
185,474,19,7,0,0,160,1,0,0,1,1,0,0,0,0,1,1,1,0,0,0,0,0,666,0,1,667,0
186,405,13,3,0,0,170,1,0,0,0,0,0,0,0,0,0,2,0,0,0,0,0,0,594,0,1,595,0
187,379,48,9,1,1,298,3,0,0,1,0,0,0,0,0,1,3,1,0,0,0,0,0,745,0,2,747,0
188,447,18,2,0,0,245,0,0,0,0,0,0,0,0,0,0,4,2,0,0,0,0,0,718,0,1,719,0
189,e 3264,44,4,1,1,287,2,0,0,1,0,0,0,0,1,0,2,0,1,0,0,0,0,608,0,2,610,0
190,170,170,16,1,0,355,8,1,0,0,0,0,0,1,0,0,0,0,0,0,0,2,0,724,0,3,727,0
191,200,131,15,0,0,436,0,0,0,0,0,0,0,0,1,2,1,0,0,1,0,0,0,787,0,0,787,0
192,215,143,11,0,2,379,2,0,1,0,0,1,0,0,1,0,1,2,0,0,1,0,1,760,0,3,763,0
193,113,82,10,1,0,296,4,0,0,1,0,0,0,1,0,0,1,0,0,0,0,0,0,509,0,0,509,0
194,103,81,3,0,0,193,0,0,0,1,0,0,0,0,1,0,0,0,0,0,0,0,0,382,0,2,384,0
195,200,144,13,1,4,353,5,0,0,0,0,0,0,0,0,1,1,1,0,0,0,1,0,724,0,1,725,0
196,219,111,9,0,0,326,2,0,0,0,0,0,0,0,0,0,0,0,0,0,2,1,1,671,0,1,672,0
197,263,193,10,0,1,369,4,0,0,1,0,0,0,0,0,2,0,0,0,0,1,0,0,844,0,2,846,0
198,182,160,14,0,2,327,1,0,0,1,0,0,0,0,2,0,1,0,0,0,0,2,0,692,0,0,692,0
199,232,164,9,1,1,335,1,0,1,0,0,0,0,0,1,1,0,0,0,0,0,1,0,747,0,0,747,0
200,174,136,24,0,1,454,3,0,1,0,0,0,0,0,0,1,1,1,0,0,0,2,0,798,0,3,801,0
201,133,86,20,1,1,369,2,0,0,0,0,0,0,0,2,0,1,0,0,0,0,0,0,615,0,5,620,0
202,152,116,17,1,0,373,2,0,1,0,0,0,0,0,0,1,0,1,0,0,0,0,1,665,0,1,666,1
203,119,96,5,0,1,358,1,0,0,0,0,0,0,0,0,0,0,2,0,0,1,2,1,586,0,3,589,0
204,224,108,15,2,0,303,0,0,0,1,0,0,0,2,0,0,2,1,0,0,0,1,0,659,0,4,663,0
205,165,97,8,0,0,404,4,0,0,1,0,0,0,0,0,0,1,1,0,0,0,0,1,682,0,2,684,0
206,125,60,7,1,0,211,2,0,0,0,0,0,0,0,0,0,0,0,0,0,0,0,0,406,0,4,410,0
207,134,44,5,0,0,245,0,0,0,0,0,0,0,0,0,1,2,0,0,0,0,0,0,431,0,1,432,0
208,165,91,12,0,2,316,2,1,0,0,1,0,0,0,0,0,0,0,0,0,0,1,0,591,0,0,591,0
209,142,115,14,0,0,286,1,0,0,0,0,0,0,0,0,0,1,0,0,0,0,0,0,559,0,2,561,0
210,171,92,15,1,2,369,2,1,1,0,0,1,0,0,1,1,1,0,1,0,0,1,0,660,0,4,664,0
211,201,131,23,0,0,396,1,0,0,1,0,0,0,0,2,1,0,1,0,0,0,1,0,758,0,3,761,0
212,170,73,10,0,0,247,1,0,0,1,0,0,0,0,0,0,0,1,0,0,0,1,1,505,0,4,509,0
213,189,166,11,0,0,194,2,1,0,0,0,0,0,0,0,1,0,0,0,1,1,0,0,566,0,6,572,0
214,157,117,7,0,0,236,3,0,0,1,0,1,1,0,0,0,0,0,0,0,1,1,1,526,0,3,529,0
215,131,269,14,1,0,264,1,0,0,1,0,1,0,0,0,1,0,0,0,0,0,0,0,683,0,6,689,0
216,179,132,20,0,1,345,0,0,0,0,0,0,0,0,1,0,0,2,1,0,1,0,0,682,0,3,685,0
217,265,113,11,0,1,361,0,0,1,0,0,0,0,0,0,3,0,3,0,0,0,0,0,758,0,3,761,0
218,156,353,5,0,1,222,1,0,0,4,1,0,0,0,0,2,1,0,0,0,0,0,0,746,0,26,772,0
219,49,271,6,0,0,131,2,0,0,0,0,1,0,0,1,0,0,0,0,0,0,0,0,461,0,8,469,0
220,59,379,2,1,1,149,3,0,0,1,0,0,0,0,0,1,0,1,0,0,0,0,0,597,0,22,619,0
221,163,84,1,0,0,372,0,0,0,0,0,0,0,1,0,0,1,0,0,0,0,0,2,624,0,1,625,0
222,174,136,11,1,0,309,1,1,0,0,0,0,0,0,0,0,1,0,0,0,0,1,1,636,0,3,639,0
223,214,120,8,0,0,373,0,0,0,0,0,0,0,0,1,0,1,0,0,0,0,1,0,718,0,1,719,0
224,216,76,7,1,2,307,0,1,0,0,1,0,0,0,0,0,1,0,0,0,0,0,0,612,0,1,613,0
225,239,83,6,0,0,303,0,0,0,0,0,0,0,0,0,1,2,0,1,0,0,0,0,635,0,0,635,0
226,275,112,14,0,1,380,1,0,0,0,0,1,0,0,0,2,1,2,2,0,0,2,1,794,0,1,795,0
