Polling Station No,GOPINATH PALANIYAPPAN,B.CHITRA,S.THANDAVAMOORTHY,R.MANOHARAN,M.KAMAL KUMAR,R.DHANDAPANI,K.DHAVASIAPPAN,A.MANIKANDAN,K.MANIKANNAN,M.VIJAY BALAJI,M.V.KARTHY,SHANMUGAM.P,M.DHARANI KUMAR,C.THIYAGARAJAN,NATHIYA.S,H.MOHAMED GAIPEER,J.MUTHU BAVA,M.MURUGESAN,S.LAKSHMANATHAN,R.VAIRAM,Total Valid Votes,Rejected Votes,NOTA,Total,Tendered Votes
1,131,1,8,101,1,0,1,1,2,225,0,0,0,0,0,1,12,0,0,1,485,0,1,486,0
2,195,0,11,134,1,0,0,0,1,267,0,0,0,0,1,1,10,1,2,1,625,0,2,627,0
3,498,0,9,40,0,0,0,1,0,175,0,0,0,0,1,2,48,0,0,0,774,0,3,777,0
4,334,1,14,98,0,0,0,0,0,286,0,2,0,0,3,0,13,0,1,1,753,0,0,753,0
5,248,0,10,93,0,0,0,0,0,153,0,2,0,0,0,0,17,0,0,0,523,0,1,524,0
6,334,0,13,122,2,1,1,0,1,366,0,0,0,1,0,1,14,1,0,0,857,0,2,859,0
7,386,0,14,45,0,0,1,0,1,236,0,0,0,0,1,1,42,0,0,0,727,0,3,730,0
8,203,1,11,160,0,0,0,0,0,217,0,1,0,0,2,3,10,0,0,0,608,0,2,610,0
9,212,0,17,126,2,3,0,0,0,262,1,0,1,0,1,2,1,0,1,0,629,0,7,636,0
10,457,1,7,64,0,0,0,0,1,131,0,0,0,0,0,3,34,0,0,0,698,0,2,700,0
11,351,0,15,144,2,1,1,0,1,315,1,0,0,0,1,0,22,1,0,0,855,0,5,860,0
12,176,3,20,53,2,0,0,0,3,278,0,0,0,0,0,1,3,0,0,0,539,0,0,539,0
13,239,0,24,147,1,1,0,0,3,356,0,0,0,0,0,5,6,2,0,1,785,0,2,787,0
14,192,4,26,149,1,3,1,0,3,418,0,0,0,1,1,6,10,0,1,1,817,0,0,817,0
15,130,2,16,94,2,0,0,2,0,265,0,0,1,0,0,3,9,1,1,1,527,0,0,527,0
16,253,0,12,97,1,0,1,1,2,350,1,1,0,2,1,3,53,0,0,0,778,0,4,782,0
17,245,2,7,34,0,1,0,0,1,232,0,0,0,0,0,0,8,0,0,0,530,0,0,530,0
18,206,1,11,184,1,1,0,1,1,262,0,0,1,1,1,2,5,1,1,0,680,0,2,682,0
19,257,1,20,130,3,1,0,1,0,313,0,1,1,1,3,10,13,0,0,0,755,0,3,758,0
20,568,1,13,53,0,0,0,0,1,219,0,1,0,0,2,0,28,0,0,0,886,0,5,891,0
21,366,1,17,86,2,0,0,0,0,191,0,0,1,0,0,0,30,0,0,0,694,0,1,695,0
22,77,1,10,165,0,0,0,1,1,202,1,0,0,0,0,1,3,0,0,2,464,0,0,464,0
23,283,1,16,102,0,1,2,0,1,300,0,0,0,0,0,0,9,0,1,0,716,0,2,718,0
24,89,0,4,108,1,2,1,0,0,133,0,1,2,0,0,2,6,1,1,1,352,0,2,354,0
25,166,1,15,116,2,0,0,0,0,265,0,0,3,0,1,1,5,0,0,0,575,0,2,577,0
26,137,2,23,144,0,0,1,0,0,270,0,1,1,0,0,2,7,1,0,1,590,0,0,590,0
27,349,3,10,76,3,0,0,1,3,249,0,1,1,1,1,2,49,0,1,0,750,0,2,752,0
28,290,1,26,126,0,0,1,0,0,388,0,0,1,1,0,1,5,1,0,0,841,0,3,844,0
29,195,2,23,153,0,0,0,0,0,346,0,0,0,0,0,0,1,0,0,1,721,0,3,724,0
30,114,1,23,130,1,0,0,1,1,399,0,0,0,0,0,1,4,0,0,0,675,0,4,679,0
31,118,0,31,95,0,0,0,0,0,328,0,0,0,0,0,3,3,1,0,1,580,0,1,581,0
32,169,1,17,67,1,0,0,0,1,265,0,1,0,2,1,1,3,1,0,0,530,0,1,531,0
33,246,0,27,135,3,0,1,0,0,264,0,0,0,1,0,2,2,0,0,0,681,0,2,683,0
34,186,1,20,132,2,2,0,0,0,274,2,1,0,0,0,0,3,0,0,0,623,0,1,624,0
35,94,0,21,205,3,0,0,0,2,361,0,0,2,0,1,5,3,0,0,1,698,0,0,698,0
36,187,1,19,161,0,0,0,0,0,237,0,0,0,3,1,7,1,0,0,0,617,0,2,619,0
37,92,0,12,115,0,0,0,0,0,213,0,1,2,0,1,0,3,0,0,0,439,0,1,440,0
38,148,0,18,145,2,0,0,0,2,348,0,0,0,0,0,0,3,0,0,0,666,0,0,666,0
39,102,0,21,117,0,0,0,0,1,313,0,1,0,0,0,1,1,0,0,0,557,0,1,558,0
40,164,0,37,125,1,1,0,0,0,452,2,1,1,3,0,2,5,0,2,0,796,0,4,800,0
41,220,2,41,223,4,1,0,1,0,422,1,1,0,0,1,2,2,0,0,1,922,0,5,927,0
42,126,0,15,183,1,0,0,0,2,320,0,0,0,2,6,3,4,0,0,1,663,0,2,665,0
43,113,1,29,179,1,0,0,0,0,355,3,0,0,2,1,3,1,0,2,0,690,0,3,693,0
44,159,0,21,109,0,0,0,0,1,214,0,0,0,0,1,2,4,0,1,0,512,0,0,512,0
45,135,1,31,139,1,0,0,0,1,219,0,1,0,0,0,1,1,0,0,1,531,0,2,533,0
46,155,1,25,212,2,0,1,0,0,328,0,1,2,0,0,1,2,0,0,1,731,0,6,737,0
47,113,0,21,172,0,0,0,3,2,353,0,1,0,0,0,2,3,1,0,2,673,0,4,677,0
48,157,0,24,215,2,0,0,0,0,230,0,1,0,0,0,2,2,0,0,1,634,0,2,636,0
49,137,2,14,145,0,0,0,0,0,259,0,0,2,1,0,0,0,0,0,1,561,0,3,564,0
50,156,2,16,138,0,0,0,0,0,353,0,0,0,1,0,1,4,0,0,0,671,0,2,673,0
51,148,3,19,169,2,0,0,0,0,322,0,1,0,0,0,3,2,0,0,1,670,0,3,673,0
52,96,0,8,79,1,0,0,0,0,215,1,0,0,0,0,4,2,1,0,1,408,0,4,412,0
53,102,0,29,137,0,0,0,1,0,265,0,0,0,3,0,0,0,0,0,1,538,0,1,539,0
54,110,1,23,109,0,0,0,1,0,275,0,0,0,0,1,1,1,0,0,1,523,0,5,528,0
55,231,1,18,139,1,0,0,0,0,365,1,0,1,1,2,1,4,0,1,1,767,0,2,769,0
56,124,1,24,163,1,0,1,0,0,325,0,0,0,0,1,1,1,0,0,1,643,0,2,645,0
57,118,1,13,178,1,1,0,0,0,241,0,0,0,1,0,1,0,2,1,0,558,0,6,564,0
58,142,1,33,185,0,0,0,0,1,363,1,1,0,0,0,0,0,0,0,2,729,0,5,734,0
59,223,1,25,210,2,1,1,1,2,449,0,0,2,0,2,6,1,0,0,0,926,0,1,927,0
60,168,3,21,178,3,1,0,0,1,306,0,0,0,1,1,0,0,0,0,0,683,0,2,685,0
61,132,2,29,190,1,3,1,0,0,294,0,0,1,2,0,1,1,0,0,1,658,0,3,661,0
62,165,0,20,163,1,0,0,1,1,399,0,0,1,0,0,3,4,1,1,0,760,0,1,761,0
63,125,1,23,121,0,0,0,0,0,269,0,0,0,0,1,0,1,0,0,4,545,0,1,546,0
64,159,2,19,156,1,0,2,0,0,357,0,0,1,0,0,2,1,0,0,1,701,0,7,708,0
65,121,5,14,145,1,0,1,0,0,268,0,1,0,2,0,1,1,0,0,0,560,0,3,563,0
66,126,2,13,97,1,0,1,0,1,258,0,0,0,2,0,0,0,0,0,0,501,0,1,502,0
67,124,1,23,164,2,0,0,0,3,277,0,0,1,0,0,2,1,0,0,2,600,0,10,610,0
68,ge 1117,1,12,160,0,0,0,0,0,185,0,0,0,0,1,0,1,0,0,4,481,0,3,484,0
69,154,1,17,138,0,0,0,0,0,235,0,1,0,1,1,2,2,0,1,0,553,0,5,558,0
70,160,0,24,114,3,0,0,0,0,259,0,0,0,0,2,2,0,0,0,1,565,0,4,569,0
71,67,0,8,86,0,0,0,1,1,180,0,0,0,0,0,0,0,0,0,0,343,0,1,344,0
72,174,0,31,182,1,0,0,0,1,329,1,1,0,3,0,0,4,0,0,0,727,0,5,732,0
73,162,0,17,187,1,0,1,0,0,297,0,1,0,0,0,0,3,0,0,0,669,0,2,671,0
74,155,2,20,212,0,0,0,4,1,386,0,0,0,2,0,1,1,0,0,1,785,0,2,787,0
75,132,0,17,153,1,0,0,1,1,257,0,0,0,0,0,1,1,1,1,0,566,0,6,572,0
76,176,0,30,272,1,2,1,1,1,397,0,0,0,1,0,2,2,0,1,1,888,0,4,892,0
77,191,0,5,75,0,0,0,1,0,137,0,0,0,0,0,2,0,0,0,0,411,0,2,413,0
78,141,2,38,121,3,1,0,1,0,294,0,0,0,1,0,0,2,0,2,2,608,0,2,610,0
79,162,2,31,178,1,0,0,2,0,389,1,0,0,0,0,1,3,1,0,1,772,0,5,777,0
80,117,0,23,128,0,0,0,0,1,318,0,2,0,0,1,5,2,0,1,2,600,0,4,604,0
81,159,1,31,250,2,1,0,0,0,380,0,0,1,3,0,0,2,0,1,0,831,0,3,834,0
82,130,1,29,150,0,0,0,0,1,299,0,0,0,0,0,1,2,0,0,1,614,0,2,616,0
83,134,0,28,204,1,0,0,2,1,395,0,3,0,1,0,2,4,1,1,0,777,0,3,780,0
84,170,1,16,126,3,1,1,0,1,252,0,0,0,0,0,3,2,0,2,0,578,0,3,581,0
85,247,0,15,161,2,0,1,0,3,325,1,1,1,1,2,7,2,0,0,1,770,0,1,771,0
86,90,1,5,175,0,1,0,1,1,168,0,0,0,0,0,0,1,0,1,0,444,0,2,446,0
87,82,0,11,173,0,0,0,0,0,165,1,0,0,2,1,0,0,1,0,0,436,0,6,442,0
88,182,2,28,155,0,1,1,1,0,322,0,0,1,0,0,0,1,0,0,0,694,0,3,697,0
89,164,4,30,157,2,0,1,1,1,385,0,0,0,0,2,0,3,0,0,1,751,0,6,757,0
90,93,0,19,97,0,2,0,0,0,214,0,0,1,0,1,2,1,0,0,1,431,0,6,437,0
91,156,0,16,154,2,0,0,0,1,269,0,0,0,2,3,4,1,0,1,1,610,0,4,614,0
92,128,0,23,182,0,0,0,0,0,285,3,0,0,0,2,1,0,0,0,0,624,0,2,626,0
93,96,1,10,119,4,0,0,1,0,203,0,0,0,0,0,0,0,0,1,0,435,0,0,435,0
94,147,1,27,194,1,0,1,0,0,299,2,1,0,0,0,0,1,0,1,1,676,0,10,686,0
95,149,1,12,171,1,1,1,0,0,262,1,0,1,0,0,0,2,0,0,0,602,0,2,604,0
96,80,1,19,110,0,0,0,0,0,176,0,0,1,1,0,3,0,0,1,1,393,0,5,398,0
97,115,0,22,201,1,1,0,0,1,262,0,0,3,1,0,1,2,0,0,0,610,0,6,616,0
98,108,0,19,206,0,0,0,0,1,235,2,0,0,0,0,0,0,0,0,0,571,0,1,572,0
99,71,0,15,116,0,0,0,2,1,138,0,0,0,0,0,0,0,0,1,1,345,0,3,348,0
100,120,0,10,100,1,0,0,0,0,238,1,0,0,1,0,0,0,0,0,1,472,0,0,472,0
101,106,3,16,121,1,0,0,0,1,302,0,0,0,0,2,1,1,0,0,0,554,0,1,555,0
102,91,2,26,149,3,1,1,1,1,233,0,0,1,1,0,1,3,0,0,0,514,0,1,515,0
103,64,0,14,89,0,0,0,0,0,178,0,0,0,0,0,0,1,0,0,0,346,0,1,347,0
104,177,1,29,101,1,0,0,0,1,277,0,0,0,0,1,2,1,0,0,0,591,0,7,598,0
105,162,1,18,136,0,0,0,0,1,211,0,0,0,0,0,0,1,0,2,0,532,0,7,539,0
106,158,1,25,132,1,0,1,1,0,203,0,0,1,1,1,1,0,0,0,1,527,0,5,532,0
107,160,0,18,48,1,0,0,0,0,174,0,0,0,0,0,1,1,0,0,0,403,0,2,405,0
108,114,1,23,262,2,0,0,1,0,253,2,0,0,0,2,1,1,0,0,3,665,0,5,670,0
109,93,0,14,286,0,0,0,0,0,292,1,0,1,0,0,1,0,0,0,0,688,0,5,693,0
110,171,1,36,265,3,0,1,1,0,374,0,0,0,0,0,2,1,0,1,0,856,0,2,858,0
111,133,2,24,314,0,1,0,0,0,233,0,0,0,0,0,0,0,0,0,0,707,0,5,712,0
112,236,1,16,167,1,1,1,0,0,166,0,0,1,0,0,0,0,0,0,0,590,0,8,598,0
113,167,3,19,78,0,0,0,0,0,106,0,0,0,0,0,0,2,0,1,0,376,0,4,380,0
114,124,2,19,130,0,1,0,0,0,290,0,0,0,0,0,1,2,1,0,4,574,0,1,575,0
115,105,1,20,129,0,1,0,1,1,270,0,0,1,0,2,4,2,0,2,0,539,0,1,540,0
116,237,1,21,176,1,0,0,1,0,266,0,0,0,0,1,0,4,0,0,0,708,0,1,709,0
117,324,1,17,103,0,0,0,1,0,359,0,1,0,2,0,1,3,0,1,0,813,0,6,819,0
118,235,1,15,176,0,1,0,0,3,339,0,1,0,1,1,4,0,0,0,0,777,0,7,784,0
119,162,2,30,167,1,0,1,1,1,342,0,0,0,0,2,1,0,0,0,0,710,0,2,712,0
120,182,2,20,204,4,1,1,1,0,327,0,1,0,0,1,0,4,0,0,0,748,0,1,749,0
121,150,2,30,172,0,0,1,1,0,294,0,0,0,1,0,0,1,1,0,1,654,0,6,660,0
122,148,0,16,122,0,0,1,0,1,319,0,0,2,1,0,2,0,1,0,1,614,0,4,618,0
123,188,2,17,162,1,0,0,0,2,349,0,0,2,2,1,3,1,0,1,0,731,0,1,732,0
124,167,0,29,159,1,1,2,0,2,418,0,0,0,2,0,2,2,0,0,1,786,0,0,786,0
125,225,0,23,121,2,0,0,0,1,233,0,0,1,0,2,1,2,0,0,2,613,0,5,618,0
126,127,1,28,111,0,2,0,0,1,241,0,1,0,0,0,1,0,0,0,0,513,0,1,514,0
127,158,0,22,113,0,1,0,1,2,241,0,0,0,0,1,6,1,0,0,0,546,0,6,552,0
128,154,0,32,107,1,0,1,0,0,300,0,0,2,1,2,0,1,0,0,1,602,0,2,604,0
129,119,3,24,189,2,0,0,0,0,293,0,0,2,1,2,1,3,1,0,3,643,0,2,645,0
130,155,1,18,132,1,0,0,1,0,265,0,0,0,0,0,3,3,0,0,2,581,0,1,582,0
131,160,1,17,144,0,0,0,1,1,224,0,0,1,1,0,0,0,0,0,0,550,0,2,552,0
132,158,3,30,146,3,0,0,1,1,319,0,0,0,0,0,1,1,0,0,0,663,0,0,663,0
133,120,0,41,156,2,1,0,1,2,281,0,0,1,0,0,1,2,1,1,0,610,0,5,615,0
134,132,1,26,108,1,0,0,1,0,367,1,1,0,0,1,2,2,0,0,1,644,0,4,648,0
135,137,2,39,127,0,0,2,0,3,378,1,2,2,3,1,1,0,0,0,2,700,0,5,705,0
136,ge 2151,2,28,172,0,0,0,1,0,286,0,0,0,0,2,0,2,0,2,0,646,0,2,648,0
137,127,0,16,116,0,1,0,0,0,237,0,1,2,0,1,1,1,1,0,0,504,0,4,508,0
138,166,1,25,146,1,1,0,0,0,307,0,1,0,0,2,1,3,0,0,0,654,0,4,658,0
139,91,1,13,169,0,0,1,1,0,248,1,0,1,1,2,1,1,0,1,0,532,0,3,535,0
140,137,1,17,111,3,0,0,0,1,203,0,1,0,1,0,1,0,0,0,0,476,0,2,478,0
141,193,2,25,199,1,0,0,0,1,362,0,0,1,0,1,0,1,0,1,4,791,0,3,794,0
142,205,1,26,207,2,0,0,0,1,304,0,0,1,1,0,0,0,1,0,0,749,0,5,754,0
143,158,2,36,137,1,0,0,1,0,367,0,0,0,2,0,2,4,1,0,2,713,0,3,716,0
144,141,0,14,139,1,0,0,0,2,172,1,0,0,0,0,0,2,0,0,0,472,0,6,478,0
145,189,0,28,161,1,0,1,0,0,336,0,0,0,0,1,0,6,0,0,0,723,0,7,730,0
146,209,0,26,141,1,0,0,0,0,295,0,0,1,0,0,0,1,0,0,1,675,0,4,679,0
147,173,0,17,107,0,1,0,0,0,183,0,0,0,0,0,0,2,0,0,2,485,0,6,491,0
148,164,1,19,141,0,0,1,1,1,339,0,0,0,1,0,0,1,0,0,1,670,0,5,675,0
149,122,1,28,155,1,1,1,1,0,312,1,0,1,0,0,3,1,0,1,0,629,0,2,631,0
150,181,0,23,143,3,0,0,0,0,292,1,0,0,0,0,0,1,0,1,0,645,0,3,648,0
151,299,3,4,230,2,0,0,0,4,369,1,0,0,0,0,1,6,0,0,3,922,0,1,923,0
152,345,2,0,150,1,0,0,2,1,409,1,0,1,2,0,3,6,0,0,2,925,0,2,927,0
153,265,2,33,133,1,0,0,1,0,276,0,0,0,3,0,0,1,0,0,1,716,0,5,721,0
154,285,1,11,106,2,0,0,0,0,241,0,0,0,0,0,0,4,0,0,0,650,0,1,651,0
155,495,1,13,111,0,0,1,0,1,265,0,0,0,1,0,0,10,0,0,0,898,0,5,903,0
156,215,1,21,165,0,0,1,0,0,289,0,0,0,1,0,0,1,1,0,0,695,0,5,700,0
157,181,3,25,95,1,0,0,0,2,304,0,1,0,0,1,4,4,0,0,0,621,0,7,628,0
158,195,0,6,63,0,0,0,0,0,200,0,0,0,0,1,0,1,1,0,0,467,0,3,470,0
159,92,0,21,127,3,0,0,0,0,161,0,0,0,0,0,1,1,0,0,0,406,0,6,412,0
160,166,1,13,127,2,0,0,0,0,243,0,0,0,2,0,1,1,0,0,0,556,0,2,558,0
161,144,0,27,211,0,0,1,1,0,248,0,0,0,0,0,0,0,0,1,0,633,0,5,638,0
162,133,2,27,187,0,2,1,0,0,234,1,0,0,0,0,0,2,0,0,1,590,0,6,596,0
163,114,1,23,264,1,1,0,0,0,277,0,0,0,0,1,0,1,0,0,3,686,0,6,692,0
164,111,0,22,149,2,0,0,1,1,224,3,0,0,1,1,2,0,0,0,6,523,0,0,523,0
165,144,2,27,301,2,1,0,1,1,290,1,0,1,2,0,0,0,0,0,1,774,0,4,778,0
166,161,1,19,235,0,0,0,0,0,266,0,0,0,0,1,2,0,0,0,4,689,0,5,694,0
167,146,3,14,243,2,1,0,1,0,253,3,0,0,1,1,1,0,0,0,3,672,0,10,682,0
168,194,0,35,138,1,1,2,1,0,330,0,0,1,2,1,0,1,0,0,1,708,0,7,715,0
169,160,1,21,142,1,1,0,1,1,264,0,1,0,0,0,1,0,1,0,3,598,0,6,604,0
170,108,2,14,146,3,0,0,0,0,187,0,0,0,0,0,0,2,0,2,3,467,0,6,473,0
171,115,0,13,211,2,0,0,0,0,130,0,0,0,0,1,0,0,1,0,0,473,0,7,480,0
172,289,1,5,105,0,0,0,0,1,124,1,1,0,1,0,1,1,0,0,0,530,0,4,534,0
173,260,0,8,76,1,0,0,0,0,94,0,0,0,0,0,1,2,0,0,1,443,0,5,448,0
174,231,0,12,173,1,0,2,0,0,202,0,0,0,0,0,0,0,0,0,0,621,0,4,625,0
175,207,3,4,123,1,0,2,0,1,120,0,0,0,0,0,0,3,0,0,0,464,0,6,470,0
176,137,1,7,135,1,0,0,0,0,96,1,0,0,0,1,1,2,0,0,0,382,0,5,387,0
177,279,3,15,95,0,0,0,0,1,225,0,0,0,0,0,0,6,0,0,1,625,0,3,628,0
178,304,1,14,152,1,0,0,0,2,193,0,0,0,0,0,2,3,0,0,0,672,0,3,675,0
179,129,0,9,165,0,0,0,1,0,170,0,0,2,0,1,2,4,0,0,0,483,0,4,487,0
180,89,0,10,106,0,0,0,0,0,118,0,0,1,1,0,0,5,0,0,0,330,0,0,330,0
181,207,1,18,212,0,0,0,0,0,334,0,0,0,0,0,1,2,0,0,0,775,0,5,780,0
182,158,0,8,108,1,0,0,1,1,181,0,0,0,0,0,1,2,0,0,0,461,0,2,463,0
183,134,2,18,126,0,0,1,2,0,225,0,0,0,0,2,3,2,1,0,0,516,0,3,519,0
184,110,0,14,169,0,0,0,1,2,346,1,0,1,0,2,1,1,0,0,0,648,0,1,649,0
185,150,0,29,121,0,0,1,0,1,375,0,1,0,0,1,3,2,0,1,0,685,0,4,689,0
186,173,0,30,165,0,0,0,0,0,402,0,1,1,1,0,2,1,0,0,0,776,0,5,781,0
187,136,1,16,145,1,0,0,1,1,278,0,0,0,0,0,0,2,0,0,0,581,0,2,583,0
188,119,0,18,109,0,0,0,0,2,294,0,0,0,1,0,0,0,0,0,0,543,0,0,543,0
189,223,2,25,152,1,0,0,0,0,340,0,0,0,1,0,2,2,1,2,1,752,0,5,757,0
190,164,0,23,182,0,0,0,0,3,404,0,0,0,1,0,1,5,0,0,0,783,0,2,785,0
191,172,1,11,153,1,0,0,0,0,281,0,0,2,0,0,1,0,1,1,0,624,0,11,635,0
192,96,0,6,142,1,0,0,0,0,151,1,0,0,0,2,2,1,2,0,0,404,0,2,406,0
193,100,0,16,264,0,0,0,0,2,172,0,0,0,1,0,1,1,0,0,0,557,0,7,564,0
194,138,1,13,229,1,0,1,0,1,247,0,0,0,0,1,1,2,0,0,0,635,0,4,639,0
195,277,2,27,133,0,0,1,0,0,350,1,0,0,2,0,0,0,0,0,0,793,0,3,796,0
196,177,2,21,117,1,0,0,0,0,275,1,0,0,0,0,3,0,0,0,0,597,0,5,602,0
197,113,1,17,173,0,0,0,1,3,297,0,1,1,1,1,1,0,0,1,1,612,0,3,615,0
198,161,0,9,179,2,1,0,0,0,217,0,0,0,0,1,1,2,1,1,2,577,0,7,584,0
199,174,0,13,206,2,0,0,1,0,251,0,0,1,1,1,0,1,0,0,2,653,0,5,658,0
200,425,1,23,141,1,0,0,1,1,260,0,0,0,2,1,2,1,0,0,1,860,0,5,865,0
201,306,2,14,183,3,0,0,0,4,366,0,0,0,1,1,2,2,0,0,1,885,0,4,889,0
202,161,1,17,102,0,0,0,0,1,185,0,0,0,0,0,0,4,0,0,1,472,0,1,473,0
203,136,2,24,119,0,1,0,0,0,174,0,0,0,1,0,0,1,0,1,2,461,0,3,464,0
204,ge 3241,0,6,54,1,0,0,0,1,191,0,0,0,1,0,4,2,0,1,0,502,0,2,504,0
205,267,1,8,54,0,0,2,0,0,217,1,0,0,0,0,3,1,0,0,1,555,0,1,556,0
206,221,2,14,77,1,0,0,1,0,317,0,0,0,0,0,1,1,0,0,0,635,0,3,638,0
207,207,2,13,99,0,0,0,0,0,447,0,0,0,0,0,2,2,0,0,0,772,0,0,772,0
208,270,3,9,102,1,0,0,0,2,264,0,0,0,0,0,1,2,0,0,0,654,0,6,660,0
209,257,2,10,95,1,1,1,1,0,331,0,0,0,0,0,3,4,0,0,0,706,0,2,708,0
210,124,3,22,142,0,0,0,0,0,191,1,0,1,1,0,1,0,0,0,1,487,0,4,491,0
211,104,1,25,112,0,0,0,0,0,159,0,0,0,0,0,0,4,0,0,0,405,0,2,407,0
212,147,1,23,144,0,0,3,0,2,205,1,0,0,0,0,1,1,1,1,1,531,0,5,536,0
213,165,0,27,238,0,1,0,1,0,302,0,0,0,0,2,1,3,1,0,3,744,0,4,748,0
214,109,0,22,173,0,0,0,0,0,267,0,1,0,0,0,2,3,1,0,1,579,0,6,585,0
215,100,0,17,150,0,0,0,0,1,196,0,0,0,1,0,0,3,0,0,3,471,0,7,478,0
216,124,1,21,217,1,0,0,0,3,241,1,0,0,0,0,3,2,0,0,1,615,0,6,621,0
217,126,0,16,243,0,1,0,0,0,277,1,0,1,0,0,0,1,0,0,0,666,0,4,670,0
218,154,1,19,171,0,0,0,0,0,312,1,0,0,2,0,1,0,0,0,0,661,0,1,662,0
219,135,1,24,204,0,0,0,0,2,158,0,0,0,1,0,1,0,1,1,2,530,0,3,533,0
220,171,1,30,228,0,0,0,0,0,258,0,0,1,1,0,0,1,0,0,4,695,0,10,705,0
221,219,3,35,204,2,0,1,0,1,324,0,0,0,1,0,1,0,0,0,15,806,0,5,811,0
222,150,0,24,235,1,2,1,1,0,187,0,0,1,1,0,0,0,0,0,0,603,0,7,610,0
223,241,2,15,63,1,0,0,0,0,276,0,0,1,0,1,1,3,0,1,1,606,0,2,608,0
224,252,0,25,176,2,3,0,0,1,379,0,0,1,0,0,1,1,0,0,2,843,0,3,846,0
225,186,1,14,143,1,0,1,1,0,382,0,0,3,0,0,1,1,0,0,1,735,0,3,738,0
226,181,1,16,106,1,0,0,0,1,226,1,0,0,0,0,0,0,0,0,2,535,0,3,538,0
227,156,0,34,142,0,1,0,0,0,206,0,0,0,1,0,1,0,0,0,0,541,0,2,543,0
228,215,0,22,141,3,0,0,1,2,258,0,0,0,0,0,0,5,0,0,0,647,0,3,650,0
229,173,1,12,97,0,0,0,0,0,334,0,0,1,0,2,4,1,0,0,1,626,0,2,628,0
230,140,0,20,194,2,0,0,0,1,240,0,0,0,0,0,0,0,0,0,2,599,0,4,603,0
231,137,1,14,90,0,0,0,0,0,173,0,0,2,0,1,1,0,0,0,6,425,0,3,428,0
232,123,0,19,86,0,0,0,0,0,115,0,0,0,0,0,1,0,0,0,0,344,0,1,345,0
233,173,1,18,139,1,0,0,0,0,217,0,0,0,2,1,0,5,0,0,0,557,0,3,560,0
234,150,0,12,111,0,0,2,0,0,181,0,0,0,1,0,0,2,0,0,0,459,0,2,461,0
235,165,2,23,102,0,1,2,0,0,204,0,0,1,1,0,0,1,0,0,0,502,0,5,507,0
236,172,0,27,139,0,2,1,0,0,308,0,0,0,3,2,1,0,1,0,1,657,0,2,659,0
237,202,5,16,151,2,0,1,0,0,231,1,0,1,1,2,1,1,1,0,0,616,0,3,619,0
238,189,0,24,107,0,0,1,0,3,296,1,0,0,0,0,1,2,0,0,2,626,0,1,627,0
239,188,2,17,153,1,0,0,0,1,454,0,0,1,1,0,7,3,1,0,0,829,0,0,829,0
240,103,0,12,191,0,0,0,0,0,133,0,0,0,1,0,1,0,0,0,3,444,0,1,445,0
241,82,0,8,124,0,0,0,0,0,108,0,1,0,0,1,1,1,0,0,2,328,0,1,329,0
242,102,1,7,143,0,0,0,1,0,255,0,0,0,0,0,3,4,0,0,0,516,0,3,519,0
243,134,0,14,205,0,0,1,0,0,260,0,0,0,0,1,0,1,0,1,1,618,0,6,624,0
244,144,1,19,207,1,0,0,0,1,175,0,0,1,0,0,1,0,0,0,0,550,0,4,554,0
245,131,0,14,124,0,0,0,0,0,119,0,0,0,0,0,0,1,0,0,0,389,0,4,393,0
246,188,1,22,242,2,0,0,0,1,181,0,0,0,0,2,0,0,0,0,0,639,0,2,641,0
247,244,1,23,170,1,1,1,0,2,340,0,0,1,0,1,0,1,0,0,0,786,0,2,788,0
248,167,2,16,181,0,1,0,0,2,281,0,0,0,0,1,0,0,0,0,0,651,0,2,653,0
249,135,0,11,118,1,0,0,0,2,167,0,0,0,1,0,0,2,0,0,0,437,0,3,440,0
250,164,0,15,105,0,0,0,0,1,234,0,0,0,0,2,0,2,0,1,0,524,0,7,531,0
251,247,1,15,151,1,0,0,0,0,318,0,0,0,0,0,1,2,0,0,0,736,0,5,741,0
252,149,1,10,77,0,0,2,0,0,163,0,0,0,0,0,0,2,1,1,0,406,0,2,408,0
253,268,3,12,131,0,0,0,0,1,245,0,0,0,0,0,1,6,0,0,1,668,0,7,675,0
254,202,1,13,96,0,0,0,1,3,248,0,0,0,0,1,0,3,0,0,0,568,0,3,571,0
255,232,1,4,209,0,0,0,0,1,211,1,0,1,0,0,3,3,0,0,2,668,0,3,671,0
256,249,1,13,121,1,0,0,0,1,374,1,1,1,2,1,1,3,0,0,1,771,0,0,771,0
257,277,2,10,165,0,0,0,0,1,387,0,0,0,0,0,0,2,1,0,0,845,0,1,846,0
258,40,1,15,57,1,0,0,1,0,70,1,0,1,0,0,0,0,0,1,0,188,0,3,191,0
259,225,1,25,89,1,0,0,0,0,264,0,0,0,0,0,0,1,0,0,0,606,0,0,606,0
