Polling Station No,M. SEKAR,S.THIRUMURUGAN,R. VAITHILINGAM,DR. K. ARVIND,C. GUNASEKARAN,M. SELVARAJ,A. AJESHKANNAN,M. KANAGARAJ,T. VIJAYAKUMAR,Total Valid Votes,Rejected Votes,NOTA,Total,Tendered Votes
1,94,35,224,208,1,0,1,0,0,563,0,1,564,0
2,55,43,313,269,0,1,2,2,1,686,0,4,690,0
3,99,35,207,364,1,1,0,1,2,710,0,0,710,0
4,65,18,171,251,0,1,1,2,0,509,0,2,511,0
5,44,12,159,159,0,0,0,0,0,374,0,0,374,0
6,66,15,148,304,1,0,0,0,0,534,0,2,536,0
7,80,42,252,317,2,0,0,0,0,693,0,2,695,0
8,71,45,172,331,1,0,0,0,1,621,0,1,622,0
9,36,13,110,162,0,1,1,0,0,323,0,1,324,0
10,67,34,244,258,1,2,0,0,2,608,0,1,609,0
11,51,31,161,221,0,1,0,0,0,465,0,1,466,0
12,122,49,367,223,3,2,0,8,0,774,0,3,777,0
13,101,54,413,328,1,3,1,5,0,906,0,4,910,0
14,137,26,295,308,5,3,1,1,0,776,0,7,783,0
15,162,30,377,224,12,1,1,1,2,810,0,2,812,0
16,50,31,288,222,0,0,0,0,1,592,0,2,594,0
17,102,37,322,272,1,3,0,0,0,737,0,5,742,0
18,41,31,248,134,1,0,0,3,0,458,0,1,459,0
19,81,18,208,234,0,0,1,3,0,545,0,2,547,0
20,96,32,289,149,0,1,2,1,2,572,0,2,574,0
21,160,32,267,242,0,0,2,1,2,706,0,0,706,0
22,122,15,238,124,1,0,1,1,0,502,0,0,502,0
23,83,11,285,125,2,0,1,2,0,509,0,2,511,0
24,134,20,283,210,2,0,5,1,0,655,0,3,658,0
25,138,26,268,174,0,0,2,2,0,610,0,1,611,0
26,140,39,365,291,4,1,2,2,1,845,0,2,847,0
27,190,19,271,215,1,2,1,1,0,700,0,2,702,0
28,108,37,325,254,2,1,1,3,1,732,0,3,735,0
29,163,69,365,199,1,1,0,3,2,803,0,0,803,0
30,124,57,306,264,1,5,1,1,1,760,0,4,764,0
31,201,30,309,176,1,0,1,1,2,721,0,0,721,0
32,74,26,186,141,1,1,1,1,1,432,0,1,433,0
33,137,29,292,213,3,1,4,2,1,682,0,2,684,0
34,197,36,317,279,4,2,2,1,4,842,0,4,846,0
35,146,36,231,265,2,1,3,0,5,689,0,5,694,0
36,159,84,316,297,1,1,0,1,1,860,0,3,863,0
37,149,23,224,208,4,1,0,2,0,611,0,2,613,0
38,69,27,264,141,0,0,0,0,2,503,0,0,503,0
39,215,34,264,138,0,1,1,2,2,657,0,5,662,0
40,69,33,279,185,4,1,0,1,6,578,0,0,578,0
41,87,38,201,163,1,0,0,1,10,501,0,1,502,0
42,186,69,356,250,1,3,0,1,1,867,0,3,870,0
43,45,11,258,149,1,2,2,0,0,468,0,0,468,0
44,137,31,195,195,0,2,1,0,1,562,0,2,564,0
45,104,35,155,193,0,0,0,2,0,489,0,1,490,0
46,91,28,249,115,0,0,0,1,0,484,0,2,486,0
47,101,38,196,166,1,0,1,2,1,506,0,2,508,0
48,78,72,289,230,1,1,1,1,5,678,0,3,681,0
49,85,38,205,327,5,3,1,1,1,666,0,4,670,0
50,158,28,218,111,0,0,0,0,1,516,0,0,516,0
51,149,16,252,120,0,0,2,0,0,539,0,2,541,0
52,127,4,178,73,1,0,0,2,1,386,0,0,386,0
53,142,23,171,93,1,2,1,0,0,433,0,3,436,0
54,218,56,383,205,2,1,0,0,0,865,0,2,867,0
55,258,25,338,238,3,0,0,0,2,864,0,2,866,0
56,98,42,162,69,2,0,1,0,0,374,0,1,375,0
57,100,21,158,179,0,1,2,4,2,467,0,1,468,0
58,188,79,310,180,8,1,0,1,1,768,0,7,775,0
59,167,43,236,273,1,3,1,0,2,726,0,4,730,0
60,129,22,275,144,0,0,0,1,3,574,0,3,577,0
61,205,50,264,139,1,0,0,0,0,659,0,6,665,0
62,237,86,298,243,1,0,0,1,1,867,0,4,871,0
63,197,59,244,154,5,1,3,0,1,664,0,1,665,0
64,215,76,217,250,0,0,2,0,3,763,0,2,765,0
65,146,50,436,241,2,0,0,1,0,876,0,0,876,0
66,84,15,199,85,0,0,0,0,2,385,0,2,387,0
67,174,34,417,255,1,0,1,1,0,883,0,1,884,0
68,81,25,225,166,0,0,0,0,0,497,0,1,498,0
69,171,54,344,325,2,1,3,1,3,904,0,0,904,0
70,116,23,398,171,1,0,0,2,0,711,0,5,716,0
71,221,37,379,230,3,0,0,2,0,872,0,3,875,0
72,127,41,256,133,3,0,0,1,0,561,0,4,565,0
73,113,17,304,139,0,0,0,0,0,573,0,2,575,0
74,168,28,449,144,0,0,0,1,2,792,0,2,794,0
75,148,30,361,200,3,0,3,1,1,747,0,2,749,0
76,146,67,222,191,0,3,2,2,2,635,0,3,638,0
77,215,9,345,88,5,0,1,1,1,665,0,0,665,0
78,61,20,164,57,2,0,1,0,4,309,0,2,311,0
79,217,47,334,338,2,0,0,4,1,943,0,3,946,0
80,128,39,346,289,2,3,1,1,0,809,0,2,811,0
81,123,28,276,167,2,0,0,1,1,598,0,3,601,0
82,176,25,282,157,1,0,0,2,0,643,0,5,648,0
83,145,11,369,106,0,0,0,1,2,634,0,5,639,0
84,153,17,292,119,1,0,0,1,0,583,0,2,585,0
85,132,28,284,136,0,0,0,4,0,584,0,2,586,0
86,131,38,324,172,1,1,2,6,1,676,0,3,679,0
87,98,23,240,190,1,0,1,0,1,554,0,0,554,0
88,128,26,296,117,0,0,0,1,0,568,0,0,568,0
89,138,38,393,347,1,4,2,3,0,926,0,4,930,0
90,143,35,430,181,1,1,0,1,3,795,0,5,800,0
91,193,48,385,303,2,2,1,0,1,935,0,2,937,0
92,145,17,222,194,0,1,1,1,2,583,0,1,584,0
93,130,32,226,164,3,1,2,1,2,561,0,2,563,0
94,83,21,200,80,0,1,0,0,3,388,0,1,389,0
95,151,31,186,176,4,1,2,1,1,553,0,1,554,0
96,77,16,282,154,2,2,0,1,1,535,0,4,539,0
97,90,17,236,134,1,0,1,0,3,482,0,6,488,0
98,71,25,237,180,2,1,0,0,0,516,0,2,518,0
99,109,31,164,111,2,1,0,0,1,419,0,4,423,0
100,119,22,240,130,1,2,0,2,1,517,0,1,518,0
101,92,43,281,193,11,0,0,1,0,621,0,4,625,0
102,124,59,304,170,1,0,1,0,0,659,0,1,660,0
103,232,25,345,218,3,1,0,1,0,825,0,1,826,0
104,92,25,161,171,0,0,2,1,0,452,0,1,453,0
105,90,30,215,135,0,0,1,3,0,474,0,1,475,0
106,114,30,376,198,0,3,2,1,1,725,0,2,727,0
107,120,25,206,155,1,2,1,0,2,512,0,0,512,0
108,123,32,271,181,1,1,0,0,0,609,0,2,611,0
109,151,45,280,220,1,5,1,3,3,709,0,2,711,0
110,107,19,192,95,0,0,0,1,0,414,0,3,417,0
111,211,32,332,183,3,2,2,0,1,766,0,1,767,0
112,109,8,264,130,0,1,0,0,0,512,0,1,513,0
113,245,21,258,172,1,1,1,1,1,701,0,1,702,0
114,152,23,305,118,2,0,0,1,0,601,0,2,603,0
115,134,14,277,175,2,0,0,0,1,603,0,4,607,0
116,184,29,298,131,0,1,0,0,1,644,0,0,644,0
117,141,49,320,150,12,3,1,1,1,678,0,5,683,0
118,134,62,300,135,1,8,0,0,1,641,0,4,645,0
119,123,58,277,114,0,0,0,2,0,574,0,1,575,0
120,84,21,244,71,0,0,0,0,1,421,0,2,423,0
121,47,18,184,76,0,3,0,1,1,330,0,2,332,0
122,94,31,330,163,2,0,0,0,2,622,0,2,624,0
123,97,62,392,158,2,3,0,0,0,714,0,0,714,0
124,79,38,338,114,1,0,1,3,1,575,0,0,575,0
125,82,68,432,151,0,1,0,0,0,734,0,4,738,0
126,90,33,240,127,0,0,2,0,0,492,0,2,494,0
127,70,30,364,111,1,0,0,0,1,577,0,0,577,0
128,132,26,307,79,0,7,0,1,0,552,0,2,554,0
129,182,25,302,49,0,2,0,0,1,561,0,0,561,0
130,194,30,267,97,0,0,0,0,0,588,0,1,589,0
131,140,34,378,182,1,0,2,2,1,740,0,2,742,0
132,93,27,292,93,0,1,0,3,1,510,0,3,513,0
133,54,20,319,96,0,2,2,1,2,496,0,1,497,0
134,72,18,181,237,0,1,1,2,1,513,0,3,516,0
135,86,42,288,158,1,4,0,1,0,580,0,5,585,0
136,165,26,304,111,0,4,0,1,0,611,0,5,616,0
137,140,31,358,157,1,2,0,0,1,690,0,4,694,0
138,104,24,273,150,1,2,1,0,0,555,0,0,555,0
139,135,35,332,227,2,1,1,2,1,736,0,4,740,0
140,160,38,470,222,1,0,0,1,0,892,0,4,896,0
141,251,39,280,180,0,4,0,0,2,756,0,4,760,0
142,163,47,272,102,1,5,0,2,0,592,0,3,595,0
143,138,34,375,170,1,0,2,2,0,722,0,2,724,0
144,208,21,286,194,1,1,2,2,1,716,0,2,718,0
145,129,57,414,192,1,2,1,2,1,799,0,0,799,0
146,157,31,309,104,1,1,1,0,0,604,0,4,608,0
147,205,47,427,212,3,1,0,1,2,898,0,2,900,0
148,139,70,280,209,8,0,0,1,0,707,0,2,709,0
149,237,54,371,177,2,7,0,2,0,850,0,5,855,0
150,183,20,185,269,3,4,4,1,3,672,0,3,675,0
151,158,47,403,158,0,0,0,3,2,771,0,4,775,0
152,96,41,191,118,2,1,1,1,1,452,0,2,454,0
153,155,34,273,133,2,26,1,0,0,624,0,2,626,0
154,144,38,189,114,1,0,2,2,1,491,0,2,493,0
155,84,52,250,151,2,0,8,2,1,550,0,1,551,0
156,88,17,172,123,0,2,8,2,0,412,0,3,415,0
157,130,43,308,197,0,1,0,2,2,683,0,1,684,0
158,71,20,144,90,1,2,0,1,0,329,0,1,330,0
159,154,25,362,138,1,0,2,0,1,683,0,3,686,0
160,92,43,218,198,0,3,1,3,1,559,0,3,562,0
161,105,28,176,138,1,1,4,6,0,459,0,3,462,0
162,153,32,379,217,0,2,1,3,1,788,0,2,790,0
163,164,27,371,166,0,3,0,2,1,734,0,3,737,0
164,120,20,264,161,1,2,0,2,2,572,0,3,575,0
165,110,31,357,146,1,0,0,2,1,648,0,3,651,0
166,106,17,296,135,0,0,0,0,0,554,0,1,555,0
167,180,23,201,117,2,0,2,1,1,527,0,0,527,0
168,156,43,297,107,1,0,2,0,0,606,0,2,608,0
169,72,38,146,164,0,3,1,0,0,424,0,1,425,0
170,108,25,308,116,1,5,2,1,0,566,0,1,567,0
171,121,51,323,220,4,8,1,2,2,732,0,4,736,0
172,228,26,313,295,0,4,3,0,3,872,0,3,875,0
173,223,47,296,181,1,2,0,0,1,751,0,3,754,1
174,122,33,327,183,3,3,4,2,0,677,0,3,680,0
175,180,42,442,189,2,2,1,5,2,865,0,1,866,0
176,124,22,206,125,1,1,0,0,2,481,0,0,481,0
177,229,34,398,174,0,2,1,1,0,839,0,3,842,0
178,146,14,168,173,2,0,1,0,0,504,0,2,506,0
179,189,14,103,154,1,5,1,2,0,469,0,3,472,0
180,145,30,227,179,1,1,1,2,1,587,0,0,587,0
181,106,25,204,130,0,0,0,0,0,465,0,3,468,0
182,279,24,203,167,0,0,1,0,0,674,0,2,676,0
183,301,36,262,128,0,1,0,1,1,730,0,2,732,0
184,102,11,149,170,0,2,0,0,1,435,0,0,435,0
185,271,23,262,239,0,1,1,0,1,798,0,3,801,0
186,190,15,250,225,0,1,1,3,0,685,0,2,687,0
187,142,24,215,295,1,0,2,2,1,682,0,7,689,0
188,188,17,212,109,0,0,1,0,0,527,0,1,528,0
189,212,10,209,124,0,1,0,0,0,556,0,0,556,0
190,174,14,166,102,1,0,0,2,0,459,0,0,459,0
191,178,21,173,158,0,0,0,0,0,530,0,2,532,0
192,111,8,311,142,0,0,1,0,1,574,0,3,577,0
193,59,20,272,84,2,0,0,1,2,440,0,0,440,0
194,171,13,354,164,0,0,0,0,0,702,0,3,705,0
195,131,38,288,121,1,1,0,0,0,580,0,3,583,0
196,146,50,231,91,2,1,0,1,2,524,0,2,526,0
197,225,29,234,99,2,1,0,0,2,592,0,3,595,0
198,119,18,321,173,0,0,0,1,1,633,0,1,634,0
199,144,20,187,311,1,4,2,0,0,669,0,0,669,0
200,106,17,180,178,0,0,1,4,0,486,0,2,488,0
201,124,30,288,129,2,0,2,1,1,577,0,5,582,0
202,163,42,377,203,2,6,2,1,0,796,0,0,796,0
203,87,58,413,201,1,3,0,2,2,767,0,2,769,0
204,100,53,328,139,1,2,0,0,2,625,0,3,628,0
205,111,43,265,136,1,2,1,3,3,565,0,3,568,0
206,91,21,198,69,2,1,0,0,0,382,0,1,383,0
207,99,20,243,129,0,0,0,0,1,492,0,1,493,0
208,124,29,212,151,0,1,1,2,0,520,0,0,520,0
209,100,25,186,129,1,0,0,1,1,443,0,1,444,0
210,171,32,331,125,0,8,2,5,0,674,0,1,675,0
211,164,21,293,54,0,0,0,1,0,533,0,2,535,0
212,203,32,369,194,0,0,0,2,1,801,0,2,803,0
213,170,23,243,106,1,2,0,0,1,546,0,1,547,0
214,177,48,415,179,3,0,1,2,2,827,0,3,830,0
215,142,48,338,178,1,2,1,1,0,711,0,0,711,0
216,144,33,328,230,2,2,0,2,1,742,0,3,745,0
217,161,40,249,212,0,1,0,0,0,663,0,3,666,0
218,98,52,219,173,2,0,0,2,0,546,0,4,550,0
219,67,31,199,130,0,0,1,0,0,428,0,0,428,0
220,131,41,334,129,0,0,1,2,0,638,0,4,642,0
221,141,30,303,131,2,4,1,2,0,614,0,1,615,0
222,135,59,410,182,0,0,1,2,0,789,0,3,792,0
223,130,34,292,112,1,1,1,1,0,572,0,0,572,0
224,145,21,319,104,0,0,1,0,1,591,0,0,591,0
225,121,69,272,172,0,1,1,2,1,639,0,2,641,0
226,158,63,353,142,1,2,2,0,1,722,0,1,723,0
227,114,49,270,88,1,2,0,1,0,525,0,0,525,0
228,126,44,279,127,0,0,0,1,0,577,0,3,580,0
229,153,37,357,121,2,2,0,1,0,673,0,1,674,0
230,162,31,188,134,1,0,1,1,0,518,0,1,519,0
231,162,45,255,95,0,1,0,2,0,560,0,0,560,0
232,142,54,271,154,1,3,1,3,1,630,0,2,632,0
233,169,34,283,126,0,0,0,0,0,612,0,2,614,0
234,129,20,288,165,2,2,1,0,2,609,0,1,610,0
235,75,25,317,108,1,0,1,3,0,530,0,2,532,0
236,90,17,284,127,0,0,0,0,2,520,0,0,520,0
237,102,25,336,191,2,0,2,0,1,659,0,1,660,0
238,131,20,272,101,0,0,1,1,0,526,0,0,526,0
239,126,9,244,124,0,0,0,0,1,504,0,1,505,0
240,133,25,401,121,1,0,0,1,1,683,0,3,686,0
241,159,47,513,133,0,1,0,1,1,855,0,2,857,0
242,79,24,224,113,0,2,0,0,1,443,0,5,448,0
243,126,12,266,92,0,1,0,1,0,498,0,1,499,0
244,167,37,465,121,3,10,0,0,0,803,0,2,805,0
245,239,28,272,158,0,2,0,3,2,704,0,2,706,0
246,110,27,197,173,0,2,0,0,0,509,0,1,510,0
247,63,35,121,65,0,0,0,1,1,286,0,1,287,0
248,59,13,114,67,1,1,0,2,3,260,0,0,260,0
249,203,30,357,196,1,2,1,7,1,798,0,3,801,0
250,89,17,246,113,0,0,0,0,0,465,0,0,465,0
251,120,19,265,186,1,4,0,0,2,597,0,4,601,0
252,109,55,313,189,0,1,0,0,1,668,0,0,668,0
253,102,23,205,112,0,1,2,2,0,447,0,7,454,0
254,115,14,235,146,0,0,1,2,1,514,0,2,516,0
255,170,10,217,108,2,0,0,0,0,507,0,1,508,0
256,182,23,260,129,1,3,0,0,0,598,0,4,602,0
257,90,19,217,107,0,0,1,2,1,437,0,0,437,0
258,174,15,121,133,0,1,0,1,0,445,0,1,446,0
259,276,21,239,186,1,0,2,0,2,727,0,3,730,0
260,185,22,352,149,2,0,0,0,0,710,0,1,711,0
261,151,32,201,106,2,0,0,1,0,493,0,1,494,0
262,25,9,88,37,0,0,0,1,1,161,0,0,161,0
263,441,38,269,148,0,3,5,2,1,907,0,5,912,0
264,295,31,245,168,1,0,1,0,1,742,0,1,743,0
265,97,15,267,224,0,1,0,0,1,605,0,2,607,0
266,103,13,159,130,0,2,1,2,0,410,0,1,411,0
267,149,11,239,119,0,3,1,2,1,525,0,1,526,0
268,66,6,227,71,0,0,1,1,2,374,0,0,374,0
269,120,33,339,171,0,1,1,2,2,669,0,1,670,0
270,135,37,314,121,2,0,0,1,2,612,0,6,618,0
271,227,28,246,185,1,3,0,0,0,690,0,2,692,0
272,157,18,266,138,1,1,1,0,0,582,0,3,585,0
273,34,4,104,72,0,3,0,0,0,217,0,1,218,0
274,227,27,271,241,0,0,2,0,0,768,0,1,769,0
275,177,11,194,86,2,2,0,0,0,472,0,3,475,0
276,192,34,341,127,1,1,1,0,1,698,0,1,699,0
277,134,16,204,111,1,0,1,0,1,468,0,4,472,0
278,161,28,247,181,1,1,0,2,1,622,0,3,625,0
279,174,22,172,190,1,2,1,3,0,565,0,4,569,0
280,256,62,369,204,0,0,0,1,2,894,0,0,894,0
281,226,26,294,210,3,13,0,2,0,774,0,3,777,0
282,169,13,194,124,0,4,0,1,0,505,0,0,505,0
283,177,13,218,146,0,3,1,0,1,559,0,0,559,0
284,246,22,233,168,0,1,1,3,2,676,0,1,677,0
285,313,21,189,170,5,2,2,1,1,704,0,3,707,0
286,334,23,334,187,2,7,0,1,1,889,0,1,890,0
287,210,28,230,106,1,10,0,1,0,586,0,2,588,0
288,146,19,176,122,0,27,1,4,1,496,0,1,497,0
289,174,18,409,270,2,25,1,3,1,903,0,5,908,0
290,337,40,369,176,0,1,1,0,0,924,0,0,924,0
291,145,59,226,109,1,8,3,0,1,552,0,0,552,0
292,197,22,331,156,0,1,1,4,0,712,0,0,712,0
293,104,16,147,94,0,0,1,1,0,363,0,0,363,0
294,115,16,188,80,0,1,0,1,0,401,0,1,402,0
295,241,40,376,156,0,2,1,2,1,819,0,0,819,0
296,155,20,243,90,2,12,0,4,0,526,0,1,527,0
297,160,49,310,188,1,10,1,0,1,720,0,4,724,0
298,143,24,232,128,1,13,0,0,1,542,0,3,545,0
299,125,50,250,165,1,20,0,0,1,612,0,0,612,0
300,73,13,182,150,0,9,0,1,0,428,0,1,429,0
301,94,149,301,170,3,2,3,1,1,724,0,1,725,0
302,110,44,283,160,0,0,1,0,0,598,0,1,599,0
303,100,35,251,133,0,4,1,3,0,527,0,2,529,0
304,117,62,363,188,0,3,2,3,0,738,0,3,741,0
305,116,41,245,109,0,1,1,0,0,513,0,3,516,0
306,129,62,246,169,0,2,4,0,0,612,0,1,613,0
307,191,47,371,174,0,0,2,0,2,787,0,1,788,0
308,109,38,279,146,2,0,0,0,0,574,0,3,577,0
309,207,38,223,134,1,0,0,1,0,604,0,1,605,0
310,109,33,262,122,1,0,6,0,1,534,0,2,536,0
311,97,30,193,132,1,0,3,0,1,457,0,1,458,0
312,154,29,380,121,0,0,0,2,1,687,0,2,689,0
313,99,19,293,127,1,0,0,0,3,542,0,1,543,0
314,12,5,191,45,0,0,0,0,0,253,0,0,253,0
