Polling Station No,RAMUKHTIJNAR YMASULAB,NAMEES,S .IDUGNAM,LUDBA J .NAMHAR ZIZA,K .HAIAPPURAK,A .UHTUMILAK,IKOPREHD IDNAP.V,.UBAB NOTWEN C,KT .UHBARP.RD,M .UMAR,.ILA NAMUHDU S.M,R .SSADILAK,B .IHTNAHS,V .HSERUS,K .IVLES,K .HSENID,S .IDNAP,G .UBARP,R .NARAMINAM,.RAMUKUHTUM K,.NAHTANAMAR V.S,R .NANAMHSKAL,NAKINAMAREEV V .NAD,K .ULEV,A .AHTIVEEJ,Total Valid Votes,Rejected Votes,NOTA,Total,Tendered Votes
1,1,2,3,4,5,6,7,8,9,10,11,12,13,14,15,16,17,18,19,20,21,22,23,24,25,26,27,28,29,30
2,0,59,157,1,3,2,85,1,244,0,0,0,1,0,0,2,0,1,0,0,0,1,0,2,1,560,0,1,561,0
3,0,46,145,1,2,0,81,1,298,0,1,3,1,2,2,4,0,1,0,0,0,0,0,1,0,589,0,1,590,0
4,4,66,162,0,0,2,89,3,405,1,0,3,0,1,2,1,1,3,4,0,1,4,1,1,2,756,0,4,760,0
5,1,89,144,0,4,1,62,1,372,0,0,1,1,0,0,3,0,0,0,1,0,0,0,2,1,683,0,0,683,0
6,2,65,65,0,1,2,34,1,230,0,1,2,1,0,1,2,1,1,0,0,1,0,1,1,1,413,0,1,414,2
7,0,74,90,0,2,3,33,0,256,0,0,1,1,1,0,0,0,0,1,0,0,0,0,0,0,462,0,2,464,0
8,0,55,82,0,1,1,44,1,214,0,0,0,0,0,0,1,0,0,0,0,0,0,0,0,0,399,0,1,400,0
9,0,68,145,0,1,0,40,1,320,0,0,0,0,0,0,0,0,0,1,0,0,0,0,0,0,576,0,2,578,0
10,0,85,141,0,0,0,29,1,250,0,0,0,0,0,0,2,0,0,1,0,0,1,0,0,0,510,0,1,511,0
11,0,47,123,0,1,1,43,0,203,0,0,0,0,0,0,0,0,1,0,0,0,0,0,0,0,419,0,1,420,0
12,0,50,127,0,2,4,27,2,196,0,0,0,0,0,0,1,0,0,0,0,0,0,0,0,0,409,0,0,409,0
13,0,93,126,0,0,0,47,1,278,0,0,0,0,0,0,1,0,1,0,0,0,0,0,0,0,547,0,3,550,1
14,0,52,125,0,0,2,54,4,237,1,0,1,0,0,0,0,0,0,0,0,0,0,0,0,0,476,0,3,479,0
15,0,42,88,0,6,0,41,0,164,0,0,0,0,0,0,0,1,0,0,0,0,0,1,0,0,343,0,0,343,0
16,0,79,182,1,3,0,50,1,266,0,0,0,0,0,0,1,0,1,0,0,0,1,0,0,1,586,0,1,587,0
17,1,70,90,0,1,3,30,2,415,0,0,3,0,1,1,9,2,1,0,0,0,1,0,0,0,630,0,0,630,0
18,0,27,62,1,1,0,18,0,119,0,0,0,0,0,0,0,0,0,1,0,0,0,0,0,0,229,0,1,230,0
19,0,46,121,1,1,1,42,1,235,0,1,0,0,0,0,0,0,0,0,0,0,0,0,0,0,449,0,3,452,0
20,2,94,113,1,0,0,54,1,200,1,0,0,0,0,0,0,0,0,0,0,0,0,0,0,0,466,0,1,467,0
21,0,59,116,0,1,0,37,1,196,1,0,0,0,0,0,0,0,1,1,0,0,0,0,0,0,413,0,6,419,0
22,0,70,194,2,1,0,57,0,264,0,0,0,1,0,0,0,0,0,1,0,0,0,0,0,0,590,0,3,593,0
23,0,58,134,0,3,0,48,1,261,0,1,0,1,0,0,2,0,0,0,0,0,0,0,0,0,509,0,2,511,0
24,0,76,128,0,1,1,62,0,187,0,0,0,0,0,0,0,1,0,0,0,0,0,0,0,0,456,0,1,457,0
25,0,88,160,2,1,2,76,1,274,0,0,1,0,0,0,1,0,0,1,0,0,0,0,0,1,608,0,4,612,0
26,0,60,120,1,1,0,52,0,234,0,0,0,0,0,0,1,0,0,2,0,0,0,0,0,0,471,0,3,474,0
27,0,76,139,1,4,1,38,0,311,0,0,0,0,0,0,0,0,0,0,0,0,0,0,0,0,570,0,0,570,0
28,0,74,144,0,4,0,35,2,272,0,0,0,0,0,0,1,1,0,1,0,0,1,0,0,0,535,0,3,538,0
29,0,59,83,0,2,0,19,0,169,0,0,1,0,0,0,2,0,0,0,0,0,0,0,0,0,335,0,3,338,0
30,1,54,82,1,1,1,23,2,211,0,1,1,1,2,0,3,0,0,1,0,0,0,0,1,0,386,0,0,386,0
31,0,96,204,0,5,0,97,2,377,1,1,1,1,0,0,0,1,0,0,0,0,0,1,0,0,787,0,0,787,0
32,0,34,157,0,1,3,125,2,344,1,1,0,0,1,0,1,0,0,0,0,1,1,0,0,0,672,0,2,674,0
33,1,34,99,0,0,1,30,0,205,0,1,2,0,1,0,2,0,1,2,0,0,0,0,2,1,382,0,0,382,0
34,1,97,178,0,1,0,102,2,416,1,1,1,1,2,1,0,2,0,0,1,0,0,1,2,0,810,0,3,813,0
35,0,48,110,0,1,1,31,0,159,0,0,0,0,0,1,0,0,2,1,0,0,0,0,0,0,354,0,2,356,0
36,1,101,163,1,5,1,62,0,291,0,0,2,0,0,0,2,0,0,0,0,0,0,0,0,0,629,0,2,631,0
37,1,68,139,0,4,0,44,1,279,0,0,0,0,0,0,0,0,0,0,0,0,0,0,0,0,536,0,0,536,0
38,2,109,168,0,9,1,89,0,269,0,0,0,0,0,0,1,0,2,0,0,0,0,0,0,0,650,0,0,650,0
39,1,62,101,0,1,2,37,1,260,0,0,0,0,0,0,0,0,0,0,0,1,0,0,0,0,466,0,0,466,0
40,0,71,123,0,1,0,26,0,189,0,0,2,0,0,1,1,0,1,0,0,1,0,0,0,0,416,0,1,417,0
41,3,79,162,1,1,0,82,0,350,0,1,1,2,1,0,3,0,2,1,0,0,0,1,1,0,691,0,0,691,0
42,2,93,261,1,1,0,68,3,366,2,0,3,1,1,0,4,1,1,0,2,0,0,1,0,1,812,0,1,813,0
43,0,75,160,0,0,1,36,0,287,0,0,2,0,0,0,3,0,0,1,0,1,0,0,2,0,568,0,0,568,0
44,0,63,194,0,1,4,27,1,226,0,0,0,0,0,0,1,0,1,0,0,0,0,0,2,0,520,0,1,521,0
45,0,56,186,0,2,0,32,0,277,0,0,1,0,0,0,1,0,2,1,1,0,1,0,1,1,562,0,1,563,0
46,0,60,254,0,2,0,29,1,314,0,0,0,1,0,1,1,0,1,1,0,0,0,0,1,0,666,0,0,666,0
47,0,68,257,1,1,1,32,1,349,0,0,0,1,0,0,3,3,2,3,3,0,1,0,1,1,728,0,1,729,0
48,0,101,218,1,9,2,81,2,296,0,1,0,0,1,1,2,0,0,0,0,0,1,0,0,0,716,0,1,717,0
49,0,96,200,0,0,0,37,2,299,1,0,1,1,0,0,0,1,0,1,0,0,0,0,0,0,639,0,3,642,0
50,1,68,206,0,2,0,55,0,295,0,0,0,0,0,0,2,1,0,0,0,0,0,0,0,0,630,0,0,630,0
51,1,57,234,0,1,0,42,0,234,1,0,0,1,0,0,1,2,0,1,0,0,1,0,1,0,577,0,2,579,0
52,0,43,354,0,3,0,35,2,217,0,0,0,0,0,2,0,1,1,1,1,0,0,1,1,1,663,0,4,667,0
53,0,50,310,1,1,0,45,4,239,0,1,1,0,1,0,1,0,3,0,0,1,0,0,0,0,658,0,2,660,0
54,2,43,355,0,0,0,24,0,194,0,0,0,0,0,0,3,0,0,1,0,0,0,0,0,0,622,0,1,623,0
55,0,37,264,1,1,0,24,0,251,0,0,0,0,0,0,0,0,2,1,0,0,0,0,0,0,581,0,3,584,0
56,0,92,261,1,1,0,50,1,315,0,0,0,0,0,0,0,2,1,0,1,0,1,0,1,1,728,0,3,731,0
57,1,36,170,1,1,3,42,1,198,0,0,1,0,0,1,0,1,0,0,0,0,1,0,0,0,457,0,0,457,0
58,0,50,131,0,1,2,64,0,242,0,0,0,0,0,0,5,0,0,0,1,0,0,0,0,0,496,0,0,496,0
59,0,46,199,0,0,1,60,1,276,0,0,1,0,1,1,1,0,0,0,0,0,1,0,2,0,590,0,1,591,0
60,1,41,102,0,0,1,37,0,185,0,0,0,0,0,0,0,0,0,0,1,0,0,0,0,0,368,0,2,370,0
61,0,73,83,0,0,0,68,1,193,0,0,0,1,0,0,0,0,0,0,0,0,0,0,1,0,420,0,1,421,0
62,0,79,211,0,1,1,89,1,317,0,0,0,1,0,0,0,0,0,0,0,0,0,0,0,0,700,0,0,700,0
63,0,77,161,1,0,0,81,0,273,0,1,0,1,0,0,0,1,2,0,0,1,0,0,0,1,600,0,3,603,0
64,2,69,207,0,1,0,75,1,296,1,0,1,0,0,0,1,1,0,0,0,1,0,1,0,0,657,0,2,659,0
65,1,51,136,0,2,2,116,0,311,0,1,1,1,1,0,1,0,1,0,0,0,0,2,3,1,631,0,1,632,0
66,0,66,137,0,1,1,91,2,265,0,0,0,0,0,0,0,0,0,1,1,0,1,0,0,0,566,0,2,568,0
67,0,76,158,0,2,2,106,0,281,0,0,0,1,0,1,2,0,1,0,0,0,0,0,0,0,630,0,1,631,0
68,1,47,137,0,0,0,55,0,132,0,0,0,0,0,0,1,0,2,0,0,0,0,0,0,0,375,0,1,376,0
69,1,64,125,0,0,3,61,2,224,0,0,0,1,0,0,1,0,0,1,0,0,1,0,1,0,485,0,1,486,0
70,1,92,139,0,5,0,71,0,236,1,0,1,0,2,0,0,0,1,0,0,0,1,0,2,2,554,0,1,555,0
71,0,61,112,0,1,0,91,0,242,1,1,0,0,0,0,1,0,2,0,0,0,0,0,1,0,513,0,1,514,0
72,0,59,148,0,1,2,44,0,192,0,0,1,0,0,0,0,0,0,1,0,0,1,0,0,0,449,0,2,451,0
73,0,58,78,0,0,0,27,0,121,0,0,0,0,0,0,0,0,0,0,0,0,0,0,0,0,284,0,0,284,0
74,0,88,124,0,1,0,92,0,301,0,0,0,0,0,0,0,1,1,0,0,0,0,0,0,0,608,0,3,611,0
75,2,121,173,0,3,1,56,2,293,0,1,0,0,0,0,1,1,3,0,1,0,0,0,0,0,658,0,1,659,0
76,0,90,150,1,2,0,79,0,235,0,0,0,1,0,0,0,0,0,0,0,0,0,0,1,0,559,0,4,563,0
77,3,103,146,3,0,1,77,0,250,1,0,0,0,0,1,1,0,1,0,0,0,0,0,0,2,589,0,4,593,0
78,2,84,151,0,2,1,96,0,264,0,0,2,0,1,0,2,0,1,0,0,0,0,1,0,0,607,0,4,611,0
79,3,94,161,3,1,3,74,1,404,1,2,3,0,0,0,1,0,0,1,0,0,2,0,1,0,755,0,0,755,0
80,0,96,177,2,5,2,77,2,311,0,0,0,0,0,0,1,0,0,1,0,0,0,0,1,0,675,0,1,676,0
81,2,118,154,3,1,2,58,0,307,1,0,1,0,0,1,0,2,1,3,0,1,0,0,0,0,655,0,1,656,0
82,2,106,175,0,2,0,56,1,298,0,0,1,0,1,0,1,1,0,1,0,0,0,0,1,0,646,0,1,647,0
83,1,58,73,2,1,0,56,1,165,0,0,0,0,0,0,0,2,0,0,0,0,0,1,1,0,361,0,0,361,0
84,1,82,89,0,0,1,38,0,215,0,0,0,0,0,0,0,1,1,0,0,0,0,0,0,0,428,0,0,428,0
85,0,101,191,1,0,1,72,1,330,0,0,2,0,0,0,0,0,1,0,0,0,0,0,0,0,700,0,4,704,0
86,0,107,147,0,0,0,45,0,333,0,0,1,0,0,0,4,0,2,0,0,0,0,0,1,0,640,0,3,643,0
87,1,107,154,0,1,2,103,3,429,0,0,0,1,0,0,1,1,0,0,0,0,0,1,0,0,804,0,1,805,0
88,1,43,124,0,1,1,57,0,231,0,0,1,0,0,0,1,1,2,0,0,0,0,0,0,1,464,0,3,467,0
89,1,58,120,0,1,0,64,0,205,0,0,0,0,0,0,0,0,0,0,0,0,1,0,0,0,450,0,0,450,0
90,0,66,138,0,0,3,56,0,350,0,0,1,0,0,0,0,0,0,0,0,0,0,0,0,0,614,0,0,614,0
91,1,69,130,0,1,2,62,1,257,0,0,0,0,0,0,0,0,0,1,0,0,0,0,0,1,525,0,2,527,0
92,0,104,177,1,0,0,71,0,268,0,0,0,1,0,0,0,0,1,2,0,1,0,0,0,0,626,0,2,628,0
93,0,52,475,1,1,1,27,0,239,0,0,0,0,0,0,0,1,0,0,0,0,0,0,0,1,798,0,3,801,0
94,2,52,366,4,1,0,50,0,301,1,0,0,0,0,0,2,0,0,0,0,0,0,0,0,0,779,0,0,779,0
95,2,92,142,4,0,0,104,1,388,0,0,1,0,0,0,3,2,1,0,0,0,1,0,1,1,743,0,4,747,0
96,1,48,97,0,0,0,66,0,233,0,0,0,0,1,1,1,0,2,0,0,0,0,0,0,0,450,0,4,454,0
97,0,62,172,1,3,1,44,1,313,0,0,1,1,0,0,0,1,1,0,0,0,0,0,1,1,603,0,4,607,0
98,1,65,140,1,0,0,57,0,227,0,0,0,0,0,0,0,0,6,0,1,0,0,0,1,0,499,0,3,502,0
99,0,40,141,0,1,1,54,0,261,0,0,1,0,0,0,0,1,0,0,0,0,0,0,0,0,500,0,2,502,0
100,0,43,118,0,1,1,50,0,217,0,0,0,1,0,0,0,0,2,1,0,0,0,0,1,1,436,0,1,437,0
101,2,56,99,1,2,2,84,1,282,2,0,0,0,1,0,1,0,7,4,2,0,0,1,2,1,550,0,0,550,0
102,0,73,106,0,0,0,46,0,212,0,0,0,0,1,0,0,0,0,0,0,0,0,0,1,0,439,0,1,440,0
103,0,108,222,0,0,0,46,1,302,0,0,0,0,1,0,0,0,1,0,0,1,0,0,0,0,682,0,1,683,0
104,0,54,222,1,0,0,95,3,375,0,1,2,0,1,0,0,0,2,1,0,1,0,2,0,0,760,0,0,760,0
105,1,88,131,0,3,1,93,1,304,1,0,1,1,0,0,3,1,0,0,0,0,0,0,1,0,630,0,5,635,0
106,0,84,179,0,1,0,71,1,293,0,0,0,0,0,0,0,0,0,0,0,0,0,0,0,1,630,0,2,632,0
107,1,52,96,1,0,0,94,0,221,0,1,1,0,0,0,1,0,0,0,0,0,0,0,0,0,468,0,2,470,0
108,1,117,124,0,1,3,124,1,477,0,1,2,2,1,0,2,0,0,2,0,0,0,1,2,2,863,0,0,863,0
109,1,100,146,1,1,0,81,0,573,0,1,2,1,0,1,2,0,0,0,0,0,2,0,1,0,913,0,0,913,0
110,2,96,116,1,1,0,72,2,378,0,2,2,0,1,0,6,0,0,1,0,0,0,0,1,1,682,0,2,684,0
111,1,109,135,0,3,3,57,1,367,0,0,1,0,0,0,2,0,1,2,0,1,1,1,0,0,685,0,0,685,0
112,0,99,154,0,0,3,106,2,437,1,0,1,0,1,2,2,1,0,2,0,1,0,0,1,1,814,0,1,815,0
113,2,109,101,0,0,3,61,3,325,1,2,4,1,0,3,4,2,3,4,0,0,1,1,0,4,634,0,0,634,1
114,2,52,82,1,0,0,56,0,312,0,0,1,0,0,1,1,2,1,1,0,1,0,0,0,1,514,0,1,515,0
115,0,38,141,1,0,1,68,2,245,0,0,0,0,0,0,1,0,1,1,1,0,0,1,1,1,503,0,1,504,0
116,0,50,93,0,0,0,55,0,140,1,0,0,0,0,0,0,0,2,0,0,0,1,0,1,2,345,0,1,346,0
117,1,53,122,0,0,0,61,1,248,1,0,2,0,0,0,5,1,2,0,0,0,1,0,0,0,498,0,0,498,0
118,2,48,118,0,0,0,43,0,189,0,0,1,0,0,0,0,1,2,1,1,0,1,0,2,0,409,0,3,412,0
119,1,57,119,0,1,1,123,3,234,0,0,0,0,1,0,0,0,3,0,0,0,0,0,1,0,544,0,1,545,0
120,1,80,192,0,1,1,69,1,274,0,0,0,0,0,0,2,1,3,2,1,2,1,0,2,3,636,0,1,637,0
121,2,76,249,1,2,1,102,2,346,0,0,0,1,0,0,5,1,2,3,0,0,1,1,2,1,798,0,1,799,0
122,0,66,121,0,0,1,64,1,277,0,0,0,0,0,1,0,0,0,1,0,1,0,1,0,0,534,0,0,534,0
123,1,67,158,1,1,1,71,0,382,0,1,0,1,0,0,2,0,0,1,1,0,0,0,0,1,689,0,0,689,0
124,1,66,124,0,0,1,58,2,319,2,0,0,1,0,0,0,2,0,0,0,0,1,0,3,2,582,0,2,584,0
125,2,95,193,1,0,1,64,4,389,1,0,1,1,0,0,0,0,0,1,0,1,0,1,2,2,759,0,2,761,0
126,0,50,168,0,1,3,70,0,320,0,0,1,1,1,0,0,1,0,1,0,0,0,1,0,1,619,0,3,622,0
127,1,101,158,0,2,0,80,3,373,1,0,0,0,0,0,1,0,1,1,0,0,0,0,1,1,724,0,2,726,0
128,0,57,111,0,1,0,62,0,300,0,0,0,0,1,0,0,1,3,1,0,0,0,1,0,2,540,0,2,542,0
129,0,30,198,1,1,0,31,2,386,1,0,0,2,0,0,0,0,1,1,0,0,0,0,0,0,654,0,0,654,0
130,1,74,93,1,1,0,67,3,307,2,1,0,0,1,0,0,0,1,2,0,0,0,1,0,0,555,0,0,555,0
131,0,42,73,0,2,0,82,1,229,2,0,0,1,0,0,0,1,1,0,0,0,0,1,0,1,436,0,0,436,0
132,2,59,188,1,2,2,66,5,395,2,0,2,2,0,0,2,2,1,4,0,1,0,0,2,0,738,0,2,740,0
133,0,86,131,0,3,1,131,3,422,0,0,1,0,1,0,1,2,0,0,0,0,0,0,1,0,783,0,3,786,0
134,0,53,103,0,1,1,69,0,277,1,0,1,0,1,0,3,1,1,1,0,0,2,0,0,0,515,0,2,517,0
135,0,72,156,0,3,0,49,0,349,0,0,0,2,0,0,0,2,2,1,0,0,1,0,2,1,640,0,0,640,0
136,2,82,164,0,0,0,105,1,398,0,0,1,0,1,0,1,0,2,1,0,0,3,1,4,2,768,0,1,769,0
137,1,65,113,0,1,1,51,0,236,0,0,0,0,0,0,0,1,1,2,0,0,0,1,1,0,474,0,0,474,0
138,0,72,148,0,1,1,33,1,187,0,0,1,0,0,0,0,1,2,0,0,0,1,0,3,1,452,0,0,452,0
139,2,97,165,0,2,1,100,2,351,0,1,1,5,1,2,1,3,2,4,1,1,2,2,4,2,752,0,1,753,0
140,0,51,143,1,0,1,36,1,393,0,0,0,0,0,0,2,0,3,0,0,1,0,0,2,0,634,0,1,635,0
141,0,17,70,0,0,0,84,1,353,0,0,3,0,0,0,2,0,0,0,0,0,0,0,0,3,533,0,0,533,0
142,2,82,223,2,2,1,32,1,273,0,0,2,0,0,0,0,0,2,0,0,1,0,0,0,2,625,0,0,625,0
143,0,116,188,1,1,0,60,2,457,1,1,0,0,0,0,0,1,2,2,1,0,0,1,3,2,839,0,2,841,0
144,4,85,192,1,1,1,85,0,342,0,0,1,1,0,0,5,0,3,0,0,0,0,0,3,0,724,0,1,725,0
145,1,55,239,0,1,0,106,1,193,0,0,1,0,0,0,1,1,2,2,0,0,0,0,0,0,603,0,2,605,0
146,1,58,153,0,2,0,130,0,218,0,0,0,0,0,0,0,0,0,0,0,0,0,0,1,3,566,0,1,567,0
147,2,57,175,0,0,1,100,1,277,0,0,0,0,0,0,2,1,1,1,0,0,0,2,1,3,624,0,3,627,0
148,3,81,140,1,3,3,154,1,266,0,2,2,2,3,2,3,2,1,0,0,1,0,1,2,1,674,0,2,676,0
149,0,72,220,1,1,1,109,0,295,0,0,0,0,0,0,0,5,4,2,1,0,1,1,1,2,716,0,3,719,0
150,0,76,217,1,1,2,131,0,302,0,0,1,0,1,0,1,2,1,1,0,0,0,0,3,1,741,0,2,743,0
151,0,78,131,3,2,2,166,0,275,0,0,0,0,0,0,0,0,0,1,1,0,3,3,3,5,673,0,1,674,0
152,2,88,146,0,1,3,109,0,307,0,0,4,0,1,2,1,2,1,2,0,0,1,0,4,4,678,0,0,678,0
153,1,69,81,1,2,0,117,3,425,0,0,0,1,0,0,1,1,1,0,1,1,2,0,4,2,713,0,5,718,0
154,4,74,83,0,4,0,123,5,327,0,0,2,1,3,1,0,2,5,0,0,0,4,0,4,1,643,0,1,644,0
155,2,70,168,1,2,1,52,0,234,1,0,2,0,0,1,0,2,1,2,0,1,1,1,2,2,546,0,0,546,0
156,2,44,92,1,1,1,64,3,225,1,2,2,0,1,1,1,0,2,1,0,2,0,1,2,1,450,0,0,450,0
157,1,107,187,3,3,2,134,5,495,0,2,3,1,4,1,5,2,2,1,0,1,2,2,4,1,968,0,5,973,0
158,1,88,177,2,2,3,95,2,426,0,0,4,0,0,0,4,1,1,0,0,0,0,0,1,3,810,0,4,814,0
159,0,116,115,1,3,0,69,1,206,1,0,1,1,2,1,2,1,1,1,0,0,0,1,1,2,526,0,0,526,0
160,1,58,106,0,1,3,156,0,152,0,0,2,0,1,0,1,3,1,3,0,0,0,3,5,1,497,0,1,498,0
161,1,120,93,1,2,7,215,7,284,0,1,3,1,1,0,6,1,4,0,0,0,0,2,4,1,754,0,2,756,0
162,1,148,57,0,2,5,207,2,228,1,0,3,0,0,1,1,0,3,2,1,1,0,0,2,1,666,0,0,666,0
163,2,147,61,0,3,5,231,3,241,0,2,2,2,2,2,1,1,2,1,0,0,1,1,3,4,717,0,2,719,0
164,2,138,64,0,2,5,126,3,222,2,1,6,2,0,2,1,1,3,1,1,2,2,4,1,1,592,0,2,594,0
165,5,150,85,5,2,0,103,4,190,0,1,5,3,0,3,8,1,3,0,0,3,1,0,4,2,578,0,1,579,0
166,0,113,26,0,0,1,180,1,133,0,0,0,1,2,2,0,0,0,0,0,0,0,1,4,0,464,0,0,464,0
167,2,74,80,4,3,3,141,1,187,1,0,4,3,0,0,2,1,2,1,2,0,0,1,2,1,515,0,1,516,0
168,0,86,96,1,1,2,136,3,208,2,0,3,3,0,0,3,1,1,1,1,1,2,1,5,2,559,0,2,561,0
169,1,101,80,1,0,4,284,2,246,0,1,2,2,2,1,1,2,1,2,3,0,2,1,3,0,742,0,0,742,0
170,2,86,57,0,1,1,220,6,249,1,3,3,2,2,1,2,1,0,1,0,1,0,0,2,4,645,0,0,645,0
171,0,90,183,1,2,0,82,3,226,2,0,1,1,0,2,3,2,1,2,0,1,0,0,3,1,606,0,1,607,0
172,1,139,84,1,2,2,110,2,241,0,1,3,1,1,0,2,4,3,6,0,3,0,2,6,1,615,0,1,616,0
173,0,113,51,2,1,1,112,2,133,2,2,2,3,1,1,2,1,2,2,0,1,0,1,5,0,440,0,0,440,0
174,1,125,101,4,3,3,133,4,273,3,1,4,0,0,4,4,3,5,0,3,2,2,2,4,0,684,0,3,687,0
175,2,169,65,2,3,3,82,4,160,1,1,3,2,2,7,0,3,1,1,0,0,1,1,2,1,516,0,3,519,0
176,0,188,37,1,3,0,34,0,193,0,1,2,3,0,1,1,3,3,2,1,0,0,0,0,1,474,0,0,474,0
177,0,258,142,3,2,1,93,1,218,2,2,1,3,2,3,5,3,6,5,3,1,5,4,6,3,772,0,1,773,0
178,1,153,91,1,4,3,192,3,236,3,0,3,2,3,1,1,2,0,2,0,0,1,2,3,1,708,0,2,710,0
179,0,101,258,2,1,1,96,1,359,0,0,0,0,0,0,1,0,1,0,1,1,0,0,0,0,823,0,0,823,0
180,0,54,166,0,2,0,34,1,203,1,0,1,0,1,0,0,2,0,1,0,0,0,0,1,1,468,0,1,469,0
181,1,42,243,0,0,0,57,0,184,0,0,0,0,1,0,0,0,0,0,0,0,0,0,1,0,529,0,0,529,0
182,2,84,153,0,1,1,63,0,239,1,0,1,0,0,1,0,0,0,0,1,0,1,0,1,0,549,0,0,549,0
183,1,64,363,2,1,1,87,3,249,0,0,0,0,0,0,1,1,1,0,0,0,0,0,0,1,775,0,2,777,0
184,2,31,148,0,0,0,44,2,186,0,1,0,0,1,0,3,0,4,0,0,0,1,1,2,1,427,0,2,429,0
185,0,41,196,1,2,0,41,0,203,0,0,2,0,1,0,0,1,0,0,0,0,0,0,0,0,488,0,0,488,0
186,1,112,186,0,2,5,138,1,328,0,0,1,0,0,0,0,2,1,0,0,0,0,1,0,0,778,0,1,779,0
187,0,66,138,0,2,1,102,0,225,0,0,1,2,0,0,0,2,0,0,0,2,1,0,1,0,543,0,0,543,0
188,0,95,179,1,1,2,122,3,362,3,0,0,0,0,1,4,0,2,2,1,2,0,0,1,0,781,0,2,783,0
189,1,106,197,2,1,5,204,1,387,4,3,3,0,0,2,3,0,2,1,4,0,3,0,4,0,933,0,1,934,0
190,1,100,68,0,0,4,136,3,241,2,1,1,1,0,0,0,1,2,1,0,0,0,1,0,0,563,0,1,564,0
191,0,59,46,0,3,0,70,0,181,1,1,2,4,0,0,1,0,0,0,0,0,0,0,1,2,371,0,0,371,0
192,2,112,141,2,2,2,146,2,186,2,2,2,1,0,2,0,0,4,6,2,0,3,1,2,5,627,0,3,630,0
193,5,205,113,0,0,0,96,2,319,3,0,5,5,3,2,1,3,2,1,3,2,2,5,6,4,787,0,3,790,0
194,1,171,87,1,3,2,79,4,224,2,1,3,3,1,4,1,8,5,6,0,4,5,1,9,2,627,0,3,630,0
195,1,128,114,3,2,3,91,4,231,2,2,1,1,5,0,1,0,2,0,1,0,1,0,6,1,600,0,0,600,0
196,0,104,65,3,1,0,68,3,140,0,2,2,3,0,2,1,2,0,3,1,1,0,0,4,1,406,0,2,408,0
197,2,103,78,1,2,3,135,1,204,1,1,4,0,1,2,2,0,4,5,0,0,2,1,1,0,553,0,0,553,0
198,0,48,69,0,1,3,102,1,116,0,0,4,2,0,1,2,1,0,0,1,0,0,0,1,1,353,0,4,357,0
199,2,70,35,1,0,1,175,0,164,0,2,1,1,0,0,1,1,0,3,0,0,1,3,3,0,464,0,1,465,0
200,1,96,127,0,2,2,128,4,295,0,0,0,0,2,0,1,4,3,1,3,0,1,2,5,2,679,0,1,680,0
201,7,104,80,1,3,5,140,9,188,0,0,0,1,0,0,1,0,1,0,1,1,1,1,0,2,546,0,1,547,0
202,0,95,108,0,0,2,173,0,312,1,0,2,0,1,0,2,0,1,1,0,0,0,0,2,0,700,0,1,701,0
203,0,90,64,0,3,0,142,1,216,0,0,0,1,0,0,2,0,1,0,0,0,1,0,0,1,522,0,1,523,0
204,0,92,89,0,1,0,53,3,257,0,1,0,1,3,0,2,0,1,0,1,1,1,0,2,2,510,0,0,510,0
205,0,14,9,0,0,0,5,0,44,0,0,0,0,0,0,0,0,0,0,0,0,1,0,0,0,73,0,0,73,0
206,1,93,131,0,2,3,91,0,316,1,0,1,0,0,0,0,0,0,0,0,0,1,0,0,0,640,0,0,640,0
207,1,88,151,0,4,0,72,2,290,0,0,0,0,0,0,1,0,0,0,0,0,1,0,1,0,611,0,0,611,0
208,0,133,155,0,0,0,46,0,329,0,0,0,0,1,0,0,0,1,1,0,0,0,0,0,0,666,0,4,670,0
209,0,86,154,0,1,0,38,2,283,0,0,0,0,0,0,1,0,0,0,0,0,0,0,0,0,565,0,0,565,0
210,1,106,193,0,2,1,121,2,346,0,0,2,0,0,1,4,0,1,2,0,1,0,1,1,2,787,0,1,788,0
211,1,104,236,1,0,1,74,2,242,2,0,2,0,1,1,0,0,2,0,1,1,0,1,0,0,672,0,1,673,0
212,2,64,119,1,0,1,91,2,170,0,0,0,0,0,0,2,1,0,0,0,0,0,1,1,0,455,0,1,456,0
213,2,101,132,0,2,1,80,0,322,0,0,2,0,0,0,0,0,1,1,0,0,0,0,2,0,646,0,1,647,0
214,1,69,100,0,0,1,83,1,223,1,0,0,1,0,0,2,0,0,1,0,0,0,1,0,0,484,0,0,484,0
215,1,171,165,2,0,1,70,2,483,0,0,0,0,2,0,3,1,1,0,0,0,0,1,1,0,904,0,1,905,0
216,0,117,195,1,2,2,83,3,230,0,0,0,1,1,0,1,0,1,1,1,0,0,0,0,0,639,0,0,639,0
217,2,100,141,0,1,2,91,4,319,1,0,2,1,1,0,2,2,1,0,2,1,1,0,3,4,681,0,1,682,0
218,2,122,143,0,2,0,87,2,309,1,2,0,1,1,1,0,0,2,0,0,0,0,0,0,0,675,0,2,677,0
219,1,102,175,0,2,1,55,2,259,0,0,1,1,0,1,1,2,3,1,1,0,0,0,2,0,610,0,1,611,0
220,2,51,146,0,4,0,49,0,232,0,0,0,1,1,0,0,1,1,0,0,0,1,1,1,1,492,0,0,492,0
221,2,95,190,0,1,4,70,2,252,1,0,1,1,0,0,0,0,2,2,2,1,3,1,3,5,638,0,2,640,0
222,0,66,84,0,0,1,31,1,186,0,0,0,0,0,0,2,1,1,0,0,0,1,0,1,0,375,0,1,376,0
223,2,77,125,2,0,1,47,1,306,2,1,3,0,2,0,2,6,0,0,0,0,1,2,2,1,583,0,0,583,0
224,2,75,115,0,2,10,85,3,237,0,1,2,3,1,0,3,1,2,4,0,0,1,0,0,0,547,0,0,547,0
225,1,70,67,3,4,0,127,1,184,0,0,1,0,0,0,1,0,1,0,0,0,0,2,1,1,464,0,1,465,0
226,2,46,52,1,2,1,65,10,214,1,1,0,1,0,0,2,0,1,0,0,1,0,0,1,1,402,0,0,402,0
227,3,175,220,3,4,1,64,11,276,1,0,0,0,1,1,1,1,1,1,1,0,1,1,1,1,769,0,0,769,0
228,0,103,21,0,0,5,137,2,195,0,1,3,3,3,2,2,3,3,2,2,0,1,1,7,1,497,0,0,497,0
229,1,54,53,2,1,5,109,1,251,0,1,1,0,1,0,4,0,2,0,1,0,0,0,1,0,488,0,0,488,0
230,0,106,81,2,5,8,131,5,347,2,0,2,2,0,0,2,3,1,0,1,1,2,1,6,2,710,0,2,712,0
231,1,78,76,1,0,2,94,2,258,0,0,1,0,1,0,1,1,2,0,0,1,0,0,3,3,525,0,1,526,0
232,2,78,58,1,0,4,169,14,245,0,0,3,1,2,1,0,3,1,0,0,1,1,0,3,1,588,0,3,591,0
233,0,49,49,1,1,0,85,2,194,2,0,1,1,1,0,1,0,0,0,0,0,0,0,2,0,389,0,1,390,0
234,2,83,85,2,1,3,167,4,212,1,1,0,1,2,0,0,5,3,1,0,0,3,4,9,2,591,0,2,593,0
235,0,61,75,2,3,4,160,3,164,0,2,2,0,1,1,0,3,2,2,0,1,3,1,6,2,498,0,0,498,0
236,1,104,119,1,2,2,87,5,244,0,0,1,1,1,0,1,0,0,0,0,0,0,0,0,3,572,0,2,574,0
237,0,100,93,2,0,1,91,0,151,2,0,0,1,1,1,2,1,2,0,0,1,0,1,2,0,452,0,1,453,0
238,2,77,98,0,1,1,69,0,211,1,0,1,2,1,0,2,1,4,2,0,0,1,0,0,0,474,0,2,476,0
239,3,149,187,1,4,3,89,5,325,2,1,0,0,2,3,3,0,4,0,0,0,1,1,2,0,785,0,1,786,0
240,3,88,152,2,0,4,111,8,329,1,0,2,3,0,0,2,1,0,1,0,0,0,1,6,0,714,0,1,715,0
241,3,104,140,0,1,6,155,2,296,1,0,2,1,0,1,3,1,0,2,1,2,1,1,1,1,725,0,2,727,0
242,4,114,152,1,5,3,147,7,415,3,1,4,1,0,0,4,1,4,2,2,1,2,0,2,1,876,0,2,878,0
243,2,92,72,0,1,2,154,11,232,0,0,0,0,1,0,3,0,1,0,0,0,0,0,2,0,573,0,0,573,0
244,1,94,132,0,4,2,72,21,170,0,0,0,0,0,0,0,0,1,1,0,0,1,0,2,0,501,0,0,501,0
245,3,72,199,0,0,1,46,9,340,1,0,4,1,1,1,5,1,1,3,1,0,0,1,2,1,693,0,5,698,0
246,1,74,112,1,2,2,84,5,256,1,0,1,1,0,1,0,2,2,4,1,3,0,0,5,1,559,0,3,562,0
247,4,45,117,0,1,5,81,0,337,1,1,1,1,0,0,3,2,0,1,1,0,0,0,0,0,601,0,1,602,0
248,2,9,34,0,0,0,23,0,114,0,1,2,0,0,0,0,0,2,1,0,0,0,0,1,2,191,0,1,192,0
249,29,72,127,2,1,4,137,4,313,0,0,1,1,0,0,2,0,2,1,1,0,1,0,2,2,702,0,1,703,0
250,0,39,109,0,1,3,105,0,168,0,0,1,1,0,0,0,0,0,2,0,0,2,0,2,0,433,0,0,433,0
251,0,58,147,0,0,0,78,1,179,0,2,0,0,0,0,1,1,0,6,0,0,2,4,3,2,484,0,2,486,0
252,2,53,122,1,0,3,143,2,213,2,0,3,0,0,1,0,0,0,2,0,2,2,0,3,0,554,0,2,556,0
253,9,98,143,1,2,0,136,3,302,1,1,2,2,0,1,8,1,1,0,2,0,3,3,3,2,724,0,0,724,0
254,2,37,64,0,3,0,63,2,166,0,0,2,1,0,0,1,1,0,1,1,0,0,0,4,1,349,0,1,350,0
255,0,40,95,2,2,1,98,6,217,0,0,1,1,1,0,1,0,6,2,3,0,1,0,7,0,484,0,0,484,0
256,2,33,79,2,2,9,151,3,232,0,0,1,0,0,0,0,1,0,1,0,1,0,0,0,0,517,0,0,517,0
257,1,49,84,0,3,2,49,4,302,0,1,0,0,0,0,1,2,4,2,0,0,2,0,6,6,518,0,0,518,0
258,1,43,62,0,1,1,51,1,234,0,1,3,2,1,3,5,2,1,1,0,1,0,0,1,1,416,0,2,418,0
259,2,35,57,0,1,1,20,1,185,1,1,1,0,1,1,2,5,2,2,5,2,2,2,5,3,337,0,0,337,0
260,2,102,117,2,0,7,59,4,345,2,0,4,3,2,1,3,1,1,1,0,2,1,0,2,1,662,0,1,663,0
261,2,35,80,1,0,2,131,1,130,0,1,0,1,1,1,0,2,1,4,3,2,2,7,5,4,416,0,0,416,0
262,1,65,110,1,3,0,105,2,230,1,2,3,1,1,1,4,4,5,3,1,1,2,2,4,1,553,0,2,555,0
263,0,136,202,3,7,1,52,6,243,6,1,1,2,3,0,3,2,6,2,6,0,4,0,11,1,698,0,2,700,0
264,1,36,33,0,0,0,105,2,147,0,0,0,1,0,1,0,0,0,0,0,0,0,0,5,1,332,0,0,332,0
265,2,111,94,1,1,0,86,4,182,8,0,2,0,1,0,3,0,2,3,0,0,3,1,3,1,508,0,1,509,0
266,1,89,82,0,3,1,144,4,315,1,0,5,0,2,0,2,1,5,2,2,0,2,4,4,1,670,0,1,671,0
267,1,168,85,0,4,1,108,3,266,1,0,3,3,0,2,7,1,1,2,1,0,3,1,1,0,662,0,2,664,0
268,0,56,97,0,2,0,42,1,273,1,0,1,0,0,1,4,1,3,3,2,1,0,3,6,4,501,0,4,505,0
269,1,99,106,1,1,5,57,2,169,1,0,7,0,1,0,2,3,3,2,0,0,0,2,3,2,467,0,1,468,0
270,0,110,153,3,5,1,90,4,356,1,1,0,1,2,0,4,0,1,0,0,0,0,0,1,1,734,0,0,734,0
271,0,84,129,0,1,3,91,4,428,1,1,4,0,0,1,4,1,1,0,1,0,1,0,1,0,756,0,1,757,0
272,3,51,142,1,0,8,129,11,291,0,0,1,0,0,0,0,1,4,7,1,4,0,2,7,1,664,0,0,664,0
273,1,97,117,1,1,2,112,1,340,0,0,1,0,1,0,2,2,1,7,0,2,1,0,1,0,690,0,4,694,0
274,0,53,92,0,2,0,57,6,188,0,1,0,0,0,0,0,2,0,4,0,0,0,0,0,1,406,0,1,407,0
275,1,80,94,1,1,4,120,1,276,1,0,0,1,0,0,1,0,1,0,0,1,0,0,0,0,583,0,0,583,0
276,0,47,98,1,2,1,87,3,227,0,1,1,0,0,0,1,1,2,0,0,0,2,0,2,0,476,0,2,478,0
277,1,40,81,0,3,1,88,0,251,0,0,1,0,0,0,2,1,2,1,0,0,0,2,0,0,474,0,1,475,0
278,1,56,94,0,0,3,54,0,228,0,1,0,0,0,1,1,2,0,1,0,0,0,1,3,0,446,0,0,446,0
279,4,48,278,1,0,0,87,0,234,0,0,1,0,0,0,1,0,1,1,0,1,1,0,0,0,658,0,2,660,0
280,0,40,310,2,1,0,43,0,170,0,0,0,0,2,0,0,0,1,0,0,0,0,1,3,0,573,0,1,574,0
281,3,50,156,0,0,1,41,1,202,0,0,1,0,1,0,0,2,0,2,0,0,1,4,1,0,466,0,2,468,0
282,1,37,236,1,0,1,68,0,160,0,1,0,0,1,0,0,0,0,0,0,0,1,1,0,0,508,0,2,510,0
283,1,41,148,2,1,1,67,2,176,0,1,3,0,0,0,2,1,2,3,0,0,1,0,2,1,455,0,2,457,0
284,0,56,74,1,2,0,131,1,187,0,0,0,1,0,0,0,0,0,0,0,0,0,0,0,0,453,0,1,454,0
285,0,44,98,1,0,4,139,2,222,0,0,1,0,1,0,0,0,0,0,1,1,0,1,0,0,515,0,0,515,0
286,0,43,259,1,3,0,47,0,229,1,0,1,0,1,0,2,0,0,2,0,0,0,1,1,0,591,0,3,594,0
287,1,45,358,0,0,0,27,0,144,0,0,0,0,0,0,0,0,0,1,1,0,0,0,0,0,577,0,0,577,0
288,3,78,290,0,3,3,117,1,286,0,0,2,0,0,0,1,2,2,2,0,1,1,1,2,0,795,0,1,796,0
289,0,60,92,0,1,2,51,0,202,0,1,0,1,0,1,0,0,1,1,0,0,0,0,1,0,414,0,0,414,0
290,1,47,122,1,0,0,37,2,205,0,1,1,0,1,0,1,2,1,1,0,0,1,0,0,1,425,0,4,429,0
291,0,45,128,0,3,1,74,6,324,0,0,3,2,1,0,1,0,0,0,0,0,0,0,2,0,590,0,3,593,0
292,2,73,104,1,1,2,100,0,198,0,0,0,0,0,0,1,0,0,0,0,1,0,0,1,1,485,0,3,488,0
293,1,45,95,0,1,0,66,0,162,0,2,2,0,0,1,1,0,2,3,0,0,0,0,4,1,386,0,0,386,0
294,0,58,227,0,0,2,58,3,324,0,0,5,3,0,0,2,3,1,1,0,0,0,0,1,0,688,0,0,688,0
295,0,50,104,0,1,2,157,1,233,0,0,0,1,1,0,0,0,2,1,1,0,1,1,2,1,559,0,0,559,0
296,2,59,145,0,0,2,128,0,240,2,0,1,0,0,0,2,2,2,2,1,0,2,3,4,0,597,0,4,601,0
297,0,68,118,1,3,1,119,1,336,0,0,0,3,0,0,2,1,1,0,0,0,0,0,1,0,655,0,6,661,0
298,1,63,168,0,1,1,104,2,305,0,0,1,0,0,0,0,3,2,2,0,0,2,0,2,2,659,0,2,661,0
299,0,31,81,0,0,1,70,1,193,0,2,0,0,0,0,0,0,1,4,0,1,1,0,1,0,387,0,1,388,0
300,1,49,79,0,1,2,72,0,216,0,1,0,1,0,0,1,0,1,2,0,1,1,1,2,0,431,0,1,432,0
301,1,33,91,0,1,2,53,0,162,0,0,0,1,0,1,1,1,0,0,0,0,0,1,0,0,348,0,0,348,0
302,1,59,119,0,3,4,113,1,227,0,3,0,0,1,0,1,1,0,1,1,0,0,0,1,0,536,0,0,536,0
303,0,72,125,0,3,1,86,0,269,0,1,0,1,0,0,0,2,2,2,0,1,0,0,0,0,565,0,2,567,0
304,1,85,103,2,1,0,124,1,268,0,0,0,0,1,0,1,0,0,4,1,0,0,0,0,0,592,0,5,597,0
305,1,66,112,0,1,1,109,1,243,1,0,1,1,0,0,1,0,1,0,0,0,0,0,0,0,539,0,2,541,0
306,0,51,44,0,0,2,81,1,165,0,0,1,1,0,0,1,0,0,3,0,0,0,2,1,0,353,0,1,354,0
307,2,65,139,1,0,1,91,3,327,2,0,0,1,0,0,3,0,2,1,2,0,0,0,2,1,643,0,0,643,0
308,0,74,153,1,2,0,95,1,328,0,1,1,1,0,0,2,2,2,1,0,0,0,0,3,2,669,0,4,673,0
309,0,34,76,0,0,4,82,4,201,0,0,0,1,0,0,0,0,0,1,0,0,0,0,0,0,403,0,1,404,0
310,0,76,108,0,0,4,103,2,258,0,0,0,0,1,0,1,0,0,1,0,0,0,0,1,0,555,0,0,555,0
311,2,81,189,0,1,2,67,1,291,0,0,1,0,1,0,1,4,3,0,3,2,1,0,2,1,653,0,3,656,0
312,0,94,158,0,3,3,26,1,260,0,0,0,2,1,0,0,1,2,1,0,1,0,0,2,1,556,0,0,556,0
313,0,113,181,0,2,2,94,0,322,0,0,0,0,0,1,4,0,0,0,0,0,0,0,1,1,721,0,1,722,0
314,0,100,215,0,0,0,61,1,276,0,0,1,1,0,0,0,0,0,3,0,0,0,0,0,0,658,0,2,660,0
315,1,106,175,0,1,3,53,2,284,0,0,0,0,0,0,0,0,1,0,0,0,0,0,0,1,627,0,2,629,0
316,2,81,126,0,2,1,155,2,250,1,0,0,0,0,0,1,1,2,0,0,1,2,0,0,2,629,0,1,630,0
317,0,128,110,0,0,1,132,5,308,0,0,1,2,0,0,0,1,0,4,0,0,2,1,4,1,700,0,3,703,0
318,3,95,152,1,0,0,139,0,311,1,0,0,0,1,0,2,1,0,0,0,0,0,0,1,0,707,0,0,707,0
319,0,115,190,3,2,1,54,3,345,1,0,2,2,2,1,1,2,2,0,0,1,1,0,2,2,732,0,1,733,0
320,3,102,88,2,3,0,89,9,197,5,1,1,1,1,1,3,1,1,1,0,1,0,0,1,0,511,0,1,512,0
321,1,122,116,1,0,3,93,13,241,1,1,0,0,1,0,2,0,4,2,1,0,2,0,1,2,607,0,2,609,0
322,0,88,154,0,2,3,158,11,218,0,0,4,0,0,0,3,2,2,2,1,1,1,2,2,0,654,0,4,658,0
323,2,69,124,1,0,4,96,0,188,0,0,1,2,0,0,0,1,1,2,0,0,0,0,1,0,492,0,0,492,0
324,0,98,141,0,1,3,105,2,237,1,0,1,1,0,0,5,0,0,1,0,0,0,0,2,0,598,0,2,600,0
325,0,153,174,1,1,6,157,3,339,0,0,2,1,1,1,2,2,0,0,0,0,2,1,3,3,852,0,2,854,0
326,5,148,130,1,5,1,139,6,265,4,3,2,1,2,2,2,7,3,5,1,1,1,4,6,3,747,0,2,749,0
327,0,112,78,0,2,1,127,2,197,1,0,0,1,1,0,0,1,3,2,1,1,5,0,1,3,539,0,1,540,0
328,1,125,202,1,1,2,131,1,241,1,0,4,1,0,0,3,2,3,4,5,0,0,1,2,3,734,0,2,736,0
329,1,44,142,0,1,0,51,2,164,0,1,0,0,0,1,0,1,1,1,1,0,3,1,6,1,422,0,1,423,0
330,1,91,131,2,2,1,130,1,235,1,0,1,0,0,0,0,0,1,1,0,2,1,0,3,1,605,0,0,605,0
331,1,116,124,1,2,2,90,1,247,0,0,1,0,0,0,1,2,1,0,1,0,2,0,0,0,592,0,0,592,0
332,2,99,101,3,3,5,152,2,217,1,0,2,0,0,1,2,1,1,2,1,1,0,1,3,1,601,0,1,602,0
333,2,62,56,0,1,2,106,2,170,3,0,1,2,0,0,1,0,0,2,0,1,1,0,8,1,421,0,0,421,0
334,0,65,67,0,1,1,82,7,171,0,0,0,0,0,0,0,0,2,0,1,0,0,0,0,0,397,0,0,397,0
335,1,23,69,0,0,3,144,1,161,0,0,0,1,0,0,3,1,0,2,0,3,2,1,0,1,416,0,0,416,0
336,0,19,82,2,4,2,92,1,130,0,0,1,0,0,0,1,1,0,1,0,0,0,1,1,0,338,0,1,339,0
337,1,71,111,0,0,6,244,0,294,1,1,3,2,0,1,0,2,1,0,1,1,1,0,2,1,744,0,2,746,0
338,3,89,100,1,3,2,165,7,291,3,0,2,3,3,0,3,1,0,2,0,0,4,0,2,1,685,,1,686,0
339,4,85,191,1,8,7,133,1,352,2,1,3,1,4,2,3,2,2,1,1,2,5,1,3,0,815,,1,816,0
340,3,89,129,3,0,3,128,2,373,1,0,6,3,2,2,2,0,1,1,1,0,2,1,3,0,755,,5,760,0
341,1,109,118,0,1,1,133,5,303,0,2,2,2,1,0,1,2,1,3,0,0,1,1,3,1,691,,0,691,0
342,2,75,163,2,0,1,120,1,174,0,1,1,0,0,0,0,0,2,0,1,0,0,0,2,0,545,,0,545,0
343,0,48,123,6,1,3,69,2,159,0,1,0,3,2,0,3,1,2,0,2,1,0,2,7,1,436,,2,438,0
344,1,103,178,1,2,4,66,4,374,0,2,3,2,1,3,1,0,0,1,2,0,0,1,4,3,756,,3,759,0
345,1,55,67,0,1,0,16,0,361,1,0,0,1,0,1,2,1,0,4,0,0,0,1,2,3,517,,0,517,0
346,6,71,156,1,0,0,31,4,262,3,0,0,1,0,0,2,2,2,1,0,0,0,0,3,1,546,,1,547,0
347,0,57,105,0,2,3,86,1,188,0,0,5,1,1,2,3,0,0,1,0,0,1,1,2,0,459,,1,460,0
348,2,77,178,1,3,0,60,1,224,0,1,3,0,0,2,2,0,0,0,1,0,0,1,0,1,557,,0,557,0
349,0,93,241,1,1,0,58,2,257,0,8,1,1,0,0,0,2,1,1,0,0,1,1,3,0,672,,0,672,0
350,0,62,86,0,1,0,37,1,179,1,0,0,1,0,0,0,0,1,1,0,0,0,0,0,1,371,,0,371,0
351,1,126,194,2,1,1,50,0,235,0,1,2,0,0,1,0,0,1,0,0,0,0,1,1,0,617,,1,618,0
352,0,83,192,2,3,1,52,0,189,0,0,2,1,0,1,2,0,1,0,0,0,0,0,0,0,529,,0,529,0
353,2,171,224,1,4,1,86,5,358,4,3,3,0,3,1,4,2,4,4,1,2,1,1,2,3,890,,2,892,0
354,0,65,252,3,2,0,78,1,261,0,1,2,1,1,0,0,6,3,12,3,2,0,1,4,2,700,,3,703,0
355,0,61,155,3,2,0,47,2,219,0,0,0,0,0,0,1,1,1,3,0,0,0,3,3,3,504,,0,504,0
356,2,48,138,0,1,2,62,16,195,0,0,0,0,0,0,1,1,1,0,0,0,0,0,3,1,471,,0,471,0
357,2,74,206,7,3,2,145,1,360,0,1,3,0,1,2,0,1,2,6,1,1,1,1,0,0,820,,0,820,0
358,2,76,182,1,0,0,107,1,217,0,0,1,0,0,1,1,0,2,4,0,1,1,0,3,1,601,,0,601,0
359,1,58,186,2,2,2,138,7,282,3,3,1,2,3,0,2,3,3,3,0,2,4,5,7,1,720,,5,725,0
360,0,61,142,0,0,0,90,3,223,1,0,1,0,0,0,2,2,4,2,1,0,2,0,6,1,541,,0,541,0
361,2,32,142,3,1,1,186,1,219,2,2,5,0,1,0,4,2,2,4,0,1,0,3,13,2,628,,2,630,0
362,1,31,170,4,1,0,185,0,137,0,0,1,1,0,0,1,0,0,7,1,0,2,5,5,0,552,,0,552,0
363,6,110,238,7,0,5,141,6,366,2,1,6,2,6,1,6,1,3,4,2,1,3,5,7,2,931,,5,936,0
364,11,124,171,1,6,6,198,4,391,1,2,5,3,2,2,4,6,3,2,0,1,1,3,9,3,959,,1,960,0
365,0,29,42,0,1,0,49,1,143,1,0,1,0,0,0,0,1,0,2,0,0,0,0,3,0,273,,2,275,0
366,1,115,138,1,3,6,90,1,250,0,0,4,3,3,1,3,1,1,2,0,1,0,0,1,1,626,,2,628,0
367,1,86,142,1,3,1,109,3,299,1,1,3,2,1,0,2,4,2,1,3,0,2,0,5,4,676,,4,680,0
368,3,95,190,1,1,5,110,8,307,1,2,1,1,0,1,1,1,2,5,1,1,0,0,6,0,743,,0,743,0
369,3,110,295,2,4,0,70,0,342,1,0,1,1,0,0,1,1,0,4,1,0,4,1,1,0,842,,2,844,0
370,0,84,110,1,1,2,65,0,259,2,0,1,0,0,0,0,0,0,2,0,1,1,1,1,1,532,,0,532,0
371,0,61,154,0,0,2,35,0,175,0,0,2,1,0,0,0,2,1,1,0,1,0,0,3,0,438,,0,438,0
372,1,49,122,4,0,4,108,1,137,0,1,0,0,4,1,0,0,0,2,0,0,0,0,2,0,436,,0,436,0
373,2,90,159,0,0,3,164,2,231,3,2,2,2,0,0,0,2,6,5,1,2,0,2,3,2,683,,1,684,0
374,5,52,109,1,0,0,112,1,212,1,0,3,0,1,0,1,2,2,0,1,0,1,1,3,2,510,,2,512,0
375,1,95,94,1,0,1,55,0,236,1,2,0,1,0,0,0,1,0,5,1,1,0,2,1,3,501,,1,502,0
376,1,90,185,3,1,2,85,0,270,1,0,1,2,0,0,0,4,6,3,2,3,3,3,7,1,673,,2,675,0
377,2,73,193,0,0,1,81,6,244,0,1,0,0,0,0,3,0,1,4,1,0,1,0,3,0,614,,3,617,0
378,0,63,135,0,4,2,98,2,238,1,1,5,1,1,0,2,3,5,1,1,1,2,1,3,1,571,,0,571,0
379,6,143,211,1,4,2,142,2,310,0,0,4,1,1,0,1,5,4,4,1,2,0,2,5,1,852,,0,852,0
380,4,124,169,4,4,6,136,5,343,1,1,5,3,0,6,2,0,1,0,2,1,2,1,3,1,824,,0,824,0
381,0,58,171,1,2,3,63,0,131,1,1,0,1,0,1,0,0,2,2,0,0,0,1,3,1,442,,3,445,0
382,0,93,117,2,2,5,40,0,119,0,0,0,0,2,2,3,1,3,2,1,1,3,0,3,2,401,,0,401,0
383,0,88,137,2,6,2,155,6,373,1,1,4,2,2,1,5,3,1,2,1,0,2,0,8,2,804,,1,805,0
384,4,81,196,2,3,3,109,5,272,1,1,5,0,1,2,2,2,4,4,0,2,2,2,4,1,708,,1,709,0
385,3,65,131,3,2,0,53,6,164,2,0,0,0,2,0,2,0,2,2,1,1,1,1,3,1,445,,1,446,0
386,0,148,159,1,3,0,10,32,122,1,1,4,0,0,1,1,0,3,1,1,1,0,0,2,4,495,,1,496,0
387,1,97,239,3,1,6,41,11,260,1,0,2,2,2,1,2,2,2,3,1,1,2,2,1,1,684,,1,685,0
388,3,50,95,0,1,1,44,2,127,0,0,2,1,2,0,0,0,4,2,1,2,0,0,2,2,341,,0,341,0
389,2,87,106,1,0,0,48,1,98,0,0,1,0,0,2,2,1,3,0,0,0,0,0,3,0,355,,2,357,0
