Polling Station No,Candidate_1,A . A) K H T TN I N( A,A . M A) GK UM MD N( A H S,V . R A ) MK UM KD HA TI AA P( M A S,G .) UP RS HB E( N,S .) LK AL MK MM AM HL TD UA RN A( K,K . J A) RK M U PT P( U K,S .) AK LV IA N T A( M,C . U ) T NA N N I AR KP IP R R A ( M,K . H) K S V E KT ( A R,. R D ) ) Y P AMK (AC HWN S J ST E T .R AKH K. VB N ( E V,K . H ) TD AN PI M( A S,C . H ) TD AN PI M( A S,K . L E ) VD A N G I N( A H T,Total Valid Votes,Rejected Votes,NOTA,Total,Tendered Votes
1,1,33,323,227,4,1,2,2,6,266,0,0,0,0,1,865,0,3,868
2,2,21,186,241,0,1,0,0,3,250,1,0,1,0,0,704,0,2,706
3,3,28,209,373,2,5,0,0,6,252,1,1,1,3,1,882,0,7,889
4,4,19,99,543,4,0,0,3,5,257,0,2,0,2,0,934,0,3,937
5,5,22,71,402,0,2,0,1,1,105,0,0,2,4,5,615,0,2,617
6,6,23,138,477,3,0,1,1,1,240,0,0,1,8,0,893,0,4,897
7,7,21,155,347,1,2,0,0,1,266,0,0,0,2,0,795,0,0,795
8,8,12,96,515,4,4,0,0,0,161,0,0,0,0,0,792,0,0,792
9,9,17,323,276,4,1,1,1,7,320,1,0,1,1,2,955,0,5,960
10,10,22,205,417,3,2,3,0,4,225,0,0,1,5,3,890,0,2,892
11,11,18,163,366,2,0,0,0,4,178,1,0,1,0,1,734,0,4,738
12,12,5,161,159,2,1,0,0,2,155,0,0,0,0,1,486,0,2,488
13,13,25,132,501,3,1,0,3,0,296,0,2,4,2,1,970,0,7,977
14,14,32,142,491,8,3,0,0,3,274,0,0,1,3,2,959,0,4,963
15,15,4,78,359,4,0,0,0,0,187,0,0,0,1,1,634,0,1,635
16,16,14,170,508,4,1,1,3,4,187,0,0,0,3,0,895,0,3,898
17,17,25,189,560,7,3,0,3,3,214,0,0,1,2,2,1009,0,4,1013
18,18,17,164,247,5,0,0,2,1,171,1,0,0,0,1,609,0,4,613
19,19,22,196,273,0,0,0,2,2,211,1,0,0,2,0,709,0,0,709
20,20,20,191,428,4,4,0,0,3,254,0,0,1,2,1,908,0,2,910
21,21,19,118,226,2,1,0,4,1,174,1,0,0,3,0,549,0,1,550
22,22,10,151,190,2,1,0,1,1,268,0,0,0,0,0,624,0,1,625
23,23,3,117,160,0,0,0,0,2,201,0,0,1,1,2,487,0,1,488
24,24,21,188,505,4,2,0,0,3,219,0,1,1,1,1,946,0,2,948
25,25,1,11,9,0,0,0,0,0,22,0,0,0,0,0,43,0,1,44
26,26,18,409,174,2,2,1,1,1,206,0,0,0,1,4,819,0,4,823
27,27,19,345,192,1,5,0,1,3,303,1,0,1,1,1,873,0,4,877
28,28,19,206,194,1,2,0,1,5,197,0,0,0,0,2,627,0,0,627
29,29,30,247,218,2,1,0,1,4,422,0,0,1,2,1,929,0,1,930
30,30,11,428,174,0,1,0,0,1,242,0,1,0,1,0,859,0,4,863
31,31,20,298,227,1,1,0,1,4,226,0,0,0,0,2,780,0,0,780
32,32,27,98,567,8,0,0,2,2,251,0,0,0,4,1,960,0,5,965
33,33,18,77,497,5,0,0,1,3,117,0,0,1,2,1,722,0,2,724
34,34,7,230,59,2,0,0,0,0,107,0,0,0,0,2,407,0,1,408
35,35,18,107,261,2,1,0,0,6,181,0,0,0,3,0,579,0,2,581
36,36,2,67,372,0,0,1,0,1,138,0,0,0,1,0,582,0,0,582
37,37,15,80,286,2,1,0,1,1,111,2,0,0,0,0,499,0,4,503
38,38,11,199,387,4,1,3,0,3,220,1,0,1,2,8,840,0,1,841
39,39,23,162,412,0,3,0,1,4,242,0,0,1,1,2,851,0,0,851
40,40,21,374,267,1,2,0,1,1,301,0,0,1,3,2,974,0,2,976
41,41,10,63,226,1,0,0,0,1,69,0,0,0,0,0,370,0,1,371
42,42,11,102,368,5,2,1,0,1,185,0,1,1,2,1,680,0,2,682
43,43,18,123,347,3,0,0,3,1,222,0,0,0,4,1,722,0,3,725
44,44,7,229,56,0,0,0,0,1,102,1,0,0,0,0,396,0,0,396
45,45,12,129,117,0,1,0,0,1,129,0,0,1,2,1,393,0,0,393
46,46,6,76,318,5,1,0,0,2,152,0,0,0,2,1,563,0,0,563
47,47,3,77,470,4,1,0,1,0,92,1,2,0,1,2,654,0,1,655
48,48,32,434,132,0,4,0,0,1,210,1,0,0,0,0,814,0,3,817
49,49,5,92,229,0,1,0,0,0,45,0,0,1,1,1,375,0,3,378
50,50,10,166,353,0,1,0,0,2,138,1,1,4,1,0,677,0,1,678
51,51,14,125,324,1,2,0,0,1,134,1,0,0,0,1,603,0,1,604
52,52,8,45,501,0,1,0,1,1,150,0,1,0,1,0,709,0,2,711
53,53,19,180,406,1,1,0,0,1,180,0,2,0,0,0,790,0,0,790
54,54,22,262,185,3,3,0,0,0,285,1,1,0,0,3,765,0,3,768
55,55,33,345,240,1,2,1,4,4,314,1,0,0,2,2,949,0,4,953
56,56,5,137,280,1,1,0,0,1,96,0,0,0,0,0,521,0,0,521
57,57,18,491,132,1,3,0,0,3,196,0,1,0,1,2,848,0,4,852
58,58,6,491,185,2,0,0,0,2,104,0,0,0,0,0,790,0,1,791
59,59,10,157,297,2,1,0,0,2,118,0,0,0,0,0,587,0,1,588
60,60,10,214,319,1,0,0,0,2,232,1,1,2,0,3,785,0,1,786
61,61,5,93,152,0,1,0,0,3,128,0,0,0,0,2,384,0,1,385
62,62,33,528,162,2,3,0,0,2,299,0,0,0,2,0,1031,0,6,1037
63,63,17,539,185,4,2,1,0,0,208,0,1,0,2,0,959,0,6,965
64,64,26,472,231,1,0,0,0,2,193,0,0,0,0,0,925,0,6,931
65,65,10,90,280,0,1,0,0,1,79,0,0,0,0,0,461,0,0,461
66,66,15,153,275,0,0,0,0,2,204,1,0,0,0,1,651,0,0,651
67,67,10,138,208,0,3,0,0,0,145,0,0,0,0,0,504,0,0,504
68,68,10,219,335,1,1,1,0,3,132,0,0,1,2,2,707,0,1,708
69,69,16,648,135,0,0,0,1,7,159,2,1,0,1,6,976,0,7,983
70,70,18,145,324,3,2,1,1,1,174,1,0,0,0,2,672,0,0,672
71,71,2,90,325,0,0,0,0,0,48,0,0,1,0,1,467,0,3,470
72,72,11,221,201,6,0,0,0,2,160,0,0,0,1,2,604,0,2,606
73,73,4,156,138,0,1,0,0,0,140,0,0,1,1,0,441,0,0,441
74,74,18,113,473,3,2,0,0,1,215,0,0,0,0,0,825,0,5,830
75,75,15,292,173,3,5,0,0,1,275,2,0,0,2,1,769,0,1,770
76,76,5,253,23,0,0,0,2,2,59,0,0,0,0,0,344,0,0,344
77,77,9,56,197,1,1,0,0,0,200,0,1,0,0,1,466,0,0,466
78,78,12,268,296,2,3,0,0,3,151,0,0,1,0,1,737,0,0,737
79,79,15,189,173,4,2,0,0,1,124,1,0,0,1,0,510,0,0,510
80,80,21,181,228,3,3,2,2,3,300,4,0,1,6,6,760,0,8,768
81,81,22,303,463,1,0,0,1,2,164,0,0,0,0,0,956,0,1,957
82,82,15,150,352,2,1,0,0,2,106,0,0,0,1,0,629,0,2,631
83,83,21,177,331,1,0,1,0,0,127,0,0,0,0,0,658,0,1,659
84,84,18,170,166,2,1,0,0,0,97,0,0,0,1,0,455,0,0,455
85,85,8,268,118,1,4,0,0,1,214,0,0,0,0,0,614,0,1,615
86,86,6,591,43,0,1,0,0,2,93,3,0,0,0,0,739,0,1,740
87,87,6,286,76,1,1,0,0,3,134,0,1,0,1,1,510,0,3,513
88,88,11,162,619,5,1,0,0,0,155,1,1,0,1,0,956,0,1,957
89,89,7,216,174,0,0,0,0,2,170,0,0,0,1,0,570,0,2,572
90,90,4,383,70,0,1,0,0,1,79,0,0,1,0,1,540,0,1,541
91,91,11,86,582,0,0,1,0,1,87,1,1,0,0,0,770,0,2,772
92,92,9,647,78,1,0,0,0,1,67,0,0,0,0,0,803,0,1,804
93,93,7,452,36,0,1,0,0,0,60,0,0,0,0,0,556,0,1,557
94,94,11,131,207,1,0,0,0,0,45,0,0,0,0,0,395,0,1,396
95,95,16,537,316,1,6,0,0,3,164,0,1,0,0,0,1044,0,3,1047
96,96,19,240,325,5,3,0,1,6,392,2,0,2,4,6,1005,0,4,1009
97,97,16,317,395,1,0,0,2,2,230,0,0,1,3,3,970,0,2,972
98,98,12,206,342,1,0,1,0,2,229,0,0,0,0,1,794,0,1,795
99,99,14,514,210,2,0,1,1,4,192,0,0,0,0,0,938,0,1,939
100,100,7,213,53,1,0,0,0,1,81,0,0,0,0,0,356,0,1,357
101,101,18,199,402,3,1,1,0,0,163,1,0,1,2,0,791,0,0,791
102,102,21,146,343,1,1,0,0,2,204,1,0,0,3,4,726,0,1,727
103,103,3,114,195,2,0,0,0,1,103,0,0,0,1,3,422,0,2,424
104,104,12,364,101,1,0,0,1,1,129,0,0,0,1,0,610,0,1,611
105,105,24,222,237,3,1,0,0,2,228,0,0,0,0,0,717,0,1,718
106,106,19,186,230,2,2,1,0,6,132,0,0,0,0,0,578,0,1,579
107,107,9,536,155,2,3,0,0,3,180,1,0,2,0,0,891,0,4,895
108,108,6,53,171,2,0,0,0,0,59,1,0,0,0,0,292,0,1,293
109,109,16,207,234,5,1,0,1,0,224,3,0,3,1,3,698,0,0,698
110,110,14,96,232,0,0,0,0,2,76,0,0,0,0,0,420,0,2,422
111,111,8,220,186,4,1,1,0,2,297,1,0,2,3,1,726,0,3,729
112,112,7,216,160,0,1,0,0,0,101,0,0,0,1,0,486,0,0,486
113,113,14,234,126,2,7,1,1,2,199,0,0,1,3,2,592,0,2,594
114,114,10,497,229,2,0,0,0,1,177,0,0,0,1,0,917,0,8,925
115,115,17,90,218,1,0,0,0,3,114,0,0,0,0,0,443,0,0,443
116,116,6,201,10,0,0,0,0,0,19,0,0,0,0,0,236,0,0,236
117,117,9,725,43,0,1,0,1,0,61,0,0,0,0,0,840,0,2,842
118,118,7,592,31,0,0,0,0,0,38,0,0,0,0,0,668,0,1,669
119,119,2,380,6,0,0,0,0,1,36,0,0,0,0,0,425,0,0,425
120,120,3,78,370,3,2,0,1,3,133,0,0,1,1,0,595,0,2,597
121,121,13,53,294,0,0,0,0,1,117,0,0,0,0,1,479,0,0,479
122,122,16,119,319,3,2,0,2,0,333,1,1,2,5,3,806,0,3,809
123,123,20,179,301,1,2,1,1,1,337,0,2,0,6,3,854,0,4,858
124,124,8,69,185,1,1,0,0,2,76,0,0,0,0,0,342,0,1,343
125,125,17,268,196,4,2,0,0,1,214,0,1,1,0,1,705,0,2,707
126,126,17,52,252,2,0,0,1,0,154,0,1,1,1,1,482,0,1,483
127,127,25,211,270,5,3,3,1,3,271,1,0,2,4,2,801,0,1,802
128,128,34,462,82,0,1,0,0,2,365,0,0,0,2,3,951,0,2,953
129,129,18,395,230,1,2,1,1,5,204,2,0,0,2,0,861,0,2,863
130,130,12,62,165,2,1,0,0,2,113,0,0,1,0,1,359,0,2,361
131,131,21,96,300,2,1,1,3,5,325,0,1,1,2,2,760,0,3,763
132,132,21,111,421,5,1,0,0,7,205,0,0,1,2,2,776,0,2,778
133,133,20,165,187,0,1,0,0,1,182,0,0,0,0,0,556,0,2,558
134,134,21,243,257,2,2,0,0,0,202,1,0,0,1,1,730,0,4,734
135,135,29,149,237,3,1,0,0,2,127,0,0,0,3,0,551,0,3,554
136,136,12,291,168,1,1,0,2,0,126,0,0,1,0,1,603,0,2,605
137,137,18,222,160,4,0,0,0,5,308,0,0,1,0,1,719,0,1,720
138,138,19,174,120,2,1,0,1,2,206,1,0,0,1,1,528,0,1,529
139,139,3,464,79,1,0,0,0,0,77,0,0,0,0,1,625,0,1,626
140,140,5,58,172,1,0,0,0,1,78,0,0,0,0,0,315,0,2,317
141,141,24,194,412,9,1,1,0,4,219,3,1,2,4,4,878,0,9,887
142,142,7,129,140,0,1,0,0,2,190,0,0,1,1,1,472,0,1,473
143,143,24,274,253,3,4,0,1,2,253,0,1,3,2,1,821,0,0,821
144,144,8,411,424,4,4,3,1,0,118,0,0,0,2,1,976,0,5,981
145,145,17,269,217,2,3,1,0,0,157,1,1,0,1,1,670,0,3,673
146,146,9,320,334,3,1,0,0,1,163,0,0,0,2,0,833,0,6,839
147,147,13,227,236,3,1,1,0,0,161,0,0,1,2,1,646,0,5,651
148,148,23,477,293,4,1,0,2,0,274,1,1,0,2,6,1084,0,3,1087
149,149,23,482,278,3,4,0,1,2,162,2,2,1,4,3,967,0,3,970
150,150,1,20,308,2,1,2,0,0,44,0,0,0,0,0,378,0,1,379
151,151,22,384,277,2,1,0,1,2,240,0,3,0,3,2,937,0,2,939
152,152,14,347,237,2,1,1,2,3,207,0,0,1,0,1,816,0,3,819
153,153,22,578,188,2,1,0,0,0,175,10,0,0,0,5,981,0,2,983
154,154,10,170,280,0,0,0,1,0,162,1,0,0,0,0,624,0,4,628
155,155,40,294,365,4,4,0,1,1,236,0,1,2,2,2,952,0,4,956
156,156,19,221,128,2,0,0,1,1,190,6,0,1,1,1,571,0,2,573
157,157,13,182,127,2,5,2,1,1,135,2,0,0,3,1,474,0,2,476
158,158,40,151,323,5,2,2,0,4,449,1,0,2,2,3,984,0,2,986
159,159,25,161,260,2,1,0,0,2,152,0,0,1,1,3,608,0,1,609
160,160,13,347,229,1,3,0,2,2,160,0,1,2,2,2,764,0,2,766
161,161,9,558,82,2,3,0,1,2,170,4,2,0,1,3,837,0,2,839
162,162,20,80,388,4,1,1,0,2,238,1,0,0,2,2,739,0,1,740
163,163,17,103,490,2,4,1,1,1,245,0,1,6,2,3,876,0,2,878
164,164,17,167,411,2,3,2,1,1,322,2,0,1,5,3,937,0,5,942
165,165,25,301,276,1,7,1,1,3,244,1,1,1,1,4,867,0,4,871
166,166,18,231,256,3,1,0,2,3,160,1,0,1,2,1,679,0,4,683
167,167,16,106,441,2,1,0,1,0,131,0,0,0,1,1,700,0,2,702
168,168,25,125,567,7,5,0,0,5,193,0,0,4,1,0,932,0,1,933
169,169,8,643,35,2,1,2,0,3,112,0,0,2,0,4,812,0,5,817
170,170,17,189,361,3,2,0,1,0,250,0,1,0,0,0,824,0,2,826
171,171,10,75,193,1,1,0,0,1,195,0,0,0,2,0,478,0,4,482
172,172,7,87,121,0,1,0,1,0,89,0,0,0,2,0,308,0,1,309
173,173,4,82,179,0,2,0,0,1,83,1,2,0,1,0,355,0,2,357
174,174,13,113,367,1,4,1,0,2,166,1,0,2,1,0,671,0,1,672
175,175,11,164,313,2,4,1,1,0,242,0,0,2,2,2,744,0,2,746
176,176,8,103,139,4,1,0,2,4,229,0,0,2,2,4,498,0,4,502
177,177,8,270,49,0,0,0,1,0,75,0,0,0,0,0,403,0,0,403
178,178,6,118,324,2,1,0,1,2,242,0,0,0,1,5,702,0,2,704
179,179,12,134,320,3,1,2,1,3,255,0,0,0,1,2,734,0,1,735
180,180,21,206,328,1,1,0,1,4,284,0,1,0,1,2,850,0,2,852
181,181,2,79,155,0,0,0,0,1,118,0,0,0,0,2,357,0,0,357
182,182,13,80,272,3,0,0,0,1,251,1,1,0,2,0,624,0,2,626
183,183,9,66,220,2,1,1,0,1,93,0,0,1,0,1,395,0,2,397
184,184,12,650,90,2,1,0,1,2,202,0,0,1,1,1,963,0,1,964
185,185,16,545,123,1,3,0,0,2,171,0,1,0,0,1,863,0,5,868
186,186,27,214,230,1,1,0,0,2,361,1,2,1,2,2,844,0,2,846
187,187,15,75,146,0,0,0,0,2,139,0,0,0,0,1,378,0,2,380
188,188,8,104,88,1,1,0,0,0,102,0,0,0,0,0,304,0,4,308
189,189,21,185,264,2,2,0,0,0,179,1,0,0,0,4,658,0,2,660
190,190,9,146,243,1,0,0,0,3,183,0,0,0,1,1,587,0,1,588
191,191,12,106,235,2,0,0,0,1,168,0,0,1,1,1,527,0,2,529
192,192,27,352,172,0,0,1,0,1,112,0,0,1,1,1,668,0,1,669
193,193,11,403,109,0,0,0,0,1,91,0,0,0,0,0,615,0,2,617
194,194,14,98,196,0,0,0,0,3,94,0,0,0,0,0,405,0,0,405
195,195,25,181,327,1,0,0,0,0,150,2,0,2,1,1,690,0,5,695
196,196,10,51,327,0,0,0,0,2,118,1,0,1,1,1,512,0,0,512
197,197,22,185,136,1,0,0,0,1,161,0,0,1,1,0,508,0,1,509
198,198,8,150,162,0,0,0,1,0,147,0,0,0,1,2,471,0,1,472
199,199,14,136,212,3,0,0,0,4,201,0,0,1,1,3,575,0,0,575
200,200,13,316,242,4,1,0,1,0,97,1,0,0,0,3,678,0,3,681
201,201,2,157,215,1,1,1,0,2,133,0,1,1,0,2,516,0,4,520
202,202,11,218,252,5,1,0,1,1,206,0,0,0,0,0,695,0,2,697
203,203,10,389,74,0,4,0,2,0,140,0,0,1,0,0,620,0,1,621
204,204,6,106,85,1,0,0,0,3,111,0,0,0,0,0,312,0,1,313
205,205,27,122,398,2,1,1,0,3,235,0,1,1,0,2,793,0,1,794
206,206,10,106,257,5,1,2,4,5,414,1,0,3,3,3,814,0,2,816
207,207,6,47,120,4,2,0,4,8,160,1,0,1,2,5,360,0,9,369
208,208,6,89,160,2,1,0,1,1,254,0,0,1,0,2,517,0,4,521
209,209,14,148,238,2,1,0,1,2,257,0,0,0,0,1,664,0,3,667
210,210,7,95,130,2,1,0,0,1,159,1,0,0,1,0,397,0,0,397
211,211,9,474,77,0,2,0,0,0,97,0,0,0,2,1,662,0,2,664
212,212,7,118,263,0,0,0,0,0,90,0,0,0,0,1,479,0,1,480
213,213,13,195,176,0,0,0,0,0,185,0,0,1,0,1,571,0,2,573
214,214,9,292,149,1,1,0,0,1,106,0,0,0,1,2,562,0,3,565
215,215,11,580,42,0,2,0,0,2,95,0,0,0,0,1,733,0,4,737
216,216,16,156,277,3,4,0,0,4,326,2,0,3,2,1,794,0,3,797
217,217,25,204,395,3,0,0,1,2,162,0,0,0,1,0,793,0,4,797
218,218,2,64,78,1,0,0,0,2,65,1,0,0,0,1,214,0,1,215
219,219,15,229,165,1,0,0,0,3,435,0,0,1,1,0,850,0,2,852
220,220,14,220,436,1,2,0,0,1,245,0,1,2,2,0,924,0,2,926
221,221,21,171,380,2,2,0,0,1,352,0,0,0,1,1,931,0,7,938
222,222,6,105,93,1,0,0,0,0,138,0,0,0,0,0,343,0,1,344
223,223,9,305,179,0,1,0,1,0,285,0,0,0,0,0,780,0,1,781
224,224,14,252,125,1,2,1,0,4,295,0,0,0,0,0,694,0,1,695
225,225,21,210,119,0,2,1,0,0,229,0,0,0,0,1,583,0,0,583
226,226,15,295,112,0,2,0,1,3,277,0,1,1,0,0,707,0,1,708
227,227,16,267,118,0,0,0,1,0,230,0,0,0,1,0,633,0,1,634
228,228,11,228,103,1,0,0,0,3,207,0,0,0,0,0,553,0,0,553
229,229,18,213,120,1,1,0,0,1,223,0,0,0,0,0,577,0,2,579
230,230,12,131,96,1,3,0,1,1,118,0,0,0,0,1,364,0,3,367
231,231,13,177,126,0,1,0,0,3,183,0,0,1,1,0,505,0,5,510
232,232,13,172,199,2,0,0,1,1,136,0,0,1,0,0,525,0,3,528
233,233,15,77,404,2,2,2,0,1,164,1,1,1,0,1,671,0,3,674
234,234,12,51,299,1,0,0,0,3,124,1,0,1,0,0,492,0,1,493
235,235,20,309,177,1,3,0,1,4,208,0,0,0,1,5,729,0,5,734
236,236,22,60,572,4,2,0,0,1,162,0,0,2,1,1,827,0,2,829
237,237,16,442,117,0,2,0,0,2,259,1,0,0,1,1,841,0,2,843
238,238,8,298,43,1,0,0,0,0,176,0,0,0,0,0,526,0,3,529
239,239,18,487,71,1,0,1,1,0,264,0,0,0,2,1,846,0,3,849
240,240,13,337,54,1,1,0,0,0,196,0,0,0,1,1,604,0,2,606
241,241,19,295,151,1,0,0,0,1,267,0,0,0,0,0,734,0,1,735
242,242,12,358,105,2,2,0,1,3,403,0,0,1,0,2,889,0,1,890
243,243,22,215,125,2,1,0,1,2,289,0,0,0,0,2,659,0,2,661
244,244,15,190,196,0,1,0,0,1,343,1,0,0,0,0,747,0,1,748
245,245,21,218,135,2,0,0,0,2,224,1,0,0,0,0,603,0,1,604
246,246,24,308,182,0,2,0,0,4,230,0,0,0,0,1,751,0,0,751
247,247,24,307,145,4,0,1,1,2,396,1,0,0,1,1,883,0,4,887
248,248,13,480,273,3,2,0,0,3,185,1,0,1,1,0,962,0,2,964
249,249,18,262,431,5,1,0,1,1,258,1,0,2,2,0,982,0,6,988
250,250,21,207,178,2,2,0,0,1,296,0,1,0,1,1,710,0,2,712
251,251,8,98,145,0,2,0,0,1,89,0,0,0,0,1,344,0,2,346
252,252,20,578,177,1,0,0,0,2,164,0,2,0,0,2,946,0,7,953
253,253,14,231,145,2,5,0,0,5,195,0,0,1,1,0,599,0,1,600
254,254,11,225,127,1,5,0,1,3,148,1,1,1,1,3,528,0,1,529
255,255,12,374,110,1,2,0,0,1,221,0,0,0,1,2,724,0,4,728
256,256,12,189,172,3,1,0,0,5,158,0,0,0,1,0,541,0,0,541
257,257,39,202,415,4,1,1,5,2,293,1,1,2,4,0,970,0,4,974
258,258,10,132,471,2,0,2,0,1,165,1,0,0,1,0,785,0,1,786
259,259,8,162,96,1,1,0,1,6,203,1,0,1,1,0,481,0,4,485
260,260,12,115,349,5,1,0,0,3,132,1,1,0,2,1,622,0,1,623
261,261,20,263,122,3,1,0,1,3,123,0,0,1,3,2,542,0,1,543
262,262,18,118,223,2,2,0,1,2,174,0,1,1,3,1,546,0,2,548
263,263,16,93,205,1,0,0,2,1,130,1,0,0,1,2,452,0,3,455
264,264,9,112,174,6,0,1,1,2,160,1,0,0,2,3,471,0,1,472
265,265,11,128,98,1,1,1,2,0,211,0,0,1,1,1,456,0,2,458
266,266,12,99,293,5,0,0,0,0,87,0,0,1,1,1,499,0,0,499
267,267,22,158,293,4,1,2,2,2,163,0,0,0,2,0,649,0,5,654
268,268,9,68,171,6,2,1,0,2,110,1,0,2,4,1,377,0,2,379
269,269,30,310,307,2,2,0,1,3,166,0,1,2,0,1,825,0,4,829
270,270,16,58,167,1,2,0,0,5,95,0,0,1,1,0,346,0,2,348
271,271,23,280,156,1,3,1,4,1,206,0,0,1,3,3,682,0,4,686
272,272,31,186,298,3,4,1,1,4,386,2,0,0,5,4,925,0,3,928
273,273,8,239,335,4,2,0,0,0,148,0,0,2,2,1,741,0,3,744
274,274,15,406,171,4,3,0,0,2,220,0,0,1,5,2,829,0,4,833
275,275,36,164,297,1,0,0,0,0,254,0,0,2,0,0,754,0,1,755
276,276,28,119,110,1,2,0,0,2,314,1,1,0,0,1,579,0,2,581
277,277,18,130,137,0,1,0,1,4,152,0,0,0,1,0,444,0,7,451
278,278,31,170,265,7,2,1,0,0,166,0,1,0,1,3,647,0,3,650
279,279,25,234,245,6,3,1,1,4,370,1,1,1,3,1,896,0,0,896
280,280,10,348,120,1,3,1,1,3,240,0,1,1,0,1,730,0,3,733
281,281,14,262,194,2,2,0,0,5,219,0,0,2,0,1,701,0,3,704
282,282,30,238,166,4,1,0,1,5,240,2,0,1,3,1,692,0,3,695
283,283,12,109,116,2,0,0,0,2,141,0,1,1,3,2,389,0,0,389
284,284,12,80,78,1,4,0,0,1,191,1,0,0,2,1,371,0,1,372
285,285,25,307,245,6,6,3,4,3,369,2,1,4,9,5,989,0,8,997
286,286,20,138,273,4,4,2,0,5,379,3,1,1,3,1,834,0,8,842
287,287,3,36,51,1,0,0,1,1,57,0,0,0,1,1,152,0,3,155
288,288,7,94,122,2,2,2,2,2,121,0,0,1,2,6,363,0,0,363
289,289,11,92,46,2,1,1,2,0,135,1,0,0,0,6,297,0,1,298
290,290,34,289,161,4,4,1,0,3,280,0,3,2,8,4,793,0,6,799
291,291,22,106,172,3,2,1,1,1,150,0,0,3,2,2,465,0,2,467
292,292,24,181,260,10,2,0,1,1,261,1,2,0,4,0,747,0,3,750
293,293,37,212,260,5,3,0,1,4,257,2,1,2,1,8,793,0,8,801
294,294,28,266,216,6,4,1,2,4,252,1,3,2,4,6,795,0,5,800
295,295,11,185,139,4,1,1,0,2,323,0,1,2,6,1,676,0,3,679
296,296,11,317,53,2,1,0,0,3,123,0,0,0,0,4,514,0,2,516
297,297,5,251,252,3,1,2,1,1,101,0,1,0,4,3,625,0,2,627
298,298,10,90,168,3,0,0,0,0,120,1,1,4,4,2,403,0,3,406
299,299,18,108,217,3,1,0,2,2,104,0,0,1,1,3,460,0,3,463
300,300,16,173,205,8,3,0,2,3,236,2,2,2,4,5,661,0,4,665
301,301,22,148,180,1,2,0,1,5,233,1,1,0,2,1,597,0,2,599
302,302,20,158,191,9,4,2,1,1,326,1,2,1,7,1,724,0,6,730
303,303,24,102,168,8,5,0,0,6,94,1,1,4,8,1,422,0,6,428
304,304,28,198,275,6,0,0,2,3,190,2,0,2,2,7,715,0,4,719
305,305,13,87,139,3,3,0,2,1,156,1,1,1,3,3,413,0,5,418
306,306,34,130,124,1,2,0,1,3,222,3,1,3,3,6,533,0,4,537
307,307,14,225,132,5,2,1,0,1,209,1,0,4,2,11,607,0,7,614
308,308,22,310,243,7,2,3,1,5,277,2,2,3,9,2,888,0,3,891
309,309,33,210,184,1,2,1,7,0,450,0,2,1,1,0,892,0,5,897
310,310,26,256,211,3,4,5,6,3,382,1,0,0,1,4,902,0,3,905
311,311,11,407,187,1,0,0,1,1,239,1,1,1,2,0,852,0,0,852
312,312,23,183,144,4,2,1,0,4,167,0,1,0,0,1,530,0,4,534
313,313,12,167,191,7,6,2,0,1,189,0,0,0,0,1,576,0,4,580
314,314,31,233,205,2,2,0,1,1,262,0,0,1,2,3,743,0,3,746
315,315,15,107,154,2,2,1,1,1,123,0,0,0,2,2,410,0,1,411
316,316,17,218,146,1,4,1,0,2,308,0,2,0,0,1,700,0,3,703
317,317,16,116,116,3,3,0,1,1,170,0,1,3,1,1,432,0,2,434
318,318,25,255,263,3,2,2,2,1,255,1,1,0,4,2,816,0,3,819
319,319,29,282,96,0,4,2,2,6,318,1,0,1,3,5,749,0,4,753
320,320,7,138,109,3,0,0,1,1,260,3,0,1,1,0,524,0,3,527
321,321,27,229,188,2,6,0,1,6,290,0,2,1,6,6,764,0,6,770
322,322,35,197,200,2,5,1,1,7,219,1,2,2,4,2,678,0,3,681
