Polling Station No,AADIRAJARAM,AYSHA,UDHAYANIDHI STALIN,MOHAMMED YASSER,IRFAN BASHA,SELVAM. D,AGNI AALVAR,ATHIMULAM,AYISHA,ARUMUGAM. C,KUMAR. M,SAAMY. S.K. DR,SEENIVASAN. L,SELVAM. K,SELVAM. K,SYEED LAYAK BHASHA,BHARATHKUMAR. G,MILANY. P,MIRZA SAFDER ALI,MOHAMED DHARIK. I,MOHAMED MEERA. A,RAJASEKAR. S,RAJESHKUMAR. K,VIJAYA KUMAR. B,SELVAM ( ALIAS ) VENKATESH,SELVAM ( ALIAS ) HARINARAYANAN,Total Valid Votes,Rejected Votes,NOTA,Total,Tendered Votes
1,27,3,238,2,2,257,1,0,0,0,0,0,0,0,0,1,0,0,0,0,1,3,0,0,0,0,535,0,2,537,0
2,53,12,308,2,0,302,0,0,0,0,0,1,0,1,1,0,1,0,0,0,0,0,0,0,0,2,683,0,4,687,0
3,37,21,365,2,0,354,0,1,0,0,0,0,0,0,0,0,0,0,1,0,0,0,0,0,0,0,781,0,3,784,0
4,36,10,325,4,0,314,0,0,0,0,0,0,0,0,0,0,1,0,0,0,0,2,2,0,1,0,695,0,2,697,0
5,52,10,363,1,0,257,2,0,1,0,1,0,0,0,0,0,1,0,1,0,0,0,0,0,0,0,689,0,0,689,0
6,63,15,293,2,0,320,2,0,0,0,2,0,0,1,0,0,0,0,1,0,0,0,0,0,0,0,699,0,3,702,0
7,44,7,288,0,0,261,1,0,0,0,0,0,0,0,0,0,0,0,0,0,0,0,0,0,0,0,601,0,3,604,0
8,22,8,149,0,0,193,0,0,0,0,1,0,0,0,0,1,0,1,0,1,0,0,0,0,0,0,376,0,1,377,0
9,8,4,101,0,1,165,0,0,1,0,1,0,0,0,0,0,0,0,0,0,0,0,0,0,0,0,281,0,0,281,0
10,28,6,132,1,0,179,0,0,0,1,0,0,0,0,0,0,0,0,0,0,0,0,0,0,0,0,347,0,2,349,0
11,69,10,186,0,1,282,0,0,0,0,0,0,0,0,0,0,0,0,0,0,0,0,0,0,0,0,548,0,1,549,0
12,43,8,407,3,2,335,0,0,0,0,0,1,0,0,0,0,0,0,1,0,0,0,1,1,0,0,802,0,2,804,0
13,39,7,160,1,0,232,2,0,0,0,0,0,0,0,0,0,1,0,0,0,0,0,0,0,0,0,442,0,0,442,0
14,65,11,149,2,1,306,0,0,0,0,0,0,0,0,0,0,0,0,0,0,0,1,0,0,0,0,535,0,2,537,0
15,46,5,144,1,3,194,0,0,0,0,0,0,0,0,0,0,0,0,0,0,0,0,0,0,0,0,393,0,2,395,0
16,99,8,233,0,1,264,1,0,0,0,0,0,0,0,0,1,0,0,2,0,2,1,0,0,0,0,612,0,5,617,0
17,66,8,124,0,0,246,0,0,0,0,1,0,0,0,0,0,0,0,0,0,0,0,1,0,0,0,446,0,2,448,0
18,47,12,164,0,0,257,0,0,0,0,1,0,0,0,0,0,0,0,0,0,0,1,1,0,0,0,483,0,1,484,0
19,75,9,164,0,0,231,0,0,0,0,0,0,0,0,0,0,1,0,0,0,0,1,1,0,0,0,482,0,2,484,0
20,74,10,177,0,0,221,0,0,0,0,0,0,0,0,0,0,0,0,0,0,0,0,0,0,0,0,482,0,3,485,0
21,83,17,177,2,2,300,0,0,0,0,0,0,0,0,0,0,0,0,1,0,1,0,1,1,0,0,585,0,4,589,0
22,85,12,167,1,1,228,0,0,0,0,0,0,0,0,0,0,0,0,0,0,0,0,0,0,0,0,494,0,3,497,0
23,84,21,188,0,1,328,0,0,0,0,0,0,0,0,0,1,0,1,0,0,1,0,1,0,0,0,626,0,6,632,0
24,80,10,238,2,1,244,0,0,0,0,0,0,0,0,0,0,0,0,0,0,0,0,0,0,0,1,576,0,4,580,0
25,55,20,222,1,0,306,1,0,0,0,0,0,0,0,0,1,1,0,2,2,0,1,1,1,0,0,614,0,4,618,0
26,82,9,207,0,1,310,1,1,2,0,0,0,0,0,1,0,0,0,0,0,1,0,0,0,0,0,615,0,6,621,0
27,73,9,181,1,1,279,0,0,0,0,0,0,0,0,0,0,0,0,0,1,0,0,0,0,0,0,545,0,5,550,0
28,41,19,352,2,0,281,1,0,0,0,0,0,0,0,0,1,0,0,0,0,0,0,0,0,0,0,697,0,3,700,0
29,66,6,170,0,2,251,0,0,0,1,0,1,0,1,0,0,0,0,1,0,1,0,0,0,0,0,500,0,2,502,0
30,98,22,236,1,0,282,2,1,0,0,0,2,0,0,0,0,0,0,1,0,0,0,0,0,0,0,645,0,3,648,0
31,83,14,159,0,2,219,0,0,0,0,0,1,0,1,0,0,1,0,0,0,0,0,0,0,0,0,480,0,9,489,0
32,49,15,261,1,2,211,1,0,0,0,0,0,0,0,0,0,0,0,0,0,0,0,1,0,0,0,541,0,2,543,0
33,50,9,272,2,0,431,0,0,0,0,0,0,0,0,0,0,0,1,0,0,0,1,0,0,0,0,766,0,2,768,0
34,73,14,280,1,0,195,0,0,0,0,0,0,0,0,0,0,0,0,0,0,0,1,0,0,0,1,565,0,2,567,0
35,48,10,352,0,0,211,1,0,1,0,0,0,0,0,0,0,0,0,0,1,0,0,1,0,0,0,625,0,1,626,0
36,32,7,417,0,0,126,1,1,0,0,0,0,0,0,0,0,0,0,0,0,1,0,0,0,0,0,585,0,3,588,0
37,44,17,330,3,0,260,0,0,0,0,0,0,0,0,0,0,0,1,1,0,0,1,1,0,0,0,658,0,6,664,0
38,69,13,248,2,0,254,0,0,0,0,0,0,0,0,0,1,1,1,1,0,0,1,1,0,0,0,592,0,0,592,0
39,66,11,285,0,0,221,0,0,0,1,0,1,0,0,0,0,1,1,0,0,0,0,3,0,0,0,590,0,3,593,0
40,70,9,348,0,2,222,2,0,0,0,0,0,0,0,0,0,0,0,1,1,0,1,1,0,0,0,657,0,1,658,0
41,74,14,354,1,0,253,2,0,1,1,0,0,0,1,0,0,1,0,1,0,0,0,2,0,0,1,706,0,4,710,0
42,49,2,270,2,1,248,0,0,0,0,1,0,0,0,0,1,1,0,0,0,1,0,0,0,0,0,576,0,2,578,0
43,14,3,255,1,0,255,3,0,1,0,0,0,0,0,0,1,1,0,0,0,1,0,1,0,0,0,536,0,0,536,0
44,61,11,371,0,0,258,0,0,0,0,0,0,0,0,0,2,0,0,0,0,0,0,2,0,0,0,705,0,1,706,0
45,39,10,260,0,0,192,0,0,0,0,0,0,0,0,0,0,0,0,1,0,0,0,0,0,0,0,502,0,2,504,0
46,39,10,241,0,1,366,1,0,1,0,0,0,0,0,0,0,0,0,0,0,0,0,1,0,0,0,660,0,1,661,0
47,23,2,231,0,0,111,1,0,0,0,0,0,0,1,0,0,0,1,0,0,0,0,0,1,0,0,371,0,0,371,0
48,44,3,495,1,1,174,1,0,0,0,0,1,0,0,0,1,0,0,2,0,1,2,0,0,0,0,726,0,3,729,0
49,77,11,220,1,1,266,1,0,1,0,0,0,0,0,0,0,0,0,0,0,0,2,1,0,0,0,581,0,3,584,0
50,32,11,361,1,0,156,1,0,0,0,0,0,0,0,0,0,0,0,0,0,0,0,0,0,0,0,562,0,0,562,0
51,77,14,364,1,0,238,1,0,1,0,0,0,0,0,0,1,0,0,0,0,0,0,0,0,0,0,697,0,0,697,0
52,60,13,390,1,0,217,0,0,1,0,0,0,0,1,0,0,1,1,2,0,0,1,0,0,0,0,688,0,1,689,0
53,99,7,222,0,0,305,3,0,0,0,0,0,0,1,1,0,1,0,0,0,0,1,0,0,0,0,640,0,2,642,0
54,33,7,430,4,3,246,3,0,0,0,0,0,0,0,1,0,0,0,0,0,0,0,0,0,0,1,728,0,1,729,0
55,76,7,237,2,0,214,2,0,0,0,0,0,0,0,0,0,0,0,0,1,0,0,0,0,0,0,539,0,4,543,0
56,99,9,162,1,0,295,1,0,0,0,0,0,0,0,0,0,0,0,0,0,0,0,1,1,0,0,569,0,0,569,0
57,59,7,338,4,1,349,4,0,0,0,0,0,0,0,0,0,1,0,1,0,0,0,0,0,0,0,764,0,1,765,0
58,82,21,199,4,0,198,1,0,0,0,0,0,0,0,0,0,0,0,0,0,0,2,1,0,0,1,509,0,3,512,0
59,50,13,327,3,0,225,1,0,0,0,0,0,0,0,1,0,0,0,1,1,0,0,0,0,0,0,622,0,1,623,0
60,101,10,186,2,0,284,1,0,1,0,0,0,0,0,0,0,0,0,0,0,0,0,0,0,0,0,585,0,3,588,0
61,58,6,291,0,0,271,0,1,0,0,0,0,0,1,0,2,0,0,0,0,0,0,1,1,0,0,632,0,0,632,0
62,83,6,234,1,1,274,3,0,1,1,0,0,0,0,0,2,0,0,0,0,0,0,1,0,0,0,607,0,5,612,0
63,25,4,316,2,0,163,0,0,0,0,0,0,0,0,1,0,0,0,0,0,0,0,0,0,0,0,511,0,1,512,0
64,14,8,408,1,2,142,0,0,0,0,0,0,0,0,0,1,0,0,0,0,0,0,0,0,0,0,576,0,1,577,0
65,4,3,457,2,2,77,1,0,0,1,1,1,0,0,1,1,1,0,0,0,0,1,0,0,1,0,554,0,0,554,0
66,41,10,309,3,0,134,0,0,1,0,0,0,0,0,0,0,1,0,0,0,0,0,0,0,0,0,499,0,4,503,0
67,54,7,371,0,0,173,3,0,0,0,0,0,1,1,0,0,0,0,1,0,0,1,0,0,0,0,612,0,1,613,0
68,ge 136,9,381,3,1,200,3,0,0,1,0,0,0,0,0,0,1,0,0,0,0,0,0,0,1,0,636,0,3,639,0
69,69,19,239,0,1,176,0,0,1,0,0,1,0,0,0,0,0,0,0,1,0,0,1,0,0,0,508,0,4,512,0
70,76,8,298,0,0,218,0,0,0,0,0,0,0,0,0,1,0,0,1,0,0,1,0,1,0,0,604,0,2,606,0
71,54,20,424,1,0,187,0,0,0,0,0,0,0,0,0,0,0,0,0,0,0,0,0,0,0,0,686,0,1,687,0
72,137,11,318,0,0,227,0,1,0,0,0,0,0,0,1,0,0,0,0,0,0,0,0,0,0,0,695,0,3,698,0
73,30,12,432,2,1,193,0,0,0,0,0,0,0,0,0,0,1,0,1,0,0,1,0,0,0,0,673,0,1,674,0
74,45,8,484,0,1,205,1,1,0,0,0,0,0,0,0,1,1,0,2,0,0,0,1,0,0,0,750,0,3,753,0
75,96,8,130,1,1,153,0,0,0,0,0,0,0,0,0,1,1,0,0,0,0,0,0,0,0,0,391,0,6,397,0
76,106,11,194,1,0,136,1,0,0,1,0,0,0,0,0,0,0,0,0,0,2,0,0,0,0,0,452,0,7,459,0
77,24,7,242,1,0,172,2,0,0,0,0,1,0,0,0,0,0,0,1,0,1,0,0,0,0,0,451,0,5,456,0
78,76,8,278,0,1,183,1,0,0,0,0,0,0,0,0,0,0,0,1,0,0,0,0,0,0,0,548,0,2,550,0
79,69,16,193,1,0,187,0,0,0,0,0,0,0,0,0,0,0,0,0,0,0,0,1,0,0,0,467,0,1,468,0
80,44,8,240,1,0,217,0,0,0,0,0,1,0,0,1,0,0,0,2,0,0,0,0,0,0,0,514,0,2,516,0
81,94,17,261,1,1,243,3,0,1,0,0,0,0,0,0,1,0,0,1,0,0,0,1,0,0,0,624,0,5,629,0
82,61,33,314,1,1,252,0,0,0,0,0,0,0,1,1,0,0,0,0,0,0,1,0,0,0,0,665,0,4,669,0
83,50,19,351,0,0,236,2,0,0,0,0,0,0,0,0,1,0,0,0,0,0,0,0,0,0,0,659,0,3,662,0
84,54,18,228,0,0,212,1,1,0,0,0,0,0,0,0,0,0,0,1,0,0,0,0,0,1,0,516,0,2,518,0
85,38,19,202,1,0,110,0,0,1,0,0,0,0,0,0,1,0,0,0,0,0,0,0,0,0,0,372,0,2,374,0
86,64,17,313,1,0,264,0,0,0,0,0,0,1,0,0,0,2,0,1,0,0,0,0,0,0,0,663,0,3,666,0
87,38,9,257,0,0,176,0,0,0,0,0,1,0,0,0,0,0,0,1,0,0,0,2,1,0,0,485,0,2,487,0
88,72,17,282,1,0,319,2,1,1,0,0,0,0,0,0,2,0,0,0,0,0,1,1,0,0,0,699,0,2,701,0
89,27,9,231,1,0,265,4,0,0,0,0,0,0,0,0,0,0,0,0,0,0,1,0,0,1,0,539,0,1,540,0
90,76,13,278,0,2,320,1,0,0,0,1,0,0,1,0,2,2,0,2,1,0,2,5,1,0,0,707,0,8,715,0
91,77,11,276,2,0,350,0,0,1,1,0,0,0,0,0,2,0,0,0,1,3,2,3,0,0,0,729,0,1,730,0
92,90,18,248,2,0,359,2,0,0,0,0,0,0,0,0,0,0,3,0,1,0,1,1,1,0,0,726,0,1,727,0
93,90,24,170,1,0,344,2,0,2,0,0,0,0,0,1,0,2,0,0,0,1,2,0,0,0,0,639,0,1,640,0
94,36,8,114,0,1,204,1,0,0,0,0,0,0,2,0,0,0,0,0,0,0,0,0,0,0,0,366,0,1,367,0
95,76,14,128,0,0,246,0,0,0,0,0,0,1,0,0,0,0,0,0,0,1,2,1,0,1,1,471,0,1,472,0
96,47,13,249,1,0,414,0,0,0,0,0,0,0,0,0,0,0,1,1,0,0,1,2,0,0,1,730,0,0,730,0
97,60,21,198,7,1,373,5,0,2,1,0,0,0,1,0,0,1,0,1,0,1,4,2,0,0,1,679,0,2,681,0
98,60,18,225,1,1,370,0,1,0,0,0,0,0,0,0,0,0,0,2,0,2,2,2,0,0,0,684,0,3,687,0
99,215,21,118,2,0,209,1,0,0,0,0,0,0,0,0,0,0,0,0,0,0,0,1,0,0,0,567,0,8,575,0
100,189,21,155,2,3,315,0,0,0,0,0,0,0,0,0,0,0,0,0,0,0,0,2,0,1,0,688,0,1,689,0
101,147,17,121,0,0,294,1,0,1,0,0,0,1,1,0,0,1,0,1,0,2,4,0,0,0,0,591,0,2,593,0
102,41,14,209,1,0,280,0,0,0,0,0,1,1,1,0,1,0,0,1,1,0,3,1,0,0,0,555,0,1,556,0
103,35,13,256,0,0,254,0,0,0,0,0,0,0,0,0,0,0,0,1,0,0,0,2,0,0,1,562,0,1,563,0
104,53,15,228,3,0,315,1,0,0,0,0,1,1,0,0,0,0,0,1,0,1,1,1,1,0,0,622,0,0,622,0
105,40,12,240,0,1,229,1,0,0,0,2,0,0,0,0,1,0,0,2,0,0,0,1,0,0,0,529,0,1,530,0
106,35,14,283,2,1,290,1,0,0,0,1,0,1,0,1,1,0,0,0,0,0,0,1,0,0,0,631,0,1,632,0
107,244,11,77,0,1,154,0,0,0,0,1,0,0,0,1,0,0,0,1,0,0,0,0,0,0,0,490,0,5,495,0
108,263,9,112,0,0,180,0,0,0,0,0,0,0,0,0,0,0,0,0,0,0,0,1,0,0,0,565,0,0,565,0
109,130,18,162,0,2,324,4,0,3,0,0,0,0,0,0,0,0,0,0,0,0,1,2,1,0,1,648,0,5,653,0
110,144,11,183,0,0,229,0,0,0,0,0,0,0,0,2,0,0,0,0,0,1,0,1,2,0,0,573,0,7,580,0
111,283,19,102,1,1,222,0,0,1,1,0,0,0,0,1,0,1,0,1,0,0,0,0,0,0,0,633,0,5,638,0
112,308,23,66,0,0,82,1,0,1,0,0,0,0,1,0,1,0,0,0,0,0,1,0,0,0,1,485,0,5,490,0
113,312,12,110,0,0,138,2,0,0,0,0,0,0,0,0,0,2,0,0,0,0,0,0,0,1,1,578,0,3,581,0
114,123,14,273,1,1,244,0,1,0,0,0,0,0,0,0,2,0,1,0,1,0,1,0,0,0,0,662,0,2,664,0
115,217,18,105,0,0,177,1,0,2,0,0,0,0,1,0,2,1,0,0,1,0,0,0,0,0,0,525,0,2,527,0
116,264,15,178,2,0,196,3,0,0,0,1,0,1,0,1,0,1,0,0,1,2,2,0,0,0,1,668,0,10,678,0
117,132,23,161,1,0,258,1,1,0,0,0,0,0,0,0,0,0,0,0,0,0,3,1,1,0,0,582,0,1,583,0
118,343,10,66,1,1,146,3,0,1,0,0,0,1,0,0,0,0,1,1,0,0,0,0,0,0,0,574,0,8,582,0
119,59,20,303,0,0,178,0,0,0,0,1,0,0,0,0,0,0,0,0,0,0,0,0,0,1,0,562,0,3,565,0
120,114,24,158,0,0,193,1,0,0,0,0,2,0,0,0,0,0,2,0,0,0,0,0,0,0,0,494,0,6,500,0
121,62,12,224,1,0,197,2,0,0,0,0,0,0,0,0,0,0,0,0,0,0,0,0,0,0,0,498,0,3,501,0
122,46,9,244,2,0,147,1,0,0,0,0,0,0,1,0,0,0,0,1,0,0,0,0,0,0,0,451,0,1,452,0
123,91,17,227,0,1,259,1,1,0,0,0,0,1,0,0,0,0,0,1,0,1,0,1,0,0,0,601,0,1,602,0
124,156,23,225,1,0,275,1,0,0,0,1,1,0,0,0,0,0,0,0,0,0,1,0,0,0,0,684,0,3,687,0
125,135,15,139,0,0,172,1,0,1,0,0,1,0,0,0,0,0,0,0,0,0,0,1,0,0,0,465,0,3,468,0
126,101,20,121,0,1,163,0,0,0,0,0,0,0,0,0,0,0,0,0,1,0,0,1,0,0,1,409,0,2,411,0
127,205,24,162,0,0,204,0,0,0,1,0,0,0,0,0,0,0,0,0,0,0,0,1,0,0,0,597,0,6,603,0
128,123,10,209,1,2,250,0,0,1,0,0,1,0,1,0,0,0,0,1,1,0,2,3,1,1,0,607,0,8,615,0
129,51,15,218,0,1,216,1,1,1,0,0,0,0,0,0,0,1,0,0,0,0,0,0,0,0,0,505,0,1,506,1
130,36,17,254,0,0,231,1,0,0,0,0,0,0,0,0,0,0,2,0,0,0,0,0,0,0,0,541,0,0,541,0
131,26,9,344,2,3,250,0,1,0,0,0,0,0,0,0,0,0,0,1,0,0,0,0,0,0,0,636,0,2,638,0
132,67,15,427,3,0,277,2,0,0,0,0,0,0,1,0,0,0,0,2,0,0,2,1,1,0,0,798,0,0,798,0
133,68,15,282,2,2,308,0,0,2,0,0,0,0,2,0,0,0,0,0,0,0,1,0,1,0,0,683,0,6,689,0
134,61,13,279,0,0,255,2,0,1,0,0,0,0,0,0,0,1,0,1,0,0,0,0,0,0,0,613,0,3,616,0
135,82,18,366,0,2,347,2,1,1,0,1,0,1,1,0,2,0,0,0,0,1,0,0,0,0,0,825,0,4,829,0
136,ge 273,17,387,2,2,336,1,0,0,0,0,0,0,1,0,0,0,0,0,2,0,0,1,0,0,0,822,0,6,828,0
137,70,27,410,1,0,284,1,0,1,0,0,1,0,1,0,0,0,0,1,0,0,1,2,0,1,0,801,0,2,803,0
138,123,23,243,1,1,323,3,1,2,0,0,1,0,1,2,0,0,0,0,0,0,0,0,0,1,0,725,0,5,730,0
139,88,11,242,0,1,254,0,0,1,1,0,0,0,0,0,0,1,0,0,0,0,0,2,0,0,1,602,0,3,605,0
140,31,7,463,1,2,225,0,0,0,0,0,0,0,0,0,1,0,0,1,0,0,0,1,0,0,0,732,0,1,733,0
141,27,12,469,1,1,164,1,0,0,0,0,0,0,1,0,0,0,0,1,0,0,3,2,0,0,0,682,0,2,684,1
142,50,11,402,0,0,186,0,0,0,0,0,0,0,0,0,0,0,0,1,1,0,0,0,0,0,0,651,0,4,655,0
143,30,3,474,1,3,243,0,0,0,0,0,0,0,0,0,0,2,0,0,1,1,0,0,1,0,0,759,0,5,764,0
144,8,11,369,1,0,160,2,0,0,0,0,0,0,0,0,0,0,1,1,0,0,1,0,0,1,0,555,0,2,557,0
145,16,6,344,1,0,144,1,0,0,0,0,0,0,0,0,0,0,0,1,0,0,0,0,0,0,0,513,0,0,513,0
146,33,12,387,1,1,228,2,1,0,0,0,0,0,0,1,0,1,0,1,0,0,0,0,0,0,0,668,0,1,669,0
147,7,6,479,6,3,146,2,0,1,0,0,0,1,0,0,0,0,0,1,0,0,0,0,1,0,0,653,0,1,654,0
148,2,5,325,0,1,81,1,0,0,0,0,0,0,0,0,0,0,0,0,0,0,0,0,0,0,0,415,0,0,415,0
149,18,9,473,1,0,156,1,0,0,0,0,0,0,0,0,1,0,0,0,0,0,0,2,0,0,0,661,0,1,662,0
150,17,8,585,0,8,191,2,0,1,0,0,0,0,0,1,0,0,1,0,1,0,0,0,0,0,0,815,0,4,819,0
151,83,20,239,0,2,259,2,0,0,0,0,1,0,0,0,1,0,0,0,0,0,1,0,0,0,0,608,0,7,615,0
152,61,13,298,0,0,222,3,0,1,0,2,0,0,0,0,3,0,0,1,1,0,1,0,0,0,0,606,0,2,608,0
153,93,16,206,2,0,239,0,0,2,0,0,0,1,0,0,0,0,0,0,1,1,0,2,0,0,0,563,0,3,566,0
154,43,4,302,1,0,195,0,0,0,0,1,0,1,0,0,0,0,0,0,0,0,0,1,0,0,0,548,0,3,551,0
155,43,8,235,1,0,141,0,0,0,0,0,0,0,0,0,0,0,0,0,1,0,0,0,0,0,0,429,0,6,435,0
156,32,9,404,1,0,127,2,0,0,0,0,0,0,0,0,0,0,0,1,0,0,0,0,0,0,0,576,0,1,577,0
157,45,15,422,2,2,232,0,0,0,0,0,0,0,0,1,1,0,0,0,0,0,2,0,0,0,0,722,0,0,722,0
158,34,14,357,0,0,190,2,0,0,0,0,0,0,0,0,0,1,0,2,0,2,0,1,0,1,0,604,0,1,605,0
159,17,6,285,0,1,134,0,0,0,1,0,0,0,0,0,1,0,0,0,1,0,0,0,0,0,0,446,0,0,446,0
160,24,21,248,1,0,207,1,0,0,0,0,0,0,0,0,1,1,0,0,0,0,2,4,0,0,0,510,0,1,511,0
161,22,13,250,1,1,184,0,1,0,0,0,0,0,0,0,0,0,0,3,0,0,0,0,0,0,0,475,0,1,476,0
162,24,11,177,2,1,78,2,0,1,0,0,0,0,0,0,0,0,0,0,0,0,0,0,0,0,0,296,0,2,298,0
163,19,6,225,0,0,100,0,0,0,0,0,0,0,0,0,0,0,0,3,0,0,0,0,0,0,0,353,0,1,354,0
164,73,16,226,0,0,309,0,1,0,0,0,0,0,0,0,0,0,0,0,0,0,0,0,0,0,0,625,0,3,628,0
165,49,9,125,0,0,156,1,0,0,0,0,0,0,0,0,0,0,1,1,0,1,2,0,0,1,0,346,0,5,351,0
166,45,8,401,2,0,283,2,1,0,0,0,1,0,0,0,0,1,0,4,0,1,1,2,0,0,0,752,0,4,756,0
167,33,10,474,2,0,181,0,0,1,0,1,0,0,0,0,0,0,0,0,1,0,0,0,0,0,0,703,0,9,712,0
168,27,17,484,2,2,192,2,0,0,0,0,0,0,1,0,0,1,0,0,0,0,1,0,0,0,0,729,0,8,737,0
169,30,14,479,2,1,202,0,0,1,0,0,0,0,0,0,2,0,0,0,1,0,0,0,0,0,0,732,0,5,737,0
170,23,5,495,2,2,219,3,0,0,1,0,1,0,0,0,1,1,0,0,0,0,0,0,0,0,0,753,0,2,755,0
171,16,4,484,2,2,160,1,0,0,0,0,0,0,0,0,0,0,0,2,0,0,0,0,0,0,1,672,0,6,678,0
172,29,1,489,1,0,157,4,0,0,0,0,0,0,1,1,0,0,0,19,1,1,0,0,0,0,1,705,0,1,706,0
173,4,7,432,0,0,117,1,0,0,0,0,0,0,0,0,0,0,1,15,0,0,0,0,0,1,0,578,0,2,580,0
174,20,2,425,0,1,156,1,1,0,0,0,0,0,0,0,1,0,2,19,0,0,0,1,0,1,2,632,0,3,635,0
175,18,4,517,2,1,144,1,0,1,0,0,0,0,0,0,0,1,0,16,0,0,0,0,0,1,0,706,0,1,707,0
176,34,13,428,4,1,207,2,0,0,0,0,0,0,0,0,0,0,0,1,0,0,0,0,0,0,0,690,0,3,693,0
177,30,17,518,3,1,224,2,1,0,0,0,0,0,0,0,1,0,0,0,0,0,1,0,0,0,0,798,0,1,799,0
178,7,7,436,1,2,152,1,0,0,0,0,0,0,0,0,1,0,0,0,0,0,0,0,0,0,0,607,0,2,609,0
179,34,16,473,1,1,159,6,0,1,0,0,0,0,0,0,0,1,0,2,1,1,0,1,3,0,0,700,0,3,703,0
180,46,17,390,0,2,223,3,1,0,0,0,0,0,0,0,0,0,0,5,0,0,0,0,0,0,0,687,0,0,687,0
181,54,13,293,3,0,206,0,0,0,0,0,0,0,0,0,1,0,0,0,0,0,0,0,0,0,0,570,0,3,573,0
182,44,17,418,1,0,188,4,0,1,0,0,0,0,0,0,0,0,0,2,1,1,0,1,1,0,0,679,0,7,686,0
183,62,7,296,1,0,247,2,0,1,0,0,1,0,0,0,0,0,0,0,0,0,1,0,0,0,0,618,0,3,621,0
184,75,16,179,0,0,251,4,0,0,0,0,0,0,0,0,1,1,0,1,1,0,0,1,0,0,0,530,0,1,531,0
185,61,12,340,0,0,183,0,0,0,0,1,0,0,0,0,0,1,0,1,0,0,0,0,0,0,0,599,0,3,602,0
186,100,15,215,0,0,230,2,0,0,1,0,0,0,0,0,0,1,0,0,0,0,0,1,0,0,0,565,0,3,568,0
187,121,15,240,1,0,198,1,0,0,1,0,0,0,0,0,0,1,0,0,0,0,0,0,1,0,1,580,0,4,584,0
188,31,18,296,3,0,319,0,0,1,0,0,2,0,0,0,1,0,0,0,0,1,1,2,0,0,0,675,0,0,675,0
189,128,16,258,0,0,195,2,0,0,0,0,1,0,0,0,0,0,0,2,0,0,0,1,0,0,0,603,0,4,607,0
190,90,19,261,1,1,281,1,0,0,0,0,0,0,0,0,0,0,0,0,0,0,0,1,0,0,0,655,0,1,656,0
191,107,14,279,0,1,191,0,0,0,0,0,0,0,0,0,0,0,0,0,0,0,0,3,0,0,0,595,0,5,600,0
192,65,10,302,2,1,208,3,0,4,0,1,1,0,1,0,1,1,0,2,0,0,1,0,0,0,0,603,0,7,610,0
193,158,22,191,1,0,154,0,1,1,0,0,1,0,0,2,0,0,0,0,0,0,0,0,0,0,0,531,0,10,541,0
194,119,5,118,0,0,119,0,1,0,0,0,0,1,0,0,0,1,0,0,0,0,0,0,0,0,0,364,0,10,374,0
195,118,15,222,1,1,289,0,0,0,0,0,0,1,0,0,0,0,0,1,0,0,0,0,2,0,0,650,0,6,656,0
196,260,17,140,0,1,144,0,0,1,1,0,0,0,1,0,0,1,0,0,0,0,1,1,0,1,0,569,0,5,574,0
197,181,16,173,0,0,169,0,0,0,0,0,0,0,0,0,0,0,0,0,0,0,0,1,0,0,0,540,0,13,553,0
198,210,16,200,0,0,178,1,0,0,0,0,0,0,1,1,0,0,0,0,0,0,0,0,0,0,0,607,0,11,618,0
199,158,19,183,0,1,174,1,1,2,0,1,1,1,0,0,0,0,0,1,0,0,0,0,0,0,0,543,0,3,546,0
200,84,17,299,1,0,322,3,0,0,0,0,0,0,0,0,0,0,0,0,0,2,0,0,0,0,0,728,0,3,731,0
201,31,6,190,2,0,160,1,0,0,0,0,2,0,0,0,0,0,1,1,0,0,1,0,0,0,0,395,0,0,395,0
202,58,13,143,0,1,226,1,0,0,0,0,0,1,0,0,1,0,0,0,0,1,1,1,0,0,0,447,0,0,447,0
203,113,7,190,2,0,472,1,0,0,0,0,0,1,1,0,1,0,0,0,0,1,0,1,0,1,2,793,0,0,793,0
204,ge 341,4,264,1,0,349,3,0,0,1,0,2,2,0,3,0,0,0,0,0,1,1,0,0,0,0,672,0,0,672,0
205,80,25,177,1,1,331,1,0,0,0,0,0,0,0,0,0,0,0,0,0,0,1,0,1,0,0,618,0,1,619,0
206,70,22,221,1,0,377,1,0,0,0,0,0,0,0,0,1,0,1,0,0,1,0,5,0,1,0,701,0,1,702,0
207,34,18,444,0,0,272,1,0,0,0,0,0,1,1,0,1,0,1,1,0,0,1,0,0,0,0,775,0,4,779,0
208,77,6,299,1,0,248,0,0,0,1,0,0,0,0,0,0,0,0,0,0,1,1,1,0,1,1,637,0,3,640,0
209,71,15,228,0,0,208,2,0,0,0,0,0,0,0,0,1,0,0,0,0,0,0,2,0,0,0,527,0,2,529,0
210,39,8,171,0,0,142,0,0,1,1,0,0,0,0,0,1,0,0,0,0,0,1,0,0,0,0,364,0,2,366,0
211,45,14,168,2,2,267,0,0,0,0,0,0,0,0,0,0,1,1,1,0,3,0,3,0,2,0,509,0,1,510,0
212,62,12,226,3,0,319,0,0,1,1,0,1,0,0,0,1,2,0,2,1,2,1,1,0,0,0,635,0,2,637,0
213,25,14,126,1,2,168,1,0,0,0,0,0,0,0,0,0,0,0,1,0,1,0,2,0,1,0,342,0,3,345,0
214,57,16,144,2,0,269,0,0,0,0,0,0,1,0,1,0,0,1,0,0,1,0,0,0,0,0,492,0,2,494,0
215,73,16,236,0,0,374,2,0,0,0,0,0,0,0,1,1,0,0,0,0,1,1,0,1,0,0,706,0,4,710,0
216,82,17,197,1,0,258,0,0,1,0,0,0,0,0,0,0,0,0,1,1,0,1,1,0,0,0,560,0,3,563,0
217,38,15,233,2,0,370,1,1,0,0,0,0,1,0,1,1,1,0,0,0,1,1,1,1,0,2,670,0,3,673,0
218,45,5,171,2,0,235,1,0,1,0,0,0,0,1,1,2,0,0,0,0,0,0,0,0,0,0,464,0,0,464,0
219,37,18,258,1,0,253,1,0,0,0,0,0,1,2,0,0,0,0,2,0,1,0,0,0,0,0,574,0,4,578,0
220,35,10,184,2,0,212,1,1,0,0,0,1,0,0,0,0,0,0,0,0,0,1,1,0,0,0,448,0,0,448,0
221,46,12,128,1,0,269,2,0,0,0,1,0,0,0,0,0,0,0,0,0,0,2,0,0,0,0,461,0,0,461,0
222,76,14,188,1,0,341,2,0,0,0,0,1,0,0,0,2,0,0,1,0,1,1,4,0,0,1,633,0,1,634,0
223,34,7,153,1,0,211,0,0,0,0,1,0,0,0,0,0,0,0,0,0,0,0,0,0,0,0,407,0,1,408,0
224,30,11,168,0,2,257,1,0,0,0,0,0,0,1,0,0,0,0,1,0,0,0,1,0,0,0,472,0,1,473,0
225,46,19,153,0,0,251,2,0,0,0,0,0,0,1,0,0,0,0,0,0,0,0,0,0,0,1,473,0,2,475,0
226,24,5,221,2,1,295,1,0,0,0,0,0,0,0,0,0,2,1,0,0,1,0,1,0,0,0,554,0,2,556,0
227,35,5,158,1,0,408,1,0,0,0,1,0,1,0,0,1,2,0,0,0,3,1,7,0,0,1,625,0,3,628,0
228,49,11,174,0,1,333,2,1,0,1,0,0,0,0,0,1,0,0,0,0,0,2,0,0,0,0,575,0,1,576,0
229,45,7,109,1,2,282,1,0,0,0,0,0,0,0,0,1,0,0,0,0,0,2,1,0,0,1,452,0,1,453,1
230,47,21,149,2,0,273,1,0,1,0,0,0,0,0,0,0,2,0,0,0,1,0,3,0,0,0,500,0,0,500,0
231,19,11,322,2,1,280,2,0,0,1,0,0,0,0,1,2,1,0,1,0,1,1,1,0,0,1,647,0,1,648,0
232,17,6,380,1,1,337,2,0,0,1,0,0,1,0,1,2,2,0,2,0,1,0,3,1,1,1,760,0,3,763,0
233,40,19,236,1,1,391,1,0,0,0,0,0,0,1,0,0,0,0,0,0,0,1,3,1,0,0,695,0,1,696,0
234,36,25,192,1,1,423,3,0,1,0,0,1,0,0,1,1,1,0,0,0,1,1,2,0,0,0,690,0,1,691,0
235,70,29,256,1,1,477,1,0,0,0,1,0,0,0,1,2,1,0,2,3,2,4,2,2,0,0,855,0,3,858,0
