Polling Station No,.oN noitatS gnilloP,emaN noitatS gnilloP,srotcelE latoT,M NANNAKAHDNIVOG,INAMAGISMAHTUAG NOP RD,S YMASINALAP,K NAJARAMEH,K MAVLES,R MAVLESLIMAT,IJAALABINARAB R YAJIV,A HSENIBA NIWDE,S KCIHTRAK,S MAHTWOG,E YMASINALAP,J V NARAKAHBARP,G NARDNAHCIVAR,M NANHSIRKAMAR,E IHTROOMAYAJIV,Total Valid Votes,Rejected Votes,NOTA,Total,Tendered Votes
1,"St. Michael RC Elementary School, South Building West Wing North Facing Room, T.Athipakkam-605759",477,1,119,140,8,0,0,125,0,0,0,1,0,0,4,0,398,398,0,1,399,0
2,"St.Arokiya Annai High School, East New Building North Wing West Facing Room, T.Athipakkam- 605759",1095,2,218,216,41,0,1,389,1,0,1,0,0,0,1,0,870,870,0,1,871,0
3,"St.Arokiya Annai High School, New Building Middle Wing West Facing Room, T.Athipakkam- 605759",733,1,204,76,26,0,1,265,0,0,0,0,0,0,0,1,574,574,0,6,580,0
4,"St.Mariya Annai Elementary School, South Building West Wing North Facing Room, Nedunkampattu-605759",519,0,151,73,15,0,0,164,0,0,0,0,2,0,1,0,406,406,0,1,407,0
5,"St Mariya Annai Elementary School, East Room North Facing, Nedunkampattu-605759",531,1,109,98,13,0,1,190,2,0,0,0,0,2,0,1,417,417,0,0,417,0
6,"St.Mariya Annai Elementary School, South Building East Wing North Facing Room, Nedunkampattu-605759",797,0,181,166,15,0,3,262,1,0,0,0,0,0,5,0,633,633,0,3,636,0
7,"Panchayat Union Middle School, South Facing Building East Wing, Kozhundirampattu-605759",1045,3,217,380,17,0,0,273,0,0,0,0,0,2,2,0,894,894,0,3,897,0
8,"Panchayat Union Elementary School, New Building North Wing West Facing Room, Soraiyapattu-605754",626,1,143,173,20,1,1,186,0,1,0,0,0,1,2,2,531,531,0,6,537,0
9,"Panchayat Union Elementary School, New Building South Wing West Facing Room, Soraiyapattu-605754",712,2,155,193,21,0,0,281,0,0,1,0,0,3,3,1,660,660,0,0,660,0
10,"Panchayat Union Middle School, New Building East Facing Room, Kazhumalam-605754",736,1,221,232,17,0,0,193,0,0,1,0,0,0,3,0,668,668,0,0,668,0
11,"Panchayat Union Grama Sevai Centre, New Building North Wing, Kottagam-605754",769,0,169,255,34,0,0,246,2,0,1,0,1,3,5,4,720,720,0,2,722,0
12,"Panchayat Union Elementary School, North East Building West Wing North Facing Room, Vilandai- 605756",915,2,284,272,22,0,0,234,1,0,0,0,0,0,1,1,817,817,0,1,818,0
13,"Panchayat Union Elementary School, South Building East Wing North Facing Room, Vilandai- 605756",574,1,113,259,10,0,0,124,0,0,0,0,0,0,0,1,508,508,0,1,509,0
14,"Panchayat Union Elementary School, South Building West Wing North Facing Room, Vilandai- 605756",607,0,74,348,3,0,0,124,0,0,0,0,0,0,7,0,556,556,0,3,559,0
15,"Government Higher Secondary School, North East Building East Wing South Facing Room, Vilandai-605756",572,2,150,100,16,0,1,229,0,0,0,0,2,0,2,0,502,502,0,0,502,0
16,"Government Higher Secondary School, East Building West Facing, Vilandai-605756",718,1,159,189,32,0,2,252,2,0,0,0,0,1,3,2,643,643,0,1,644,0
17,"Panchayat Union Middle School, East Building East Room North Facing Room, Kuladeepamangalam-605756",565,1,89,313,7,0,0,117,0,0,0,0,0,0,2,1,530,530,0,2,532,0
18,"Panchayat Union Middle School, East Building West Room North Facing Room, Kuladeepamangalam-605756",979,1,132,502,23,1,0,249,0,0,0,0,1,0,3,3,915,915,0,2,917,0
19,"Panchayat Union Middle School, New Building East Wing South Building, Kuladeepamangalam- 605756",912,0,197,365,15,0,0,262,0,0,0,0,0,0,1,0,840,840,0,2,842,0
20,"Panchayat Union Middle School, New Building West Wing south Building, Kuladeepamangalam- 605756",968,1,194,284,33,0,2,325,1,0,1,1,0,0,4,1,847,847,0,5,852,0
21,"Panchayat Union Elementary School, East Facing Room, AdoorKolapakkam-605759",889,2,253,196,19,0,2,325,0,1,0,0,1,1,3,2,805,805,0,2,807,0
22,"Panchayat Union Elementary School, West Wing North Facing Room, Sadaikatti-605759",1025,1,351,260,39,0,0,254,1,0,0,0,1,1,0,1,909,909,0,0,909,0
23,"Panchayat Union Elementary School, East Building West Facing East Wing, Kodukkapattu- 605756",633,1,145,228,5,0,1,168,0,0,0,0,0,0,0,3,551,551,0,0,551,0
24,"Panchayat Union Elementary School, West Building East Facing, Kodukkapattu-605756",550,2,177,120,21,0,1,168,0,0,0,1,0,0,3,2,495,495,0,1,496,0
25,"Panchayat Union Elementary School, West Building East Facing Room, Velakulam-605756",703,0,182,175,36,1,0,227,0,0,1,0,0,2,4,2,630,630,0,0,630,0
26,"Panchayat Union Elementary School, Arasankuppam-605758",484,1,93,150,16,0,1,172,1,0,0,0,0,0,1,0,435,435,0,0,435,0
27,"Panchayat Union Elementary School, Old Building West Facing Room, Vasanthakrishnapuram-605758",1063,1,187,266,30,0,0,348,0,0,0,0,0,0,4,2,838,838,0,2,840,0
28,"Panchayat Union Elementary School, East Building West Facing Room, Vasanthakrishnapuram-605758",1131,3,286,236,27,0,2,406,0,0,0,0,2,2,2,4,970,970,0,1,971,0
29,"R.C. Aided Elementary School, West Building South Wing East Facing Room, Adichanur- 605758",528,1,161,40,17,0,2,190,0,1,1,2,0,0,1,1,417,417,0,0,417,0
30,"Panchayat Union Office, East Side Building North Wing West Facing Room, Adichanur-605758",587,2,157,147,11,1,0,180,0,1,0,0,0,0,1,1,501,501,0,3,504,0
31,"Government Higher Secondary School, New Building West Wing North Facing Room, Veerapandi-605758",749,1,182,218,18,1,0,214,1,0,0,0,0,1,1,1,638,638,0,1,639,0
32,"Government Higher Secondary School, New Building East Wing North Facing Room, Veerapandi-605758",697,2,226,143,22,0,0,234,2,1,1,0,1,0,1,3,636,636,0,6,642,0
33,"Government Higher Secondary School, Additional Building South Wing West Facing Room, Veerapandi-605758",877,1,112,437,12,0,0,230,0,0,1,0,0,0,6,1,800,800,0,3,803,0
34,"Government Higher Secondary School, Main Building North Wing West Facing Room, Veerapandi-605758",827,0,215,261,15,0,1,235,2,0,0,0,0,0,2,1,732,732,0,6,738,0
35,"Panchayat Union Elementary School, East Side Building Middle Wing West Facing Room, Veerpandi-605758",722,1,138,338,15,1,1,150,0,0,0,0,2,1,0,0,647,647,0,5,652,0
36,"Panchayat Union Elementary School, Additional Building East Wing, Veerpandi-605758",524,1,113,204,13,1,1,130,0,0,0,0,1,0,1,1,466,466,0,0,466,0
37,"Panchayat Union Elementary School, East Side Building South Wing West Facing Room, Veerapandi-605758",680,3,138,250,12,0,0,178,0,0,0,0,0,0,1,0,582,582,0,1,583,0
38,"Panchayat Union Elementary School, East Side Building North Wing West Facing Room, Veerapandi-605758",553,1,108,241,8,1,0,101,0,0,0,0,0,0,0,0,460,460,0,0,460,0
39,"Panchayat Union Elementary School, South Building North Facing Room, Pulikkal-605758",605,1,131,169,21,0,0,168,0,0,0,0,0,0,2,0,492,492,0,3,495,0
40,"Panchayat Union Elementary School, North Building South Facing Room, Pulikkal-605758",519,3,137,103,22,0,0,175,0,0,1,0,0,0,1,1,443,443,0,0,443,0
41,"Panchayat Union Elementary School, North Wing West Facing Room, Kallandal-605758",774,3,124,315,30,0,0,231,0,1,0,0,0,1,3,2,710,710,0,1,711,0
42,"Panchayat Union Elementary School, North Wing East Facing, Ottampattu-605758",786,0,99,322,20,0,1,235,0,0,2,1,0,0,2,0,682,682,0,1,683,0
43,"Panchayat Union Elementary School, South Building East Facing South Wing, Ottampattu- 605758",617,1,70,299,15,0,1,164,0,0,0,0,0,0,1,2,553,553,0,1,554,0
44,"Panchayat Union Elementary School, North Wing Building West Facing Room, Ottampattu-605758",618,1,65,341,6,2,0,143,0,0,0,0,1,1,5,0,565,565,0,0,565,0
45,"Panchayat Union Middle School, South Wing West Facing Room, Ottampattu-605758",705,0,110,340,18,0,1,161,1,0,0,0,0,0,1,2,634,634,0,3,637,0
46,"Panchayat Union Middle School, New Building West Facing Room, Arunapuram-605758",654,0,103,288,14,0,1,188,0,0,0,0,0,0,0,0,594,594,0,1,595,0
47,"Panchayat Union Middle School, East Side Building North Wing West Facing Room, Arunapuram-605758",904,1,177,515,11,2,0,130,0,0,0,2,0,0,6,1,845,845,0,2,847,0
48,"Panchayat Union Middle School, West Side Building East Wing South Facing Room, Arunapuram-605758",695,1,161,230,24,0,2,207,0,0,0,0,0,1,3,1,630,630,0,0,630,0
49,"Girama Sevai Maiya Building, Thandarai-605758",700,1,127,242,20,1,2,194,0,0,0,1,0,0,4,1,593,593,0,1,594,0
50,"Government High School, North Wing West Facing Room, Ottampattu-605758",570,1,131,151,8,0,1,136,2,0,0,0,0,0,6,2,438,438,0,1,439,0
51,"Panchayat Union Elementary School, New Building South Facing West Wing, Adukkam- 605701",594,0,124,265,2,0,1,147,0,0,1,1,1,1,0,0,543,543,0,0,543,0
52,"Panchayat Union Elementary School, West Building South Facing East Wing, Adukkam- 605701",639,0,221,217,15,0,1,132,0,0,0,0,0,0,1,1,588,588,0,0,588,0
53,"Panchayat Union Middle School, South Building East Wing North Facing, Veerangipuram-605701",1033,0,179,438,17,1,1,262,1,2,0,0,1,0,5,0,907,907,0,3,910,0
54,"Panchayat Union Middle School, North Building West Wing South Facing, Veerangipuram-605701",574,3,184,89,15,0,0,221,0,1,0,0,0,1,2,3,519,519,0,1,520,0
55,"Panchayat Union Middle School, South Building West Wing North Facing, Veerangipuram-605701",601,2,218,112,14,0,0,180,0,0,2,0,0,1,3,4,536,536,0,0,536,0
56,"Panchayat Union Elementary School, East Building West Facing Room, V.Pudhupalaiyam- 605701",1068,1,254,328,35,1,0,299,0,0,2,0,0,0,3,2,925,925,0,2,927,0
57,"Government High School, East Wing South Facing, Pilrampattu-605701",956,1,185,336,37,0,2,309,0,1,1,0,0,1,3,2,878,878,0,1,879,0
58,"Government High School, West Building South Facing Room, Pilrampattu-605701",870,3,191,394,21,0,0,209,0,1,2,0,0,2,1,0,824,824,0,0,824,0
59,"Government High School, West Building East Wing South Facing Room, Pilrampattu-605701",814,2,126,323,18,0,2,284,1,0,0,0,0,1,0,0,757,757,0,0,757,0
60,"Government High School, West Building West Wing South Facing Room, Pilrampattu-605701",889,0,221,181,32,0,0,360,1,1,0,0,1,4,7,1,809,809,0,2,811,0
61,"Panchayat Union Middle School, East Building West Wing, Vadakaraithazhanur-605752",744,1,132,282,19,1,1,231,0,0,1,0,0,0,3,2,673,673,0,2,675,0
62,"Panchayat Union Middle School, East Building East Wing, Vadakaraithazhanur-605752",536,2,135,118,13,1,2,173,2,0,3,1,1,1,1,8,461,461,0,1,462,0
63,"Panchayat Union Middle School, SSA Building Middle Wing West Facing Room, Vadakaraithazhanur-605752",632,1,226,72,15,1,0,213,0,0,2,0,0,0,1,4,535,535,0,2,537,0
64,"Panchayat Union Middle School, S S A Building North Wing West Facing Room, Vadakaraithazhanur-605752",936,2,310,117,24,0,2,368,0,0,0,0,0,1,4,2,830,830,0,3,833,0
65,"Panchayat Union Middle School, West Building South Facing Room, Vadakaraithazhanur-605752",853,2,129,276,31,1,3,315,1,0,0,2,0,2,1,3,766,766,0,1,767,0
66,"Panchayat Union Elementary School, West Wing Building South Facing Room, Vellamputhur- 605752",812,0,128,320,10,0,3,271,0,0,0,0,0,1,4,0,737,737,0,1,738,0
67,"Panchayat Union Elementary School, North Building East Wing South Facing Room, Vellamputhur-605752",516,3,79,161,11,0,0,167,0,1,2,1,0,0,3,0,428,428,0,1,429,0
68,"Panchayat Union Elementary School, Old Building South Wing West Facing Room, Nayanur- 605752",794,1,113,413,21,0,0,178,0,0,0,2,0,1,5,1,735,735,0,2,737,0
69,"Panchayat Union Elementary School, New Building East Wing West Facing Room, Nayanur- 605752",520,2,89,197,13,1,0,169,0,0,2,0,0,0,0,2,475,475,0,0,475,0
70,"Panchayat Union Middle School, East Buildng Room, Devanur-605752",847,0,119,455,12,0,1,192,1,0,0,1,1,2,1,1,786,786,0,0,786,0
71,"Panchayat Union Middle School, North Building West Wing North Facing Room, Devanur-605752",840,0,127,421,10,0,1,223,2,0,1,0,0,0,7,0,792,792,0,0,792,0
72,"Anganwadi Maiyam, North Building South Facing, Devanur-605752",671,1,146,201,20,0,1,209,0,0,0,0,0,0,3,0,581,581,0,1,582,0
73,"Panchayat Union Middle School, East Building North Wing West Facing, Devanur-605752",1071,1,213,344,23,0,1,314,0,0,1,0,1,0,2,1,901,901,0,1,902,0
74,"Panchayat Union Elementary School, South New Building West Facing Room, Kottamarudur- 605756",704,1,93,292,14,2,0,163,0,0,0,0,0,0,2,0,567,567,0,0,567,0
75,"Panchayat Union Elementary School, New Building South Wing East Facing Room, Kottamarudur-605756",814,0,119,433,11,1,1,197,0,0,0,1,0,1,1,1,766,766,0,2,768,0
76,"Panchayat Union Elementary School, North Building South Facing Room, KottaMaruthur- 605756",958,3,190,160,22,0,0,471,0,0,3,0,3,0,2,2,856,856,0,1,857,0
77,"Panchayat Union Elementary School, North Building West Wing, Manampoondi-605759",742,0,145,252,26,0,4,217,0,0,0,1,0,0,0,0,645,645,0,2,647,0
78,"Panchayat Union Elementary School, North Building East Wing, Manampoondi-605759",744,1,171,156,37,0,2,245,2,1,0,0,0,1,0,1,617,617,0,4,621,0
79,"Panchayat Union Elementary School, West Building Middle Wing East Facing, Manampoondi- 605759",652,0,150,177,20,0,3,205,0,0,0,0,0,0,0,0,555,555,0,0,555,0
80,"Panchayat Union Elementary School, West Building South Wing, Manampoondi-605759",657,0,138,155,19,0,5,201,0,0,0,0,0,0,0,2,520,520,0,2,522,0
81,"Panchayat Union Elementary School, East Building South Wing, Manampoondi-605759",859,0,175,177,19,1,3,383,2,1,0,0,0,2,2,4,769,769,0,1,770,0
82,"Panchayat Union Elementary School, South Side Building East Facing Room, Kudamuruty-605759",747,1,128,362,9,0,0,184,0,0,0,3,0,1,2,1,691,691,0,2,693,0
83,"Panchayat Union Elementary School, East Building Middle Wing West Facing Room, Arakandanallur-605759",778,2,259,164,7,0,0,256,0,1,0,1,1,0,0,3,694,694,0,2,696,0
84,"Panchayat Union Elementary School, East Building South Wing West Facing Room, Arakandanallur-605759",609,2,177,133,11,0,0,205,1,0,0,0,0,0,0,0,529,529,0,1,530,0
85,"Panchayat Union Elementary School, West Building East Facing Room, Arakandanallur- 605759",617,1,163,191,7,0,0,208,0,0,0,0,0,0,0,0,570,570,0,3,573,0
86,"Panchayat Union Elementary School, North Wing Building East Facing Room, Arakandanallur- 605759",875,1,220,262,14,1,2,236,0,1,0,0,0,1,0,0,738,738,0,2,740,0
87,"Panchayat Union Elementary School, East Building South Wing, Arakandanallur-605759",704,1,203,168,9,1,1,220,1,0,1,0,0,0,0,1,606,606,0,1,607,0
88,"Panchayat Union Elementary School, East Building North Wing, Arakandanallur-605759",855,2,253,143,21,0,0,326,0,1,1,0,0,0,0,0,747,747,0,1,748,0
89,"Panchayat Union Middle School, East Building North Wing, S.Kollur-605752",897,1,277,303,22,0,1,205,0,0,0,0,1,0,2,0,812,812,0,2,814,0
90,"Panchayat Union Middle School, South Building East Wing North Facing, S.Kollur-605752",718,2,166,94,39,0,0,328,0,0,1,0,0,1,6,2,639,639,0,0,639,0
91,"Panchayat Union Middle School, South Building West Wing North Facing, S.Kollur-605752",707,0,188,130,53,1,1,261,1,1,1,0,1,4,1,5,648,648,0,5,653,0
92,"Government Adhidravidar Welfare School, New Building South Wing, Kadaganur-605755",785,2,216,135,23,1,2,297,0,0,0,0,0,1,1,0,678,678,0,0,678,0
93,"Government Adhidravidar Welfare School, New Building North Wing, Kadaganur-605755",823,5,157,158,37,0,4,379,0,0,4,0,0,1,4,3,752,752,0,0,752,0
94,"Panchayat Union Elementary School, West Building East Facing, V.Sithamur-605755",655,1,79,256,19,3,3,212,0,0,0,1,0,1,4,0,579,579,0,1,580,0
95,"Panchayat Union Elementary School, West Building East Facing South Wing, V.Sithamur- 605755",531,0,100,151,12,0,2,200,0,0,0,0,0,1,0,0,466,466,0,1,467,0
96,"VPRC, East Building West Facing, V.Sithamur- 605755",516,2,139,102,17,0,0,174,0,0,0,0,0,0,0,0,434,434,0,0,434,0
97,"VPRC East Building West Facing South Wing, V.Sithamur-605755",569,0,154,153,13,0,1,176,0,0,0,0,0,0,0,1,498,498,0,0,498,0
98,"Panchayat Union Middle School, North East Wing West Facing Room, Alampadi-605701",852,0,112,449,17,1,1,189,0,0,0,0,0,1,1,1,772,772,0,1,773,0
99,"Panchayat Union Middle School, North Middle Wing Building, Alampadi-605701",972,2,157,394,24,1,1,281,0,0,0,0,0,0,2,1,863,863,0,7,870,0
100,"Panchayat Union Middle School, South West Wing, Alampadi-605701",768,1,137,377,10,1,0,174,0,0,0,0,1,0,1,0,702,702,0,1,703,0
101,"Panchayat Union Middle School, South North Building South Facing Room, Alampadi-605701",603,1,246,79,10,0,2,209,0,0,2,1,0,1,2,6,559,559,0,3,562,0
102,"Panchayat Union Middle School, New Building South Wing, Sathiyakandanur-605755",692,1,189,254,13,0,1,183,0,0,0,0,0,0,1,2,644,644,0,0,644,0
103,"Panchayat Union Middle School, South New Building North Wing, Sathiyakandanur-605755",793,0,184,364,15,0,2,170,0,0,0,0,0,0,3,0,738,738,0,3,741,0
104,"Panchayat Union Middle School, North Building, Sithathur-605701",773,3,226,215,18,0,1,236,0,0,0,0,0,1,0,1,701,701,0,2,703,0
105,"Panchayat Union Middle School, South Building East Facing, Sithathur-605701",1016,0,290,308,21,0,2,277,1,0,0,0,2,1,1,2,905,905,0,1,906,0
106,"Panchayat Union Elementary School, South Side Building West Wing, Kandachipuram-605701",635,5,135,205,17,0,2,217,1,0,0,1,1,2,4,2,592,592,0,0,592,0
107,"Panchayat Union Elementary School, East Building South Facing East Wing, Kandachipuram-605701",608,0,119,196,23,0,0,205,0,0,0,0,0,0,0,0,543,543,0,4,547,0
108,"Panchayat Union Elementary School, South Side Building East Wing North Facing, Kandachipuram-605701",942,1,214,351,16,1,0,236,0,0,1,1,0,0,1,1,823,823,0,3,826,0
109,"Panchayat Union Elementary School, West Building East Wing, Kandachipuram-605701",642,0,224,143,13,0,1,193,0,0,0,0,0,0,2,3,579,579,0,0,579,0
110,"Panchayat Union Elementary School, East Building South Facing East Wing, Kandachipuram-605701",589,0,174,123,13,0,0,223,1,0,0,0,0,0,0,1,535,535,0,2,537,0
111,"Rathinasababathi Govt Boys Higher Secondary School, West Building North Wing, Kandachipuram-605701",809,0,251,185,21,0,0,244,0,0,0,0,0,1,0,1,703,703,0,0,703,0
112,"Rathinasababathi Govt Boys Higher Secondary School, North Building East Facing South Wing, Kandachipuram-605701",916,0,214,347,23,0,0,234,1,0,0,1,1,1,2,0,824,824,0,5,829,0
113,"Rathinasababathi Govt Boys Higher Secondary School, West Building Middle Wing, Kandachipuram-605701",571,1,190,146,12,1,0,180,1,0,0,0,1,0,1,6,539,539,0,1,540,0
114,"Rathinasababathi Govt Boys Higher Secondary School, South Building East Wing, Kandachipuram-605701",566,2,143,174,17,0,0,152,1,0,0,0,0,0,1,0,490,490,0,3,493,0
115,"R.C. Elementary School, Sengamedu-605701",834,0,251,117,23,1,1,366,0,0,1,0,0,1,0,2,763,763,0,4,767,0
116,"RC Aided Elementary School, Middle Wing Building, Oduvankuppam-605701",987,4,257,446,13,0,1,215,0,0,1,0,0,2,1,1,941,941,0,1,942,0
117,"RC Aided Elementary School, East Wing Building, Oduvankuppam-605701",813,1,266,115,18,0,1,286,1,0,1,0,0,1,0,4,694,694,0,2,696,0
118,"Denish Mission Elementary School, South Wing Building, Melvalai-605701",703,0,171,232,23,0,1,206,0,0,0,2,2,1,2,0,640,640,0,0,640,0
119,"Denish Mission Elementary School, North Wing Building, Melvalai-605701",973,0,216,273,26,0,1,308,0,3,0,0,0,1,1,3,832,832,0,1,833,0
120,"St.Mariyannai High School, East Building East Facing South Wing, Othiyathur-605701",882,1,309,66,12,0,3,276,0,0,0,0,0,1,1,0,669,669,0,1,670,0
121,"St.Mariyannai High School, East Building East Facing North Wing, Othiyathur-605701",632,2,213,52,8,0,0,208,2,0,0,0,0,0,1,0,486,486,0,1,487,0
122,"Panchayat Union Middle School, Additional Building East Facing Room, Othiyathur-605701",756,0,145,261,8,2,0,211,1,1,1,1,1,2,0,1,635,635,0,1,636,0
123,"Panchayat Union Elementary School, North Facing West Wing, ThirumalRayapuram, Othiyathur-605701",462,1,128,173,7,0,0,84,0,2,0,0,1,0,2,1,399,399,0,2,401,0
124,"Panchayat Union Elementary School, East Facing South Wing, Kizhvalai-605701",713,1,142,255,21,0,0,201,0,1,0,1,1,1,0,1,625,625,0,1,626,0
125,"St.Mariyannai High School, South Building South Facing, Othiyathur-605701",767,2,259,199,10,0,2,195,0,0,1,0,0,1,1,1,671,671,0,1,672,0
126,"A.R.R Government Higher Secondary School, North Building South Facing, Karanai-605755",900,0,209,150,30,1,6,410,1,0,2,0,0,0,4,3,816,816,0,3,819,0
127,"A.R.R Government Higher Secondary School, East Building North Wing South Facing, Karanai- 605755",1158,3,313,171,82,1,1,449,2,0,6,1,1,2,5,7,1044,1044,0,3,1047,0
128,"A.R.R Government Higher Secondary School, New Building South Facing Room, Karanai-605755",653,0,174,157,9,1,1,244,0,0,1,0,0,0,0,1,588,588,0,3,591,0
129,"Panchayat Union Elementary School, North Building West Facing Room, Sitheripattu-605755",579,1,197,101,17,0,3,201,1,1,0,0,2,2,3,3,532,532,0,1,533,0
130,"Panchayat Union Elementary School, West Facing South Wing, Sitheripattu-605755",534,1,136,89,16,0,2,232,1,0,0,1,1,2,2,2,485,485,0,2,487,0
131,"Panchayat Union Elementary School, East Building West Facing North Wing, Perichanur- 605755",863,2,128,382,12,1,1,281,1,1,2,3,0,1,2,0,817,817,0,1,818,0
132,"St.Joseph Girls Higher Secondary School, West Building East Wing West Facing, Mugaiyur- 605755",588,0,201,64,11,0,1,198,0,0,0,0,0,0,0,0,475,475,0,2,477,0
133,"St.Joseph Girls Higher Secondary School, Middle Wing West Facing Room, Mugaiyur-605755",785,0,253,80,15,0,1,301,1,0,0,0,0,0,1,0,652,652,0,3,655,0
134,"St.Joseph Girls Higher Secondary School, East Building West Facing Building, Mugaiyur-605755",591,0,176,58,20,0,0,192,0,0,0,0,0,0,0,1,447,447,0,2,449,0
135,"St Joseph Girls Higher Secondary School, East Building Middle Wing West Facing, Mugaiyur- 605755",506,1,103,111,11,0,1,186,0,0,0,0,0,1,3,0,417,417,0,1,418,0
136,"St.Joseph Girls Higher Secondary School, West Wing North facing Building, Mugaiyur-605755",574,1,93,232,16,0,1,170,0,0,0,0,0,0,6,1,520,520,0,2,522,0
137,"St. Sebastiyar R.C. Elementary School, Eruthayapuram, Mugaiyur-605755",678,1,202,68,12,0,1,289,0,0,0,0,0,0,2,0,575,575,0,2,577,0
138,"Panchayat Union Elementary School, South Building East Wing, Sennakunam-605755",495,1,115,155,9,0,3,145,0,0,1,0,0,0,2,0,431,431,0,1,432,0
139,"Panchayat Union Elementary School, West Facing, Sennakunam-605755",768,0,147,375,18,0,0,164,0,0,0,0,0,0,2,0,706,706,0,1,707,0
140,"Panchayat Union Elementary School, North Building West Wing, Sennakunam-605755",597,0,167,262,12,1,0,106,0,0,0,0,0,0,5,1,554,554,0,0,554,0
141,"Panchayat Union Elementary School, West Building, Sennakunam-605755",755,0,251,262,23,0,0,138,0,0,0,1,0,0,3,0,678,678,0,3,681,0
142,"Panchayat Union Elementary School, East Building West Facing North Wing, Sennakunam- 605755",795,1,305,169,17,0,1,239,0,0,0,0,2,1,1,1,737,737,0,3,740,0
143,"Panchayat Union Elementary School, Additional Building West Facing North Wing, Sennakunam- 605755",895,0,252,194,18,0,1,346,0,0,1,1,0,0,6,4,823,823,0,4,827,0
144,"Panchayat Union Elementary School, South Wing Building, Ayanthur-605755",832,1,113,415,7,0,2,224,0,0,0,0,0,1,0,0,763,763,0,3,766,0
145,"Panchayat Union Elementary School, North Building West Facing, Ayanthur-605755",792,2,182,367,13,1,0,158,0,0,0,0,0,0,2,0,725,725,0,1,726,0
146,"Panchayat Union Elementary School, North Wing Building, Ayanthur-605755",839,0,280,38,20,0,1,265,1,0,0,0,0,0,0,1,606,606,0,1,607,0
147,"Panchayat Union Elementary School, East Wing Building, A.Kudalur-605755",875,0,290,162,34,2,2,255,0,0,1,0,0,0,4,3,753,753,0,2,755,0
148,"Panchayat Union Elementary School, West Bulding West Wing, A.Kudalur-605755",937,2,343,111,37,0,0,359,0,0,0,0,0,0,4,5,861,861,0,1,862,0
149,"Panchayat Union Middle School, East West Building South Facing West Wing, Kuyavankaduvetti-605755",546,0,110,262,8,0,0,123,0,0,0,0,0,0,0,0,503,503,0,2,505,0
150,"Panchayat Union Middle School, North Facing East Wing, Kuyavankaduvetti-605755",563,0,129,228,7,0,0,152,0,0,1,0,1,1,0,2,521,521,0,0,521,1
151,"Panchayat Union Elementary School, Arulavadi- 605755",681,2,213,139,22,0,0,236,0,1,1,2,0,0,5,2,623,623,0,0,623,0
152,"Government Higher Secondary School, Arcadu- 605755",976,1,223,392,21,0,0,182,0,0,1,0,0,19,0,1,840,840,0,1,841,0
153,"R.C Elementary School, West Building South Wing West Facing, Arcadu-605755",908,3,341,152,14,0,0,265,3,1,0,2,0,1,0,2,784,784,0,1,785,0
154,"R.C Elementary School, East Building North Wing West Facing, Arcadu-605755",749,2,219,78,17,0,1,308,1,0,0,1,1,1,0,3,632,632,0,2,634,0
155,"Panchayat Union Elementary School, West Building South Wing, Arcadu-605755",717,0,56,487,7,0,0,106,0,0,0,0,0,2,2,1,661,661,0,0,661,0
156,"Panchayat Union Elementary School, West Building North Wing, Arcadu-605755",693,1,213,239,12,0,1,155,0,0,0,0,0,3,0,0,624,624,0,1,625,0
157,"R.C.St. Marys Aided Middle School, West Building North Wing, Kodunkal-605755",852,2,232,266,21,0,1,195,0,0,1,0,0,0,0,1,719,719,0,5,724,0
158,"R.C.St.Marys Aided Middle School, Kodungal- 605755",768,0,244,53,19,0,0,291,1,0,0,1,0,0,0,1,610,610,0,2,612,0
159,"RC.St.Marys Aided Middle School, New Building South Wing, Kodungal-605755",617,0,161,100,23,0,1,174,0,0,0,0,1,0,0,0,460,460,0,0,460,1
160,"Panchayat Union Elementary School, South Building East Facing North Wing, Veerasozhapuram-605755",581,3,69,368,2,0,1,87,0,0,0,0,0,3,1,0,534,534,0,1,535,0
161,"Panchayat Union Elementary School, South Facing, Veerasozhapuram-605755",573,1,80,320,14,0,2,119,0,0,0,0,1,0,1,0,538,538,0,0,538,0
162,"Adi Dravida Welfer School, Veerasozhapuram- 605755",927,1,309,134,29,0,1,302,1,0,3,0,0,1,3,27,811,811,0,2,813,0
163,"Sri Lakshmi Narayanan Aided Elementary School, North Facing Building, Paranur-605755",653,1,171,197,17,0,3,171,0,0,0,0,1,0,6,6,573,573,0,5,578,0
164,"Sri Lakshmi Narayanan Aided Elementary School, New Building East Facing Room, Paranur-605755",762,1,176,271,21,0,0,210,0,0,1,0,0,0,1,1,682,682,0,1,683,0
165,"Panchayat Union Elementary School, North Wing Building, Paranur-605755",652,0,127,217,18,0,1,214,1,0,1,0,0,0,1,3,583,583,0,1,584,0
166,"Panchayat Union Elementary School, South Wing East Facing, Paranur-605755",480,1,137,93,26,0,0,145,1,0,0,0,0,1,1,2,407,407,0,0,407,0
167,"Panchayat Union Elementary School, New Building West Wing South Facing Room, Melakondur-605752",614,1,160,195,19,0,1,150,0,0,1,0,0,0,1,2,530,530,0,2,532,0
168,"Panchayat Union Elementary School, New Building East Wing South Facing Room, Melakondur-605752",557,1,150,158,13,0,1,165,1,0,0,1,0,0,1,0,491,491,0,1,492,0
169,"Danish Mission Elementary School, North Side Middle Wing West Facing Room, Keezhakondur- 605755",762,0,131,176,25,0,0,277,0,1,3,0,0,0,0,2,615,615,0,2,617,0
170,"Danish Mission Elementary School, South Side North 2 nd Wing West Facing Room, Keezhakondur-605755",617,0,263,58,14,0,0,197,1,0,0,0,0,1,2,4,540,540,0,1,541,0
171,"Aided Elementary School, West Building East Facing North Wing, Thanikalampattu-605755",668,0,134,257,9,1,1,201,0,0,2,0,0,2,3,2,612,612,0,1,613,0
172,"Aided Elementary School, West Building East Facing South Wing, Thanikalampattu-605755",478,0,171,124,10,0,2,122,1,0,0,0,0,0,2,3,435,435,0,2,437,0
173,"Government Higher Secondary School, West Building, V.Puthur-605752",576,1,133,163,20,0,2,183,0,0,1,0,0,0,2,5,510,510,0,0,510,0
174,"Government Higher Secondary School, West Building East Facing South Wing, V.Puthur- 605752",607,5,176,74,12,0,1,268,0,1,3,3,0,0,0,2,545,545,0,2,547,0
175,"Government Higher Secondary School, North Building East Wing, V.Puthur-605752",954,0,199,366,17,1,0,254,1,0,1,1,0,1,4,2,847,847,0,0,847,0
176,"Panchayat Union Elementary School, New Building, Emapper-605752",898,2,285,222,20,1,2,257,1,2,0,1,0,2,3,5,803,803,0,2,805,0
177,"Panchayat Union Elementary School, West Wing North Facing Room, Nerkunam-605752",923,2,260,179,51,2,2,366,1,0,2,2,1,1,4,0,873,873,0,1,874,0
178,"Panchayat Union Middle School, Additinol Building East Wing, Andili-605752",786,1,153,337,7,0,0,225,0,0,0,0,0,0,0,3,726,726,0,1,727,0
179,"Panchayat Union Middle School, North Building West Wing South Facing Room, Andili-605752",949,0,331,189,39,0,3,334,1,0,6,1,1,1,2,1,909,909,0,1,910,0
180,"Kabilar Government Boys Higher secondary School, West New Building South Wing East Facing Room, Tirukoilur-605757",564,1,119,155,4,0,0,166,1,1,0,0,0,0,3,1,451,451,0,3,454,0
181,"Kabilar Government Boys Higher Secondary School, New Building East Side West Facing, Tirukoilur-605757",518,0,113,119,5,0,1,121,0,0,0,0,0,0,0,0,359,359,0,0,359,0
182,"Kabilar Government Boys Higher Secondary School, West Building East facing Middle Wing Room, Tirukoilur-605757",1014,0,231,231,24,0,1,343,0,0,1,0,0,0,0,0,831,831,0,2,833,0
183,"Kabilar Government Boys Higher Secondary School, West New Building North Wing, Tirukoilur-605757",575,0,166,152,11,1,1,158,0,0,0,0,0,1,0,0,490,490,0,6,496,0
184,"Kabilar Government Boys Higher secondary School, New South Building West Side North Facing, Tirukoilur-605757",500,0,137,155,8,0,0,114,0,0,0,0,0,0,0,0,414,414,0,0,414,0
185,"Vasavi Aided Middle School, West Wing Building North Facing Room, Tirukoilur-605757",922,0,237,213,21,2,2,348,0,0,1,0,2,0,0,2,828,828,0,2,830,0
186,"Vasavi Aided Middle School, North Facing Building, Tirukoilur-605757",551,0,136,143,14,0,0,150,0,0,1,0,0,0,1,0,445,445,0,2,447,0
187,"Vasavi Aided Middle School, Middle Building North Facing East Wing, Tirukoilur-605757",1011,0,266,230,19,0,1,300,0,0,0,1,0,0,0,0,817,817,0,7,824,0
188,"Panchayat Union Middle School, West Building South Wing East Facing Room, Tirukoilur- 605757",715,0,168,205,16,1,0,191,0,0,1,0,0,0,0,0,582,582,0,5,587,0
189,"Panchayat Union Middle School, Middle Building South Facing, Tirukoilur-605757",350,1,89,64,2,0,0,153,2,0,0,0,0,0,0,1,312,312,0,0,312,0
190,"Panchayat Union Middle School, South Wing Building East Facing Room, Tirukoilur-605757",583,0,164,152,14,0,0,175,0,0,0,0,0,0,0,1,506,506,0,6,512,0
191,"Panchayat Union Middle School, BRC Center South Facing Room, Tirukoilur-605757",652,3,161,207,6,0,1,220,1,0,0,0,1,1,0,2,603,603,0,1,604,0
192,"Government Village Savadi, South Facing Room, Tirukoilur-605757",707,1,139,213,4,1,0,238,1,0,0,0,0,0,2,0,599,599,0,1,600,0
193,"Kabilar Government Boys Higher Secondary School, New South Building East Side North Facing, Tirukoilur-605757",468,0,115,111,9,0,3,148,1,0,0,0,0,0,0,0,387,387,0,4,391,0
194,"Danish Mission Elementary School, Main Building West Facing North Wing, Santhapet, Tirukoilur-605757",696,0,218,117,19,0,0,222,0,0,0,0,0,0,2,0,578,578,0,0,578,0
195,"Danish Mission Elementary School, North Building North Wing, Santhapet, Tirukoilur- 605757",648,3,149,175,14,0,1,219,1,0,0,0,0,0,3,0,565,565,0,2,567,0
196,"Danish Mission Elementary School, Main Building West Facing Middle Room, Santhapet, Tirukoilur-605757",691,1,135,171,17,2,0,259,0,0,1,0,0,0,2,0,588,588,0,2,590,0
197,"Danish Mission Elementary School, Main Building South Wing, Santhapet, Tirukoilur- 605757",668,0,174,155,20,1,0,187,0,0,0,1,1,1,0,1,541,541,0,2,543,0
198,"Danish Mission Elementary School, South Building West Facing, Santhapet, Tirukoilur- 605757",489,2,143,114,4,0,0,139,0,0,0,0,1,0,0,1,404,404,0,0,404,0
199,"Danish Mission Elementary School, South Building West Facing Last Room, Santhapet, Tirukoilur-605757",498,0,208,69,3,0,0,105,0,0,0,0,0,0,0,0,385,385,0,0,385,0
200,"Municipality Urudu & English Medium Elementary School, West Building Middle Wing, Santhapet, Tirukoilur-605757",557,2,256,41,3,0,0,149,0,0,0,0,0,0,0,0,451,451,0,0,451,0
201,"Municipality Urudu & English Medium Elementary School, North Building South Facing Room, Santhapet, Tirukoilur-605757",543,1,133,117,13,0,0,159,0,0,0,0,0,0,0,0,423,423,0,1,424,0
202,"Municipality Urudu & English Medium Elementary School, West Building North Wing, Santhapet, Tirukoilur-605757",545,0,214,80,10,0,3,137,0,0,0,0,1,0,0,0,445,445,0,5,450,0
203,"Danish Mission High School, New Building East Side North Facing, Santhapet, Tirukoilur-605757",714,0,211,143,31,0,0,189,0,0,0,1,0,0,0,0,575,575,0,2,577,0
204,"Danish Mission High School, New Building Middle West Side North Facing, Santhapet, Tirukoilur-605757",691,1,181,144,12,0,0,227,1,0,0,2,1,0,1,1,571,571,0,2,573,0
205,"Danish Mission High School, New Building East Side North Facing, Santhapet, Tirukoilur-605757",660,2,192,115,12,0,2,209,0,0,0,0,0,0,1,0,533,533,0,0,533,0
206,"Angavai Sangavai Government Girls Higher Secondary School, Annai Thersa Block West Building East Facing Room North Wing 1st room, Tirukoilur-605757",612,0,182,144,7,0,0,159,0,0,0,0,0,0,0,0,492,492,0,1,493,0
207,"Angavai Sangavai Government Girls Higher Secondary School, Annai Thersa Block West Building East Facing Room South Wing, Tirukoilur-605757",518,2,140,151,5,1,0,153,1,0,0,0,0,0,1,0,454,454,0,1,455,0
208,"Angavai Sangavai Government Girls Higher Secondary School, New Building West Facing Room, Tirukoilur-605757",524,0,131,102,5,0,0,179,0,0,0,0,0,0,1,0,418,418,0,2,420,0
209,"Angavai Sangavai Government Girls Higher Secondary School, New Building South Wing North Facing Room, Tirukoilur-605757",770,1,204,166,8,0,1,229,0,0,0,0,0,1,0,0,610,610,0,4,614,0
210,"Angavai Sangavai Government Girls Higher Secondary School, South Building West Wing North Facing Room, Tirukoilur-605757",623,0,169,121,12,0,0,172,0,0,0,0,0,0,1,0,475,475,0,7,482,0
211,"Danish Mission Girls Higher Secondary School, West Building South Wing Sailom Road, Tirukoilur-605757",684,2,157,161,6,0,0,301,2,0,1,0,0,1,1,3,635,635,0,2,637,0
212,"Danish Mission Girls Higher Secondary School, West Building North Wing East Facing Room Sailom Road, Tirukoilur-605757",656,0,221,111,14,0,0,213,2,0,1,0,0,1,0,3,566,566,0,1,567,0
213,"Danish Mission Girls Higher Secondary School, Middle Building West Wing, Tirukoilur-605757",702,1,264,74,8,0,0,243,0,0,0,0,1,0,0,0,591,591,0,1,592,0
214,"Danish Mission Girls Higher Secondary School, Middle Building South Wing, Tirukoilur-605757",801,1,254,136,14,1,0,309,0,0,1,0,0,0,1,2,719,719,0,0,719,0
215,"Panchayat Union Middle School, South Wing East Facing Room, Deviyagaram-605757",718,1,202,253,23,0,1,154,1,2,0,0,0,0,4,4,645,645,0,4,649,0
216,"Panchayat Union Middle School, North Wing East Facing Room, Deviyagaram-605757",665,0,153,211,13,0,2,202,0,0,0,0,0,0,1,1,583,583,0,1,584,0
217,"Panchayat Union Elementary School, East Wing South Facing Room, Aaviyur-605757",868,0,225,311,13,0,0,266,0,0,0,0,0,0,0,1,816,816,0,3,819,0
218,"Panchayat Union Elementary School, West Wing South Facing Room, Aaviyur-605757",618,0,163,219,20,1,0,166,1,0,0,0,1,0,1,2,574,574,0,4,578,0
219,"Panchayat Union Middle School, SSA Building North Wing East Facing Room, Vadakunemili- 605757",750,1,142,346,6,1,1,191,0,0,0,0,0,1,3,0,692,692,0,0,692,0
220,"Panchayat Union Middle School, East Wing South Facing, Vadakunemili-605757",883,1,204,216,33,0,2,362,0,0,0,0,0,0,2,4,824,824,0,1,825,0
221,"Panchayat Union Middle School, East Wing North Facing, Athandamaruthur-605757",869,1,151,388,10,1,1,235,1,0,0,1,0,1,1,3,794,794,0,2,796,0
222,"Panchayat Union Middle School, West Side Building, Athandamaruthur-605757",875,1,149,366,26,0,1,267,1,0,1,0,0,0,2,2,816,816,0,2,818,0
223,"Panchayat Union Middle School, North Wing West Facing Room, Vadamaruthur-605803",912,1,181,427,18,1,1,200,0,0,1,0,0,0,1,1,832,832,0,1,833,0
224,"Panchayat Union Middle School, Middle Wing West Facing Room, Vadamaruthur-605803",926,0,210,326,20,1,0,278,1,1,0,0,0,1,0,6,844,844,0,1,845,0
225,"Panchayat Union Middle School, East Facing, Vadamaruthur-605803",803,3,190,304,6,1,1,225,1,1,1,0,0,0,4,2,739,739,0,3,742,0
226,"Panchayat Union Middle School, South Facing, Vadamaruthur-605803",717,1,191,156,23,0,2,264,0,2,0,0,0,1,6,5,651,651,0,1,652,0
227,"Kalaimagal Aided Middle School, Additional Building South Wing East Facing Room, Elrampattu-605803",1143,1,291,310,16,0,2,388,2,0,1,0,1,2,7,1,1022,1022,0,6,1028,0
228,"Kalaimagal Aided Middle School, Additional Building Middle Wing, Elrampattu-605803",955,9,160,247,23,2,3,385,2,0,3,1,1,3,7,4,850,850,0,1,851,0
229,"Panchayat Union Middle School, SSA Building East Wing North Facing Room, Muthalur-605757",646,0,203,72,12,0,0,307,0,0,1,0,0,0,0,1,596,596,0,0,596,0
230,"Panchayat Union Middle School, SSA Building West Wing North Facing Room, Muthalur-605757",603,1,176,133,6,1,1,204,1,0,1,0,0,1,2,4,531,531,0,1,532,0
231,"Aided Elementary School, Additional Building North Wing, Avikolapakkam-605757",752,1,128,224,12,0,2,353,0,1,2,0,0,1,1,2,727,727,0,0,727,0
232,"Aided Elementary School, Additional Building North Facing Room, Avikolapakkam-605757",775,1,163,265,24,1,2,272,1,1,0,0,0,0,0,2,732,732,0,0,732,0
233,"Panchayat Union Elementary School, West Building North Wing, Kattupaiyur-605757",876,2,83,335,20,3,1,348,1,3,0,1,1,0,2,0,800,800,0,0,800,0
234,"Panchayat Union Elementary School, South Building West Wing South Facing Room, Kattupaiyur-605757",630,2,81,241,10,0,1,229,0,0,0,0,0,0,2,0,566,566,0,0,566,0
235,"Panchayat Union Elementary School, West Building South Wing, Kattupaiyur-605757",1114,2,149,456,10,1,1,359,0,0,4,1,1,4,4,3,995,995,0,3,998,0
236,"Panchayat Union Middle School, North Wing South Facing Room, Vadamalaiyanur-605803",836,1,121,297,13,0,0,311,1,0,0,1,0,1,3,1,750,750,0,2,752,0
237,"Panchayat Union Middle School, North Facing Room West Wing, Vadamalaiyanur-605803",872,2,178,226,22,1,3,345,4,1,1,1,1,5,0,4,794,794,0,1,795,0
238,"Panchayat Union Elementary School, North Building West Wing South Facing Room, Villivalam-605803",758,1,199,168,23,0,0,304,0,0,0,0,2,1,0,1,699,699,0,0,699,0
239,"Panchayat Union Elementary School, West Wing South Facing Room, Arunkurukkai-605803",871,1,154,235,15,1,3,350,1,0,2,0,0,2,3,5,772,772,0,1,773,0
240,"Panchayat Union Elementary School, East Wing South Facing Room, Arunkurukkai-605803",656,3,129,170,16,0,1,268,0,0,0,0,0,1,3,0,591,591,0,2,593,0
241,"Panchayat Union Elementary School, Additional Building North Wing West Facing Room, Arunkurukkai-605803",793,3,134,174,8,1,4,396,2,1,2,0,1,1,1,3,731,731,0,2,733,0
242,"Panchayat Union Elementary School, Additional Building South Wing West Facing Room, Arunkurukkai-605803",707,1,123,175,19,0,2,313,1,1,2,1,0,2,2,1,643,643,0,2,645,0
243,"Panchayat Union Elementary School, North Wing West Face, Puthur, Arunkurukkai-605803",754,2,193,259,8,0,4,230,0,0,0,0,0,1,0,3,700,700,0,0,700,0
244,"Panchayat Union Elementary School, West Facing Building, T.Konalavadi-605803",682,0,203,218,26,0,0,189,0,0,0,0,1,0,1,2,640,640,0,0,640,0
245,"Panchayat Union Elementary School, Additional Building East Facing, T.Konalavadi-605803",509,1,212,98,32,0,0,129,0,0,0,0,2,1,2,5,482,482,0,0,482,0
246,"Panchayat Union Middle School, New Building Middle Wing East Facing Room, T.Kodiyur- 605803",752,0,208,199,18,0,1,263,0,0,1,1,1,0,2,4,698,698,0,0,698,0
247,"Panchayat Union Middle School, New Building North Wing East Facing Room, T.Kodiyur-605803",701,2,176,259,4,0,0,184,0,1,0,0,0,2,3,2,633,633,0,2,635,0
248,"Anganwadi Center, South Building North Facing Room, Veeranampattu-605803",573,0,108,119,19,0,0,266,2,1,3,0,0,0,6,3,527,527,0,1,528,0
249,"Panchayat Union Middle School, West Building North Wing East Facing Room, Edapalaiyam- 605803",1075,0,412,40,10,0,0,257,0,0,0,0,1,0,0,2,722,722,0,0,722,0
250,"Panchayat Union Middle School, West Building South Wing East Facing Room, Edapalaiyam- 605803",555,0,242,14,1,0,0,116,0,0,1,0,0,0,1,3,378,378,0,1,379,0
251,"Panchayat Union Middle School, West Building Middle Wing East Facing Room, Edapalaiyam- 605803",743,1,255,40,3,1,2,211,0,0,3,0,0,0,2,1,519,519,0,3,522,0
252,"Government Girls Higher Secondary School, North Wing Building West Facing Room, Sithalingamadam-605803",938,2,294,347,16,0,0,184,0,0,0,0,1,0,1,0,845,845,0,0,845,0
253,"Government Girls Higher Secondary School, South Building West Wing North Facing Room, Sithalingamadam-605803",799,0,223,302,18,0,0,162,0,0,0,0,1,0,8,2,716,716,0,1,717,0
254,"Panchayat Union Middle School, East Building North Facing Room, Sithalingamadam-605803",684,2,253,132,8,0,1,195,0,0,1,2,1,0,2,2,599,599,0,0,599,0
255,"Panchayat Union Middle School, Additional Building East Facing Room, Sithalingamadam- 605803",991,2,277,178,15,2,3,366,0,1,4,0,1,3,1,3,856,856,0,2,858,0
256,"Panchayat Union Elementary School, West Facing, Pallarippalayam, Sithlingamadam- 605803",470,2,188,145,17,1,1,71,0,0,0,0,0,2,3,1,431,431,0,0,431,0
257,"Panchayat Union Elementary School, North Wing Building West Facing Room, C.Meiyyur-605803",669,0,269,169,5,0,1,155,0,0,0,0,1,0,0,0,600,600,0,1,601,0
258,"Panchayat Union Elementary School, South Wing Building West Facing Room, C.Meiyyur-605803",762,1,268,232,14,0,0,143,0,0,0,0,0,1,1,0,660,660,0,0,660,0
259,"Noon Meal Centre, West Facing Building, C. Meiyyr-605803",653,0,159,102,16,0,0,272,1,1,3,2,0,1,1,5,563,563,0,1,564,0
260,"Libarary Building, East Facing Room Colony, C.Meiyyur-605803",679,3,173,100,16,0,2,258,1,3,1,0,0,0,4,5,566,566,0,1,567,0
261,"Panchayat Union Elementary School, Old Building South Wing East Facing Room, T.Puthupalaiyam-605803",571,0,55,281,5,0,0,109,0,0,0,0,1,1,5,1,458,458,0,1,459,0
262,"Panchayat Union Elementary School, Old Building South Wing West Facing Room, T.Puthupalaiyam-605803",704,1,63,364,10,0,0,152,0,1,0,0,0,1,0,0,592,592,0,0,592,0
263,"Panchayat Union Elementary School, South Wing Building West Facing Room, T.Puthupalaiyam- 605803",1001,2,190,458,14,0,1,188,0,0,0,1,0,2,3,3,862,862,0,1,863,0
264,"Panchayat Union Elementary School, New Building East West Facing Room, T.Puthupalaiyam-605803",1053,2,323,228,48,0,0,298,2,1,2,0,0,1,6,14,925,925,0,3,928,0
265,"Panchayat Union Elementary School, West Facing, Ayyampettai, T.Puthupalayam -605803",850,0,91,478,43,2,0,140,2,0,1,0,1,1,3,2,764,764,0,4,768,0
266,"Gandhi Aided Elementary School, North Building West Wing, T.Kunnathur-605803",535,0,164,99,17,0,4,181,1,0,1,1,0,0,2,2,472,472,0,0,472,0
267,"Gandhi Aided Elementary School, North Building East Facing, T.Kunnathur-605803",616,4,187,131,15,0,3,219,0,0,0,0,0,0,2,3,564,564,0,0,564,0
268,"Panchayat Union Middle School, South Building West Side North Facing Room, Pennaivalam- 607209",719,0,150,219,18,1,0,247,0,0,0,1,2,2,4,4,648,648,0,1,649,0
269,"Panchayat Union Middle School, South Building West Side East Facing Room, Pennaivalam- 607209",492,1,142,154,8,1,2,124,0,0,1,1,1,0,1,0,436,436,0,0,436,0
270,"Panchayat Union Middle School, Additional Building South Building East Wing North Facing Room, Pennaivalam-607209",848,6,179,337,14,0,1,223,1,1,0,0,1,0,4,2,769,769,0,2,771,0
271,"Panchayat Union Middle School, Additional Building North Wing East Facing Room, Pennaivalam-607209",834,3,165,315,19,0,1,234,1,0,0,1,0,1,0,0,740,740,0,0,740,0
272,"Panchayat Union Middle School, East Building North East Wing, Pavanthur-607209",847,2,247,299,18,0,0,191,0,0,0,0,1,0,3,0,761,761,0,2,763,0
273,"Panchayat Union Middle School, North New Building East Wing, Pavanthur-607209",727,6,215,159,35,0,2,208,1,1,2,0,0,1,2,1,633,633,0,2,635,0
274,"Panchayat Union Middle School, North New Building Middle Wing West Facing Room, Pavanthur-607209",822,1,269,184,32,0,3,272,0,0,0,0,0,0,3,2,766,766,0,1,767,0
275,"Panchayat Union Middle School, South Building South Wing, Andarayanur-605803",1104,2,174,497,15,2,2,248,1,1,1,1,1,0,5,4,954,954,0,0,954,0
276,"Panchayat Union Elementary School, TBEB Building, Panappakkam-605803",1118,0,263,348,34,0,3,359,0,0,1,0,0,0,3,2,1013,1013,0,0,1013,0
277,"Panchayat Union Middle School, SSA Building North Wing South Facing Room, Andarayanur- 605803",610,1,195,128,9,0,1,224,0,0,1,1,2,0,5,4,571,571,0,0,571,0
278,"Adied Elementary School, Kongrayanur-607203",1053,1,239,497,24,1,1,221,2,0,1,0,1,1,2,1,992,992,0,2,994,0
279,"Government High School, South Wing Building East Facing Room, Paiyur-607203",1118,3,271,332,37,1,2,352,1,1,2,0,1,2,0,5,1010,1010,0,0,1010,0
280,"Government High School, Mddile Side Building East Facing Room, Paiyur-607203",903,2,197,491,5,0,0,153,0,0,0,0,0,1,5,2,856,856,0,2,858,0
281,"Government High School, North Wing Building East Facing Room, Paiyur-607203",634,3,150,270,15,0,0,156,0,0,0,2,2,1,2,1,602,602,0,2,604,0
282,"Panchayat Union Elementary School, North Facing Room East Wing, Marangiyur-607203",615,0,119,270,22,0,0,127,0,0,0,0,0,0,0,0,538,538,0,0,538,0
283,"Panchayat Union Elementary School, North Building South Facing, Marangiyur-607203",617,0,244,198,20,0,0,110,0,0,0,0,0,0,0,1,573,573,0,2,575,0
284,"Panchayat Union Middle School, East Building South Facing Room, Siruvanur-607203",698,0,143,307,9,0,0,147,0,0,0,0,0,0,3,3,612,612,0,0,612,0
285,"Panchayat Union Middle School, West Building South Facing Room, Siruvanur-607203",1085,2,408,216,30,2,2,325,1,0,3,0,0,2,3,1,995,995,0,1,996,0
286,"Government Higher Secondery School, North Building South Wing East Facing Room No.7, Enathimangalam-607107",970,0,336,243,45,0,1,214,0,0,1,0,0,1,2,1,844,844,0,3,847,0
287,"Government Higher Secondery School, North Building Mddille Wing East Facing Room, Enathimangalam-607107",796,1,209,249,45,1,2,175,0,0,1,1,0,0,0,1,685,685,0,1,686,0
288,"Government Higher Secondery School, North Building South Wing East Facing Room No.10, Enathimangalam-607107",795,4,307,154,40,0,1,219,0,0,1,0,0,1,1,3,731,731,0,0,731,0
289,"Panchayat Union Elementary School, East Building West Facing Room, Eralur-607107",975,0,241,455,16,0,1,181,0,1,0,0,2,1,1,3,902,902,0,0,902,0
290,"Panchayat Union Middle School, Additional Building East Wing North Facing Room, Semmar- 607107",592,2,140,305,14,0,0,70,0,2,0,0,0,0,0,0,533,533,0,2,535,0
291,"Panchayat Union Middle School, South Building North Facing Room, Semmar-607107",671,1,150,375,7,1,0,77,0,0,0,0,0,0,4,1,616,616,0,1,617,0
292,"Panchayat Union Middle School, North Building South Facing Room, Semmar-607107",687,2,233,244,13,0,2,142,0,1,0,0,0,0,2,3,642,642,0,0,642,0
293,"Panchayat Union Middle School, North Building West Wing North Facing Room, Melamangalam- 607107",641,1,235,148,19,0,0,178,0,0,0,0,0,0,2,4,587,587,0,1,588,0
294,"Panchayat Union Middle School, Additional Building East Facing, Melamangalam-607107",629,1,157,319,17,0,0,109,1,0,0,0,0,0,0,1,605,605,0,0,605,0
295,"Panchayat Union Middle School, SSA Building South Wing West Facing Room, Valaiyampattu- 607107",639,1,204,254,14,0,0,113,0,1,0,0,0,0,0,3,590,590,0,2,592,0
296,"Panchayat Union Middle School, East Building North Facing Room, Valaiyampattu-607107",651,1,242,203,4,0,1,152,0,0,1,0,0,1,5,4,614,614,0,1,615,0
297,"Panchayat Union Elementary School, East Wing South Facing Room, Emappur-607203",625,1,114,343,11,0,0,108,0,0,1,0,0,1,3,1,583,583,0,2,585,0
298,"Panchayat Union Elementary School, West Building Middle Wing South Facing, Emappur- 607203",630,3,188,163,14,0,0,212,1,0,3,0,0,0,0,2,586,586,0,1,587,0
299,"Panchayat Union Elementary School, West Wing Building South Facing Room, Emappur-607203",860,0,147,475,30,0,0,148,0,0,0,0,2,0,2,1,805,805,0,1,806,0
300,"Danish Mission Elementary School, South Building East Wing North Facing Room, T. Mazhavarayanur-607203",586,3,160,179,15,2,0,128,0,1,1,1,0,0,0,0,490,490,0,0,490,0
301,"Danish Mission Elementary School, Souh Building West Wing North Facing Room, T. Mazhavarayanur-607203",965,3,278,181,23,0,0,398,1,1,0,0,0,1,2,3,891,891,0,3,894,0
302,"Government High School, West Building East Facing Room, Sirumadurai-607203",863,2,262,195,25,1,0,292,0,0,1,0,1,1,1,5,786,786,0,2,788,0
303,"Government High School, West Building North Wing East Facing Room, Sirumadurai-607203",701,1,191,110,24,1,3,283,1,2,3,0,1,0,2,3,625,625,0,0,625,0
304,"Government High School, Middle Building East Facing, Sirumadurai-607203",486,2,192,124,11,1,1,101,0,0,0,0,0,0,1,1,434,434,0,2,436,0
305,"Panchayat Union Elementary School, North Wing West Facing Room, T. Edaiyar-605803",673,0,202,199,10,1,3,171,0,1,0,1,0,1,3,4,596,596,0,2,598,0
306,"Panchayat Union Elementary School, North Wing East Facing Room, T.Edaiyar-605803",523,0,169,161,13,0,0,106,1,0,0,0,0,0,1,1,452,452,0,0,452,0
307,"Panchayat Union Elementary School, Middle Wing Building West Facing Room, T. Edaiyar- 605803",707,0,325,112,19,0,2,190,0,1,2,0,1,0,1,7,660,660,0,1,661,0
308,"Panchayat Union Elementary School, West Wing Building South Facing Room, T. Edaiyar-605803",649,2,275,117,12,1,0,171,1,0,2,1,2,2,5,13,604,604,0,1,605,0
309,"Panchayat Union Elementary School, North Wing Building West Facing Room, Manakuppam, Elanthurai-607209",862,2,266,234,16,1,0,243,1,1,1,0,1,1,3,5,775,775,0,3,778,0
310,"Panchayat Union Elementary School, South Wing Building West Facing Room, Manakuppam, Elanthurai-607209",990,2,303,281,23,0,0,305,0,0,1,0,0,0,2,2,919,919,0,0,919,0
311,"Government Higher Secondary School, North Building East Wing South Facing Room, Manakuppam-607209",633,1,119,277,17,0,0,141,1,0,0,0,1,0,1,0,558,558,0,0,558,0
312,"Government Higher Secondary School, West Building East Facing Middle Room, Manakuppam- 607209",804,0,127,418,12,0,1,182,0,1,0,1,1,1,2,0,746,746,0,1,747,0
313,"Government Higher Secondary School, South Building West Wing North Facing Room, Manakuppam-607209",1029,4,320,219,29,1,3,334,1,3,2,1,1,1,4,9,932,932,0,3,935,0
314,"Panchayat Union Middle School, West Building South Wing East Facing Room, Chinnasevalai- 607203",859,0,211,272,9,1,4,263,1,0,3,1,0,0,2,3,770,770,0,1,771,0
315,"Panchayat Union Middle School, West Building North Wing, Chinnasevalai-607203",733,3,181,159,30,0,2,276,1,0,2,1,0,0,1,5,661,661,0,3,664,0
316,"Government Girls Higher Secondary School, Middle Building East Wing North Facing, Thiruvennainallur-607203",1005,1,424,160,21,0,0,278,0,0,0,0,0,0,0,1,885,885,0,1,886,0
317,"Integrated Child Development Services School, East Facing, Thiruvennainallur-607203",844,1,295,149,19,0,1,197,0,0,0,1,1,0,0,1,665,665,0,3,668,0
318,"Panchayat Union Middle School, West Wing Building North Facing Room, Thiruvennainallur- 607203",603,1,120,254,11,0,0,145,0,0,1,0,2,0,0,0,534,534,0,1,535,0
319,"Panchayat Union Middle School, East Building North Facing Room, Thiruvennainallur-607203",662,1,173,210,22,0,0,168,0,1,0,1,0,0,0,2,578,578,0,3,581,0
320,"Panchayat Union Middle School, West Wing Building North Facing Room, Thiruvennainallur- 607203",519,1,129,187,14,0,0,104,0,0,0,0,0,0,1,0,436,436,0,5,441,0
321,"Panchayat Union Middle School, West Building North Facing, Thiruvennainallur-607203",552,1,161,128,7,0,0,163,0,0,0,0,0,0,1,1,462,462,0,0,462,0
322,"Panchayat Union Middle School, Additional Building South Wing West Facing Room, Thiruvennainallur-607203",634,0,133,237,11,1,0,156,1,0,0,0,3,0,1,0,543,543,0,1,544,0
323,"Panchayat Union Middle School, East Building West Facing Room, Thiruvennainallur-607203",577,0,200,119,7,0,1,183,0,0,1,0,0,1,1,3,516,516,0,0,516,0
324,"Government Girls Higher Secondary School, Middle Building West Wing North Facing, Thiruvennainallur-607203",712,1,251,185,10,0,1,180,1,0,1,0,1,0,1,4,636,636,0,1,637,0
325,"Gandhi Higher Secondary School, South Building West Facing Room, Thiruvennainallur, Gandhikuppam-607203",652,3,309,70,5,0,1,195,0,1,1,0,0,0,3,4,592,592,0,1,593,0
326,"Gandhi Higher Secondary School, South Building West Facing North Wing, Thiruvennainallur, Gandhikuppam-607203",756,0,292,105,13,0,0,268,2,1,6,1,0,2,3,2,695,695,0,1,696,0
327,"Panchayat Union Middle School, North Face Building, Mazhayampattu-607203",638,0,164,274,8,0,0,121,0,0,0,0,0,1,0,0,568,568,0,1,569,0
328,"Panchayat Union Middle School, New Building North Facing Room, Mazhayampattu-607203",708,0,140,347,10,0,2,151,0,0,0,0,0,0,3,0,653,653,0,1,654,0
329,"Public E-Service Centre, South Facing, Thaduthatkondur-607203",976,1,336,237,28,2,1,232,0,0,0,0,9,0,0,3,849,849,0,0,849,0
330,"Panchayat Union Middle School, West Facing, Thaduthatkondur-607203",979,1,353,304,17,0,2,187,0,0,0,1,6,0,1,3,875,875,0,0,875,0
