Polling Station No,UMADEVI. P,KUTTY (ALIAS) SUDHAKAR. A,LEKSHMANA SINGH. D,DR. SRIDHARAN. A,PERUMAL. K,LAKSHMI. N,Total Valid Votes,Rejected Votes,NOTA,Total,Tendered Votes
1,25,243,125,168,0,1,562,0,3,565,0
2,13,203,153,205,3,1,578,0,4,582,0
3,25,234,145,216,2,0,622,0,6,628,0
4,30,247,148,196,3,0,624,0,1,625,0
5,15,350,177,243,1,4,790,0,2,792,0
6,23,367,226,266,4,1,887,0,7,894,0
7,17,206,179,315,5,1,723,0,5,728,0
8,8,165,162,255,2,0,592,0,1,593,0
9,7,142,137,242,2,0,530,0,2,532,0
10,24,248,165,154,1,3,595,0,4,599,0
11,36,267,220,207,0,3,733,0,3,736,0
12,21,386,193,170,1,1,772,0,1,773,0
13,40,406,227,292,2,1,968,0,2,970,0
14,23,201,174,192,5,0,595,0,5,600,0
15,37,231,177,169,0,1,615,0,5,620,0
16,29,452,209,288,1,0,979,0,4,983,0
17,10,119,29,63,0,0,221,0,0,221,0
18,16,185,160,221,4,0,586,0,6,592,0
19,22,175,114,148,0,0,459,0,2,461,0
20,35,266,196,216,1,2,716,0,3,719,0
21,27,240,139,207,0,4,617,0,2,619,0
22,11,177,120,153,2,0,463,0,4,467,0
23,26,187,262,245,4,2,726,0,1,727,0
24,23,95,209,198,3,0,528,0,0,528,0
25,17,89,161,198,3,2,470,0,5,475,0
26,19,166,164,274,1,0,624,0,5,629,0
27,26,136,152,308,0,3,625,0,4,629,0
28,17,157,185,270,2,0,631,0,3,634,0
29,23,129,195,143,0,0,490,0,2,492,0
30,30,105,101,199,1,1,437,0,1,438,0
31,20,166,246,140,0,2,574,0,1,575,0
32,30,143,341,188,0,0,702,0,2,704,0
33,30,270,243,278,6,3,830,0,6,836,0
34,29,178,244,219,1,0,671,0,1,672,0
35,29,250,291,258,3,1,832,0,2,834,0
36,22,256,160,207,1,0,646,0,2,648,0
37,15,214,194,214,1,2,640,0,4,644,0
38,17,442,64,222,1,1,747,0,0,747,0
39,16,127,142,189,2,1,477,0,1,478,0
40,16,97,146,244,0,0,503,0,1,504,0
41,17,181,149,232,6,1,586,0,1,587,0
42,21,190,269,209,2,0,691,0,5,696,0
43,22,150,184,134,0,0,490,0,0,490,0
44,26,122,146,254,2,0,550,0,4,554,0
45,37,171,357,190,6,3,764,0,6,770,0
46,19,224,354,219,5,5,826,0,2,828,0
47,27,181,253,192,4,0,657,0,8,665,0
48,31,262,277,335,2,3,910,0,7,917,0
49,16,168,290,229,2,2,707,0,4,711,0
50,19,220,185,306,3,0,733,0,1,734,0
51,31,221,206,280,1,0,739,0,2,741,0
52,25,111,194,191,3,2,526,0,1,527,0
53,17,159,241,113,2,2,534,0,3,537,0
54,23,272,356,167,1,1,820,0,1,821,0
55,22,212,311,256,2,1,804,0,0,804,0
56,11,195,188,190,0,4,588,0,6,594,0
57,11,157,209,131,1,1,510,0,0,510,0
58,15,170,121,190,2,0,498,0,4,502,0
59,10,220,134,184,1,0,549,0,0,549,0
60,27,254,298,194,0,3,776,0,2,778,0
61,5,180,167,160,2,1,515,0,2,517,0
62,13,145,204,125,2,2,491,0,1,492,0
63,17,175,228,92,2,0,514,0,3,517,0
64,25,204,214,172,1,0,616,0,5,621,0
65,19,161,258,174,1,1,614,0,0,614,0
66,11,186,200,151,3,6,557,0,6,563,0
67,18,223,199,241,4,1,686,0,5,691,0
68,20,253,211,210,2,1,697,0,7,704,0
69,24,293,281,200,4,4,806,0,2,808,0
70,7,141,139,90,0,0,377,0,0,377,0
71,14,221,151,109,2,0,497,0,2,499,0
72,9,152,40,142,0,0,343,0,5,348,0
73,2,85,38,48,1,1,175,0,2,177,0
74,22,138,139,241,4,1,545,0,2,547,0
75,22,312,232,227,4,3,800,0,4,804,0
76,19,237,188,280,4,1,729,0,1,730,0
77,33,239,271,222,4,4,773,0,5,778,0
78,16,204,176,163,0,2,561,0,2,563,0
79,14,222,144,132,0,0,512,0,0,512,0
80,11,172,121,120,1,4,429,0,3,432,0
81,14,173,206,127,5,4,529,0,3,532,0
82,7,118,155,96,3,3,382,0,2,384,0
83,17,169,187,155,3,3,534,0,6,540,0
84,24,184,177,197,1,3,586,0,4,590,0
85,19,262,197,233,5,1,717,0,9,726,0
86,55,148,235,240,7,2,687,0,5,692,0
87,35,185,175,237,4,0,636,0,1,637,0
88,11,136,132,110,0,2,391,0,4,395,0
89,28,282,274,285,3,4,876,0,7,883,0
90,43,209,265,244,3,2,766,0,7,773,0
91,9,206,226,259,7,1,708,0,7,715,0
92,11,132,92,222,1,1,459,0,4,463,0
93,23,183,150,118,0,1,475,0,1,476,0
94,24,194,202,203,2,0,625,0,4,629,0
95,25,254,249,292,3,1,824,0,4,828,0
96,22,300,219,307,2,1,851,0,1,852,0
97,20,166,238,189,1,0,614,0,4,618,0
98,20,277,177,216,1,3,694,0,3,697,0
99,14,153,243,205,7,3,625,0,2,627,0
100,18,148,201,225,2,2,596,0,5,601,0
101,7,170,217,100,4,1,499,0,2,501,0
102,15,130,220,104,4,1,474,0,4,478,0
103,28,231,274,199,6,3,741,0,3,744,0
104,18,183,235,153,0,0,589,0,1,590,0
105,10,157,140,140,2,1,450,0,2,452,0
106,13,102,198,126,0,1,440,0,1,441,0
107,21,199,131,174,1,1,527,0,2,529,0
108,17,196,185,179,2,1,580,0,2,582,0
109,23,212,216,257,6,3,717,0,2,719,0
110,31,252,209,233,4,1,730,0,4,734,0
111,15,153,164,200,1,0,533,0,4,537,0
112,30,119,171,226,3,0,549,0,3,552,0
113,22,227,231,153,3,2,638,0,6,644,0
114,17,183,304,248,2,1,755,0,2,757,0
115,18,250,216,177,2,2,665,0,1,666,0
116,40,246,332,323,1,1,943,0,6,949,0
117,21,149,255,179,3,3,610,0,2,612,0
118,34,201,280,200,3,3,721,0,6,727,0
119,26,140,191,225,5,3,590,0,3,593,0
120,27,266,240,265,1,4,803,0,4,807,0
121,50,279,202,235,4,2,772,0,2,774,0
122,20,177,179,120,1,4,501,0,3,504,0
123,16,199,248,106,3,3,575,0,4,579,0
124,14,225,189,218,1,1,648,0,2,650,0
125,5,88,63,47,1,2,206,0,1,207,0
126,19,203,195,133,0,2,552,0,0,552,0
127,17,204,182,123,4,5,535,0,4,539,0
128,20,233,155,208,0,3,619,0,2,621,0
129,29,172,189,118,0,1,509,0,1,510,0
130,11,166,190,157,8,0,532,0,6,538,0
131,9,158,212,172,3,1,555,0,1,556,0
132,8,150,231,180,1,0,570,0,2,572,0
133,21,161,209,254,1,2,648,0,2,650,0
134,37,125,304,278,4,1,749,0,11,760,0
135,33,166,215,184,1,3,602,0,4,606,0
136,19,127,210,159,2,2,519,0,1,520,0
137,10,250,286,178,5,1,730,0,4,734,0
138,14,228,263,231,1,1,738,0,5,743,0
139,27,225,294,302,3,2,853,0,3,856,0
140,39,371,103,261,2,1,777,0,4,781,0
141,34,254,130,274,2,3,697,0,5,702,0
142,26,198,219,325,1,3,772,0,5,777,0
143,20,247,192,331,4,3,797,0,3,800,0
144,25,211,237,331,3,1,808,0,6,814,0
145,27,137,128,163,4,0,459,0,1,460,0
146,22,156,99,192,5,0,474,0,2,476,0
147,21,191,210,243,0,2,667,0,6,673,0
148,15,287,237,252,3,1,795,0,3,798,0
149,26,302,210,271,6,3,818,0,7,825,0
150,28,283,261,154,4,3,733,0,4,737,0
151,18,121,254,220,2,1,616,0,1,617,0
152,18,129,200,205,4,1,557,0,4,561,0
153,8,108,134,86,2,1,339,0,2,341,0
154,13,98,145,85,0,1,342,0,2,344,0
155,9,158,170,103,2,2,444,0,3,447,0
156,24,240,225,205,6,1,701,0,10,711,0
157,18,143,206,201,0,1,569,0,4,573,0
158,25,148,250,224,0,0,647,0,0,647,0
159,21,147,202,172,0,1,543,0,1,544,0
160,24,157,214,245,4,0,644,0,4,648,0
161,10,115,213,181,1,2,522,0,5,527,0
162,17,171,285,200,1,0,674,0,3,677,0
163,20,307,229,274,3,0,833,0,5,838,0
164,16,192,195,228,1,1,633,0,3,636,0
165,20,210,185,343,6,3,767,0,1,768,0
166,15,213,232,256,1,1,718,0,2,720,0
167,15,352,53,146,2,0,568,0,0,568,0
168,16,341,35,104,0,2,498,0,3,501,0
169,32,413,158,250,3,0,856,0,1,857,0
170,26,236,163,238,0,2,665,0,2,667,0
171,19,331,99,239,1,3,692,0,4,696,0
172,26,314,117,214,3,1,675,0,2,677,0
173,17,398,74,150,3,1,643,0,2,645,0
174,27,349,99,226,2,1,704,0,4,708,0
175,2,68,37,77,0,2,186,0,0,186,0
176,13,116,31,84,0,0,244,0,1,245,0
177,8,248,85,86,0,1,428,0,0,428,0
178,13,258,97,101,2,2,473,0,4,477,0
179,8,148,61,33,1,0,251,0,0,251,0
180,10,171,81,96,3,0,361,0,0,361,0
181,9,175,97,54,0,0,335,0,2,337,0
182,17,438,117,183,5,1,761,0,2,763,0
183,14,145,57,91,0,2,309,0,2,311,0
184,3,115,41,46,0,0,205,0,3,208,0
185,13,231,96,90,0,0,430,0,2,432,0
186,33,356,79,147,2,2,619,0,2,621,0
187,11,160,71,80,2,1,325,0,0,325,0
188,14,161,137,80,1,0,393,0,1,394,0
189,36,437,127,159,2,3,764,0,2,766,0
190,48,286,118,161,1,1,615,0,7,622,0
191,24,145,149,141,1,0,460,0,5,465,0
192,17,169,135,158,1,0,480,0,0,480,0
193,22,239,105,170,2,0,538,0,3,541,0
194,27,219,100,168,1,3,518,0,4,522,0
195,30,201,104,116,0,1,452,0,0,452,0
196,24,261,103,147,0,1,536,0,1,537,0
197,33,269,119,267,2,0,690,0,3,693,0
198,38,175,125,118,1,2,459,0,2,461,0
199,32,180,126,120,0,1,459,0,1,460,0
200,23,269,148,167,2,0,609,0,4,613,0
201,37,279,171,119,0,1,607,0,2,609,0
202,19,318,130,160,2,1,630,0,4,634,0
203,18,185,161,175,4,1,544,0,2,546,0
204,33,356,189,183,1,1,763,0,6,769,0
205,23,353,95,176,0,0,647,0,1,648,0
206,8,163,50,89,1,1,312,0,1,313,0
207,23,214,117,145,2,0,501,0,4,505,0
208,35,237,106,90,0,0,468,0,0,468,0
209,33,226,85,61,0,0,405,0,0,405,0
210,31,223,175,100,0,0,529,0,0,529,0
211,10,160,147,81,1,0,399,0,0,399,0
212,25,270,160,153,0,1,609,0,1,610,0
213,22,254,184,106,1,0,567,0,0,567,0
214,22,298,118,101,0,0,539,0,1,540,0
215,20,141,71,65,0,1,298,0,0,298,0
216,19,315,138,144,1,1,618,0,3,621,0
217,17,381,122,147,1,0,668,0,1,669,0
218,13,383,74,139,1,2,612,0,0,612,0
219,25,253,159,186,1,1,625,0,0,625,0
220,32,218,135,148,1,2,536,0,0,536,0
221,25,285,175,179,1,1,666,0,2,668,0
222,19,280,125,168,0,0,592,0,0,592,0
223,24,393,172,179,1,1,770,0,0,770,0
224,26,292,137,167,2,0,624,0,3,627,0
225,20,358,103,120,0,0,601,0,2,603,0
226,16,240,59,82,1,1,399,0,0,399,0
227,26,219,96,110,3,2,456,0,2,458,0
228,16,218,89,85,1,1,410,0,0,410,0
229,10,261,133,120,1,0,525,0,2,527,0
230,12,139,63,64,1,0,279,0,2,281,0
231,6,170,49,44,3,2,274,0,1,275,0
232,23,390,102,146,2,3,666,0,0,666,0
233,13,133,64,71,0,1,282,0,4,286,0
234,29,252,104,129,1,2,517,0,0,517,0
235,28,293,127,166,4,1,619,0,2,621,0
236,13,233,144,70,1,1,462,0,1,463,0
237,14,139,46,74,0,0,273,0,0,273,0
238,16,239,100,156,0,2,513,0,0,513,0
239,13,148,89,76,2,0,328,0,0,328,0
240,17,183,84,113,3,1,401,0,1,402,0
241,7,107,66,63,0,1,244,0,0,244,0
