Polling Station No,Candidate_1,Candidate_2,Candidate_3,Candidate_4,Candidate_5,Candidate_6,Candidate_7,Candidate_8,Candidate_9,Candidate_10,Candidate_11,Candidate_12,Candidate_13,Candidate_14,Candidate_15,Candidate_16,Total Valid Votes,Rejected Votes,NOTA,Total,Tendered Votes
1,29,103,248,0,0,272,0,0,0,0,0,0,1,1,0,7,7,661,0,661,0
2,51,137,272,1,2,351,1,0,0,0,0,0,0,1,0,4,4,820,0,820,0
3,47,123,271,0,1,434,0,0,0,0,0,0,1,0,0,5,5,882,0,882,0
4,44,133,214,0,2,363,1,0,0,0,0,0,0,1,0,9,9,767,0,767,0
5,19,194,204,1,0,339,1,0,0,0,0,0,0,0,0,5,5,763,0,763,0
6,27,112,248,0,1,321,0,0,0,0,0,0,1,1,0,2,2,713,0,713,0
7,36,148,207,0,3,399,0,0,0,0,0,0,0,1,0,2,2,796,0,796,0
8,50,172,225,1,0,432,1,0,0,0,1,1,1,0,0,4,4,888,0,888,0
9,29,108,196,0,0,286,1,1,0,0,0,1,0,1,0,5,5,628,0,628,0
10,46,155,262,6,0,330,3,0,0,0,0,0,1,0,0,3,3,806,0,806,0
11,44,115,233,0,2,355,1,0,1,0,0,0,0,0,0,1,1,752,0,752,0
12,35,176,205,0,0,369,0,0,0,0,0,1,1,1,0,7,7,795,0,795,0
13,28,69,92,0,0,161,0,0,0,0,0,0,0,0,0,0,0,350,0,350,0
14,43,80,246,0,1,397,1,0,0,1,2,1,0,0,1,3,3,776,0,776,0
15,49,105,238,1,0,470,0,0,1,0,0,0,1,0,0,5,5,870,0,870,0
16,38,145,200,0,3,429,0,0,0,0,0,0,0,0,0,2,2,817,0,817,0
17,25,85,161,1,0,304,0,1,2,0,0,0,0,0,1,3,3,583,0,583,0
18,16,99,174,1,0,252,1,0,0,0,0,1,0,1,0,1,1,546,0,546,0
19,13,99,140,2,0,189,0,0,0,0,0,0,0,0,0,7,7,450,0,450,0
20,26,141,163,0,0,270,0,2,0,0,1,0,0,1,0,8,8,612,0,612,0
21,15,132,124,0,1,230,0,0,0,0,0,0,0,0,0,3,3,505,0,505,0
22,26,168,157,0,1,260,1,0,0,0,0,1,0,1,0,6,6,621,0,621,0
23,19,168,366,1,0,296,1,0,0,1,1,0,0,2,1,2,2,858,0,858,0
24,37,160,187,0,3,258,0,0,0,0,0,0,1,0,0,6,6,652,0,652,0
25,26,59,94,1,2,147,0,0,0,0,0,0,0,1,0,1,1,331,0,331,0
26,14,142,117,0,0,189,0,0,0,0,0,0,0,0,0,4,4,466,0,466,0
27,23,146,165,1,0,310,1,1,0,0,1,0,0,1,0,4,4,653,0,653,0
28,10,109,170,0,1,228,0,0,0,0,0,0,0,0,0,5,5,523,0,523,0
29,22,103,163,1,0,262,1,0,0,0,0,0,1,0,0,2,2,555,0,555,0
30,18,186,188,0,0,246,0,0,0,0,0,0,1,0,0,4,4,643,0,643,0
31,20,51,108,0,0,144,0,0,0,0,0,0,0,0,0,2,2,325,0,325,0
32,20,87,142,0,2,135,0,0,0,0,0,0,0,0,0,3,3,389,0,389,0
33,16,102,142,1,0,215,0,0,0,1,0,0,0,1,0,3,3,481,0,481,0
34,18,113,229,1,1,219,1,0,0,0,0,0,0,1,0,5,5,588,0,588,0
35,25,162,186,0,2,287,0,0,0,0,0,0,1,1,1,4,4,669,0,669,0
36,26,109,168,2,0,260,0,1,0,0,0,0,1,0,0,1,1,568,0,568,0
37,18,102,143,0,0,210,0,0,1,0,0,0,0,0,0,4,4,478,0,478,0
38,20,120,142,0,3,224,1,0,0,0,0,0,0,0,0,2,2,512,0,512,0
39,30,92,191,1,0,300,0,0,0,0,0,0,0,0,0,2,2,616,0,616,0
40,39,163,209,2,1,371,0,0,1,0,0,0,0,0,1,3,3,790,0,790,0
41,26,164,205,0,0,420,1,0,1,0,0,0,0,1,1,7,7,826,0,826,0
42,30,129,238,3,1,250,0,0,0,0,0,1,1,0,0,3,3,656,0,656,0
43,13,173,243,3,0,279,1,0,0,0,0,0,0,0,0,1,1,713,0,713,0
44,29,107,203,0,0,296,1,0,1,0,0,2,0,0,0,5,5,644,0,644,0
45,36,219,230,0,0,313,1,1,0,0,1,0,1,1,1,0,0,804,0,804,0
46,35,102,208,1,1,384,0,0,0,1,0,0,0,2,1,4,4,739,0,739,0
47,37,111,266,0,0,282,0,0,0,0,2,0,2,1,0,1,1,702,0,702,0
48,37,96,183,0,1,236,0,1,0,0,0,0,1,0,0,7,7,562,0,562,0
49,45,158,254,0,1,437,0,0,0,0,0,0,1,0,0,4,4,900,0,900,0
50,36,178,303,0,1,329,1,0,0,0,0,0,1,0,0,4,4,853,0,853,0
51,48,145,270,0,0,434,0,0,0,0,0,0,0,2,0,1,1,900,0,900,0
52,16,107,132,1,1,227,0,0,2,0,0,0,1,0,0,5,5,492,0,492,0
53,40,125,203,1,0,358,1,0,0,0,0,0,0,0,2,5,5,735,0,735,0
54,43,155,224,0,2,340,1,1,0,0,0,0,0,2,1,3,3,772,0,772,0
55,36,180,166,1,0,299,1,1,0,1,1,0,0,0,2,3,3,691,0,691,0
56,23,163,161,2,0,252,1,0,0,0,0,0,1,0,0,6,6,609,0,609,0
57,29,150,197,1,0,317,1,0,0,0,0,1,1,0,0,5,5,702,0,702,0
58,30,114,148,3,0,308,0,0,2,0,1,0,0,0,0,1,1,607,0,607,0
59,25,215,189,1,0,336,2,0,0,0,0,0,1,2,0,2,2,773,0,773,0
60,54,240,174,2,0,395,1,0,0,0,0,0,0,1,0,8,8,875,0,875,0
61,28,233,171,1,0,381,1,1,0,0,0,0,0,0,0,4,4,820,0,820,0
62,30,114,236,0,2,404,0,1,0,0,0,0,2,1,0,5,5,795,0,795,0
63,27,133,256,0,1,449,1,0,0,0,0,1,0,0,0,8,8,876,0,876,0
64,25,245,202,1,0,270,0,0,0,0,0,0,0,1,0,1,1,745,0,745,0
65,27,294,126,1,0,178,1,1,1,0,0,0,0,0,1,5,5,635,0,635,0
66,20,232,171,1,0,266,0,0,0,0,0,1,1,1,1,3,3,697,0,697,0
67,44,149,214,2,0,373,1,1,0,0,0,0,0,0,0,1,1,785,0,785,0
68,37,185,212,2,0,334,2,0,0,1,1,0,1,1,0,5,5,781,0,781,0
69,40,233,190,0,2,299,0,1,0,0,1,0,0,0,1,2,2,769,0,769,0
70,63,127,223,0,3,403,0,0,0,0,0,0,0,1,0,2,2,822,0,822,0
71,59,165,203,0,2,469,2,1,0,0,1,0,0,0,0,2,2,904,0,904,0
72,50,111,153,1,2,350,1,0,0,0,0,0,1,1,0,2,2,672,0,672,0
73,23,178,204,0,1,280,1,0,0,0,2,0,0,0,1,1,1,691,0,691,0
74,39,147,164,0,0,349,0,0,1,1,0,0,0,0,0,2,2,703,0,703,0
75,20,219,131,0,0,251,1,0,0,0,0,0,0,0,0,1,1,623,0,623,0
76,17,226,137,0,0,305,1,0,0,0,0,0,0,0,0,1,1,687,0,687,0
77,28,212,247,0,1,364,3,1,1,0,1,1,1,0,0,6,6,866,0,866,0
78,28,192,136,1,1,243,0,0,0,0,0,0,0,0,0,1,1,602,0,602,0
79,34,138,151,0,0,299,1,0,0,0,1,1,0,1,1,1,1,628,0,628,0
80,18,225,201,0,0,233,1,0,0,0,0,0,0,1,1,4,4,684,0,684,0
81,23,292,196,0,3,344,3,0,0,0,0,0,0,1,1,2,2,865,0,865,0
82,22,144,151,1,1,221,1,0,0,0,0,0,0,0,1,0,0,542,0,542,0
83,11,77,86,1,0,177,0,1,0,0,0,0,1,0,0,0,0,354,0,354,0
84,24,58,226,0,1,320,1,0,1,0,0,0,1,0,0,1,1,633,0,633,0
85,18,79,242,0,1,227,0,0,0,0,0,0,0,1,1,1,1,570,0,570,0
86,14,173,161,1,0,298,0,0,1,0,1,0,0,1,0,2,2,652,0,652,0
87,25,209,143,0,0,449,1,0,2,0,2,2,0,1,2,4,4,840,0,840,0
88,26,242,229,1,0,397,0,0,0,1,0,1,0,0,0,5,5,902,0,902,0
89,24,114,290,1,1,393,1,0,0,0,0,0,0,1,0,2,2,827,0,827,0
90,26,103,268,1,0,306,2,0,0,0,0,0,1,2,0,1,1,710,0,710,0
91,37,111,351,3,0,472,1,0,0,1,0,0,0,1,0,1,1,978,0,978,0
92,15,135,164,0,0,237,1,0,0,0,0,0,0,1,1,1,1,555,0,555,0
93,23,93,121,1,0,228,0,0,0,0,0,0,0,2,0,2,2,470,0,470,0
94,46,151,319,1,0,441,0,0,1,1,0,0,1,0,0,5,5,966,0,966,0
95,24,67,218,2,0,202,2,0,0,0,0,0,0,0,1,2,2,518,0,518,0
96,16,78,142,1,0,232,0,0,0,0,0,0,0,0,0,1,1,470,0,470,0
97,42,115,280,1,2,462,1,0,0,0,0,0,0,0,1,2,2,906,0,906,0
98,39,163,190,1,0,385,0,0,0,0,0,0,0,0,1,2,2,781,0,781,0
99,31,107,172,0,1,362,1,0,0,0,0,0,1,1,0,3,3,679,0,679,0
100,30,223,178,1,0,356,0,0,1,1,0,0,0,1,0,1,1,792,0,792,0
101,21,114,131,1,0,333,2,0,0,0,0,0,0,1,0,2,2,605,0,605,0
102,27,69,131,0,0,195,0,0,0,0,1,0,2,0,0,4,4,429,0,429,0
103,22,53,145,0,0,234,0,1,0,0,0,0,1,1,0,0,0,457,0,457,0
104,24,76,149,0,0,178,1,0,0,0,1,0,0,0,0,4,4,433,0,433,0
105,31,114,260,1,0,312,0,0,0,0,0,1,2,0,0,4,4,725,0,725,0
106,41,117,198,0,1,332,0,0,0,0,0,0,1,1,1,3,3,695,0,695,0
107,31,66,153,0,0,223,1,0,0,1,0,0,0,1,0,2,2,478,0,478,0
108,34,141,172,1,0,295,0,0,0,0,0,0,1,1,0,1,1,646,0,646,0
109,34,165,213,2,1,430,1,0,0,0,0,1,0,0,0,9,9,856,0,856,0
110,38,139,189,0,0,326,0,1,0,0,0,0,0,1,0,4,4,698,0,698,0
111,37,102,229,1,0,343,1,0,0,0,0,0,0,0,0,5,5,718,0,718,0
112,43,85,200,0,0,334,0,1,0,0,0,0,0,0,0,4,4,667,0,667,0
113,17,40,168,0,2,306,0,0,2,0,0,0,0,0,0,2,2,537,0,537,0
114,19,70,217,0,0,337,1,0,0,0,0,0,0,1,0,1,1,646,0,646,0
115,37,76,226,1,0,360,0,1,0,0,0,0,0,1,1,2,2,705,0,705,0
116,33,67,159,0,0,267,0,1,0,0,0,0,0,0,2,1,1,530,0,530,0
117,31,80,262,0,1,444,1,3,0,1,0,0,0,0,0,5,5,828,0,828,0
118,21,109,270,4,2,257,0,0,1,0,1,0,0,1,0,7,7,673,0,673,0
119,29,117,167,0,0,266,0,0,0,0,0,0,0,0,1,4,4,584,0,584,0
120,42,104,196,2,1,284,0,0,0,0,0,0,1,1,0,5,5,636,0,636,0
121,28,120,182,1,0,282,1,0,1,1,0,0,0,2,1,9,9,628,0,628,0
122,37,122,293,1,2,372,1,0,0,0,0,0,0,2,0,1,1,831,0,831,0
123,31,126,156,1,1,350,0,1,1,0,1,1,0,1,0,2,2,672,0,672,0
124,14,72,167,0,0,236,0,0,0,0,0,0,0,0,0,0,0,489,0,489,0
125,30,122,185,3,0,289,1,0,1,0,0,0,1,0,0,6,6,638,0,638,0
126,22,89,153,2,1,220,0,0,0,0,1,0,0,0,1,6,6,495,0,495,0
127,26,115,145,0,0,220,0,0,0,0,0,0,1,0,1,5,5,513,0,513,0
128,36,93,139,1,0,196,0,0,0,0,1,0,0,0,0,7,7,473,0,473,0
129,20,132,186,1,0,277,0,0,0,0,1,0,2,0,0,2,2,621,0,621,0
130,11,76,146,0,1,167,0,0,1,1,0,1,0,0,0,1,1,405,0,405,0
131,26,95,170,1,1,203,0,1,0,0,0,0,0,0,1,6,6,504,0,504,0
132,26,147,178,0,1,270,0,7,0,0,1,0,2,0,0,2,2,634,0,634,0
133,18,87,191,2,1,188,0,0,0,0,5,0,0,1,1,4,4,498,0,498,0
134,17,90,204,0,0,188,1,0,0,0,3,0,1,0,2,2,2,508,0,508,0
135,30,87,172,0,1,238,0,1,0,0,0,0,0,0,0,3,3,532,0,532,0
136,13,71,102,0,0,159,0,0,0,0,0,0,0,0,0,0,0,345,0,345,0
137,21,78,109,0,1,211,1,0,0,0,1,0,1,1,0,1,1,425,0,425,0
138,27,116,173,0,0,208,2,0,0,0,0,0,0,0,0,2,2,528,0,528,0
139,41,85,155,2,0,252,0,0,0,1,1,0,0,1,0,0,0,538,0,538,0
140,30,88,183,0,1,329,0,0,0,0,0,0,1,0,0,0,0,632,0,632,0
141,31,142,227,0,1,410,1,1,0,0,0,0,0,0,1,3,3,817,0,817,0
142,24,65,167,1,0,310,0,1,1,1,1,0,0,0,0,2,2,573,0,573,0
143,10,84,192,1,2,358,0,1,0,0,0,0,1,2,0,1,1,652,0,652,0
144,14,88,250,0,1,314,0,0,1,0,0,0,0,1,1,0,0,670,0,670,0
145,23,93,208,0,2,380,2,0,0,0,1,0,0,3,0,0,0,712,0,712,0
146,18,97,248,0,0,229,1,0,0,1,1,1,0,1,0,0,0,597,0,597,0
147,15,62,306,1,0,179,0,0,0,0,0,0,1,0,0,2,2,566,0,566,0
148,9,110,162,0,0,200,1,0,0,0,0,0,0,0,0,1,1,483,0,483,0
149,18,145,221,0,0,245,1,0,0,0,0,0,0,2,0,2,2,634,0,634,0
150,13,121,164,0,0,143,1,0,0,0,0,0,0,1,0,3,3,446,0,446,0
151,28,117,248,1,0,202,0,0,0,0,0,1,0,0,0,2,2,599,0,599,0
152,20,80,155,2,0,150,0,0,0,0,0,1,0,0,0,3,3,411,0,411,0
153,14,160,255,2,0,191,0,0,0,0,0,0,0,0,0,5,5,627,0,627,0
154,8,45,293,0,0,149,0,0,0,0,0,0,1,0,0,6,6,502,0,502,0
155,13,117,188,0,1,201,0,0,0,0,0,1,0,2,0,2,2,525,0,525,0
156,18,81,247,1,0,212,0,1,1,1,0,0,1,2,1,5,5,571,0,571,0
157,0,0,0,0,0,0,0,0,0,0,0,0,0,0,0,0,0,0,0,0,0
158,17,86,215,2,0,233,0,0,0,0,0,0,0,1,0,3,3,557,0,557,0
159,28,146,273,0,1,259,0,0,0,0,0,0,0,1,0,2,2,710,0,710,0
160,12,108,218,0,0,201,0,0,1,0,0,0,1,1,0,3,3,545,0,545,0
161,11,95,220,0,0,159,0,0,1,1,0,0,0,0,0,1,1,488,0,488,0
162,19,150,262,1,0,240,1,0,1,0,1,1,1,1,0,1,1,679,0,679,0
163,27,98,269,2,0,263,0,0,1,1,0,0,0,0,0,2,2,663,0,663,0
164,19,97,287,1,1,240,1,0,0,1,0,1,2,0,0,1,1,651,0,651,0
165,16,84,255,1,1,205,0,1,0,1,1,0,0,1,0,1,1,567,0,567,0
166,23,64,257,0,5,274,0,0,1,0,0,1,1,1,0,3,3,630,0,630,0
167,24,82,225,0,0,180,0,0,0,0,0,0,0,1,0,0,0,512,0,512,0
168,8,72,147,0,0,236,0,0,0,0,0,0,0,0,1,0,0,464,0,464,0
169,13,91,214,1,0,242,0,0,0,0,0,0,0,0,0,2,2,563,0,563,0
170,31,80,237,3,0,265,0,0,1,0,0,0,2,1,0,6,6,626,0,626,0
171,21,81,246,1,0,283,1,0,0,0,0,0,0,1,0,2,2,636,0,636,0
172,40,105,283,0,0,320,0,0,0,0,0,0,0,0,0,5,5,753,0,753,0
173,16,45,158,0,1,171,0,0,0,0,0,0,0,1,0,2,2,394,0,394,0
174,16,84,264,0,2,301,0,0,0,0,0,0,1,0,0,1,1,669,0,669,0
175,18,48,256,1,0,290,3,0,0,0,0,0,0,1,0,2,2,619,0,619,0
176,7,55,153,1,2,171,2,0,0,0,0,0,1,1,0,0,0,393,0,393,0
177,7,67,192,0,0,204,1,0,0,0,0,0,0,0,0,1,1,472,0,472,0
178,21,105,225,0,1,215,1,1,0,2,0,0,1,1,0,3,3,576,0,576,0
179,12,47,191,1,1,162,0,0,0,0,0,0,1,0,0,1,1,416,0,416,0
180,14,57,191,1,0,144,0,0,0,0,0,1,0,0,0,4,4,412,0,412,0
181,20,71,255,1,0,252,0,1,0,0,0,0,0,0,1,3,3,604,0,604,0
182,18,57,230,0,0,194,0,0,1,0,0,0,0,0,0,1,1,501,0,501,0
183,13,97,196,0,0,133,0,0,0,0,0,0,0,1,1,2,2,443,0,443,0
184,16,140,240,0,0,211,1,0,2,0,0,0,0,0,0,2,2,612,0,612,0
185,21,79,140,0,0,151,0,0,0,1,0,0,0,0,0,4,4,396,0,396,0
186,28,78,168,0,1,200,1,0,0,0,0,0,0,0,0,2,2,478,0,478,0
187,21,75,212,0,1,145,1,1,1,0,0,0,1,0,0,6,6,464,0,464,0
188,20,64,186,0,2,154,0,0,0,0,0,0,0,0,0,1,1,427,0,427,0
189,21,110,214,1,0,215,0,0,0,0,0,0,0,0,0,7,7,568,0,568,0
190,6,45,153,0,1,103,1,0,0,0,0,0,0,0,0,3,3,312,0,312,0
191,11,85,202,0,0,149,1,0,0,0,0,0,0,0,0,0,0,448,0,448,0
192,9,75,179,1,0,153,0,0,0,0,0,0,1,0,0,1,1,419,0,419,0
193,26,135,340,5,0,320,0,0,1,1,0,0,0,2,1,2,2,833,0,833,0
194,22,114,175,0,0,258,0,1,2,0,0,0,0,0,0,3,3,575,0,575,0
195,8,66,140,0,1,221,1,0,0,0,0,1,0,0,0,1,1,439,0,439,0
196,12,89,143,0,1,213,0,0,1,0,0,0,0,1,1,2,2,463,0,463,0
197,13,51,121,0,1,136,0,0,0,0,0,0,0,0,0,0,0,322,0,322,0
198,14,57,101,1,0,163,0,0,0,0,1,0,0,0,0,3,3,340,0,340,0
199,17,87,264,1,1,227,0,0,0,0,0,0,0,1,0,1,1,599,0,599,0
200,32,136,294,1,1,245,0,1,0,0,0,0,0,0,2,3,3,715,0,715,0
201,20,97,197,0,0,173,1,0,0,0,0,0,0,0,0,5,5,493,0,493,0
202,50,109,327,0,0,292,2,1,0,0,0,0,1,1,0,7,7,790,0,790,0
203,25,63,180,1,0,212,0,3,0,0,0,0,1,0,0,2,2,487,0,487,0
204,11,83,219,0,0,276,1,0,0,0,1,1,0,0,0,2,2,594,0,594,0
205,24,113,329,1,2,301,0,0,0,0,0,0,0,1,0,3,3,774,0,774,0
206,11,86,285,1,1,222,0,0,0,0,0,0,0,0,0,4,4,610,0,610,0
207,0,0,0,0,0,0,0,0,0,0,0,0,0,0,0,0,0,0,0,0,0
208,33,222,200,0,0,396,1,0,0,0,1,0,1,2,0,7,7,863,0,863,0
209,49,252,187,3,1,486,1,0,0,0,0,0,1,0,0,3,3,983,0,983,0
210,35,302,247,1,0,470,1,0,0,0,1,0,0,0,0,4,4,1061,0,1061,0
211,48,150,248,0,2,400,0,1,1,0,0,0,1,0,2,3,3,856,0,856,0
212,32,126,248,2,0,319,0,0,0,0,0,0,0,1,0,0,0,728,0,728,0
213,39,141,189,0,0,345,1,0,1,0,0,0,0,0,1,5,5,722,0,722,0
214,40,146,204,1,3,333,1,0,0,0,0,0,0,0,0,6,6,734,0,734,0
215,19,225,120,2,1,161,1,1,0,0,1,0,0,0,1,1,1,533,0,533,0
216,26,532,164,2,0,273,0,1,0,0,1,0,0,0,2,2,2,1003,0,1003,0
217,25,111,163,1,0,283,0,1,1,0,1,1,0,3,0,2,2,592,0,592,0
218,34,168,194,2,0,370,1,0,0,0,1,0,0,1,0,3,3,774,0,774,0
219,19,121,132,0,3,304,0,1,0,0,0,0,0,0,0,2,2,582,0,582,0
220,18,146,208,1,1,270,2,0,0,1,1,0,1,2,0,3,3,654,0,654,0
221,15,86,116,0,2,164,0,0,0,0,1,0,0,2,0,1,1,387,0,387,0
222,14,55,78,0,0,142,0,0,0,0,0,0,0,1,1,2,2,293,0,293,0
223,12,47,113,1,0,299,0,0,1,0,0,0,0,1,1,2,2,477,0,477,0
224,5,65,84,0,0,156,0,0,0,0,0,0,0,0,2,2,2,314,0,314,0
225,19,96,169,2,2,175,1,1,0,0,0,0,0,0,0,1,1,466,0,466,0
226,29,81,152,3,0,230,1,0,0,0,0,0,0,1,0,1,1,498,0,498,0
227,17,96,103,0,1,179,1,0,0,0,0,0,0,1,1,2,2,401,0,401,0
228,46,204,253,1,0,288,1,0,0,0,0,0,0,1,0,3,3,797,0,797,0
229,5,58,47,0,0,81,0,0,0,0,0,0,0,0,1,4,4,196,0,196,0
230,15,56,117,0,0,208,0,0,0,0,0,0,2,0,0,0,0,398,0,398,0
231,0,0,0,0,0,0,0,0,0,0,0,0,0,0,0,0,0,0,0,0,0
232,24,100,213,1,0,255,0,0,1,0,0,0,0,0,0,2,2,596,0,596,0
233,17,106,261,0,0,307,1,0,0,0,0,0,1,0,0,3,3,696,0,696,0
234,26,160,347,1,2,428,0,0,1,1,0,2,2,2,0,1,1,973,0,973,0
235,29,102,428,2,0,363,1,1,1,0,0,0,1,1,1,2,2,932,0,932,0
236,24,122,174,0,0,238,2,0,0,0,0,1,0,1,0,1,1,563,0,563,0
237,29,87,199,0,3,248,0,0,1,0,0,0,0,0,0,0,0,567,0,567,0
238,21,79,159,1,2,261,0,0,1,0,0,0,0,0,0,3,3,527,0,527,0
239,30,147,185,2,1,237,1,0,0,0,0,0,0,0,1,6,6,610,0,610,0
240,29,111,158,0,0,183,0,0,0,0,0,0,0,0,0,2,2,483,0,483,0
241,34,129,197,1,1,368,1,1,1,0,1,1,0,1,0,2,2,738,0,738,0
242,21,173,154,0,0,243,0,0,0,0,0,0,2,1,3,3,3,600,0,600,0
243,31,127,333,0,0,365,1,0,0,0,0,0,1,0,0,2,2,860,0,860,0
244,21,133,236,0,0,351,0,0,0,0,0,0,0,0,0,2,2,743,0,743,0
245,12,151,231,1,0,317,2,0,0,0,1,0,1,1,0,1,1,718,0,718,0
246,18,159,299,0,2,358,1,0,0,0,1,0,0,2,1,2,2,843,0,843,0
247,16,133,148,0,0,150,0,0,0,0,0,0,0,0,0,3,3,450,0,450,0
248,34,145,154,1,0,201,1,0,0,0,0,0,1,0,0,2,2,539,0,539,0
249,25,129,178,1,0,208,0,1,0,0,0,0,0,1,0,3,3,546,0,546,0
250,38,144,196,0,3,204,1,1,0,0,0,0,0,1,1,2,2,591,0,591,0
251,35,131,164,1,0,217,0,0,0,0,1,0,1,0,0,4,4,554,0,554,0
252,37,157,173,0,1,305,0,0,0,0,1,0,0,0,0,3,3,677,0,677,0
253,16,101,159,0,1,204,0,0,0,0,0,0,0,0,0,4,4,485,0,485,0
254,19,95,143,0,1,145,0,0,0,0,0,0,0,0,2,0,0,405,0,405,0
255,21,106,194,0,1,208,1,0,0,0,0,0,0,0,0,3,3,534,0,534,0
256,31,133,149,0,0,244,0,1,1,0,0,0,0,0,1,5,5,565,0,565,0
257,37,162,210,0,0,231,0,0,0,0,0,0,2,1,0,2,2,645,0,645,0
258,45,130,220,0,1,233,0,0,1,1,1,0,0,0,0,11,11,643,0,643,0
259,22,102,211,0,0,224,0,0,0,0,1,0,0,1,0,1,1,562,0,562,0
260,17,145,222,0,0,261,0,0,0,1,1,0,0,0,0,3,3,650,0,650,0
261,28,194,206,3,0,283,1,0,1,0,0,1,0,0,0,1,1,718,0,718,0
262,26,112,169,2,0,224,0,0,0,0,0,1,1,0,0,4,4,539,0,539,0
263,27,108,207,1,1,190,1,0,0,0,0,0,1,0,0,1,1,537,0,537,0
264,23,96,128,0,0,173,0,0,0,1,0,0,1,0,0,2,2,424,0,424,0
265,48,144,203,0,1,385,2,0,0,0,0,0,1,0,0,5,5,789,0,789,0
266,25,108,142,1,0,260,1,0,0,0,1,0,0,0,0,2,2,540,0,540,0
267,25,120,149,0,0,278,2,0,0,0,0,1,0,1,0,3,3,579,0,579,0
268,30,239,317,2,1,375,0,1,0,0,0,0,0,0,1,5,5,971,0,971,0
269,30,240,163,0,1,398,2,0,0,0,0,0,0,0,1,1,1,836,0,836,0
270,18,151,170,2,2,415,0,0,0,0,0,0,0,0,0,4,4,762,0,762,0
271,17,257,105,1,1,240,2,0,0,0,0,0,0,1,0,2,2,626,0,626,0
272,39,241,155,0,0,380,0,0,0,0,0,0,1,0,0,3,3,819,0,819,0
273,17,191,144,0,0,274,1,0,0,0,0,0,0,2,0,3,3,632,0,632,0
274,24,247,128,2,0,251,1,0,0,0,1,0,0,0,0,1,1,655,0,655,0
275,30,183,185,2,1,291,4,2,1,0,0,0,0,1,1,5,5,706,0,706,0
276,60,189,214,2,2,342,1,0,1,0,0,0,0,0,0,8,8,819,0,819,0
277,37,139,179,3,0,296,0,0,0,0,0,0,1,1,0,5,5,661,0,661,0
278,57,243,206,1,0,392,2,1,1,0,0,0,0,2,0,0,0,905,0,905,0
279,51,241,203,1,3,482,4,0,1,1,1,0,0,2,1,2,2,993,0,993,0
280,22,193,164,0,1,324,1,0,0,1,1,0,0,1,0,0,0,708,0,708,0
281,57,126,146,0,2,423,0,2,0,0,0,0,0,0,2,2,2,760,0,760,0
282,39,261,244,1,2,429,0,0,2,0,0,0,0,0,0,2,2,980,0,980,0
283,22,225,215,0,0,449,0,0,2,0,0,1,0,0,1,8,8,923,0,923,0
284,27,122,279,0,3,358,0,0,1,0,0,0,0,3,2,3,3,798,0,798,0
285,25,169,216,2,4,532,2,0,0,0,0,0,0,2,1,0,0,953,0,953,0
286,38,115,317,1,0,327,0,0,0,0,0,0,0,2,1,7,7,808,0,808,0
287,10,77,255,1,0,216,0,1,0,0,0,1,1,2,0,1,1,565,0,565,0
288,34,344,204,1,7,346,1,0,1,0,0,0,1,1,1,1,1,942,0,942,0
289,8,230,105,0,1,178,0,0,0,1,0,0,0,0,0,2,2,525,0,525,0
290,13,223,94,0,4,176,0,0,0,0,0,0,0,1,1,1,1,513,0,513,0
291,25,194,249,2,1,408,1,2,1,0,0,1,1,3,1,3,3,892,0,892,0
292,28,167,218,0,1,365,1,0,0,0,0,0,2,2,0,6,6,790,0,790,0
293,32,227,177,3,5,321,1,0,0,0,0,0,0,1,0,1,1,768,0,768,0
294,19,150,202,3,1,278,0,0,0,1,0,0,0,0,1,2,2,657,0,657,0
295,29,172,194,0,1,324,1,0,0,0,0,0,0,0,1,4,4,726,0,726,0
296,35,163,257,1,1,347,1,4,0,0,0,0,0,0,1,5,5,815,0,815,0
297,17,147,233,2,1,354,2,0,0,0,1,0,1,2,0,1,1,761,0,761,0
298,26,111,197,1,4,261,0,0,0,0,0,0,1,0,0,3,3,604,0,604,0
299,28,296,199,2,0,276,3,0,1,2,0,1,0,2,0,11,11,821,0,821,0
300,42,166,289,3,2,452,0,0,1,0,0,0,0,1,2,3,3,961,0,961,0
301,16,135,152,0,1,297,0,0,0,0,0,1,0,0,0,2,2,604,0,604,0
302,3,79,183,1,0,135,0,0,0,0,0,0,0,0,0,1,1,402,0,402,0
303,12,97,231,0,1,243,0,0,0,0,0,0,0,1,0,2,2,587,0,587,0
304,7,84,119,0,1,109,0,0,1,0,0,0,1,1,1,3,3,327,0,327,0
305,23,241,270,2,2,303,0,1,0,0,0,0,1,0,3,2,2,848,0,848,0
306,19,166,195,3,0,180,1,0,1,0,1,0,0,1,0,0,0,567,0,567,0
307,15,201,236,0,0,277,0,0,0,1,0,0,0,2,1,1,1,734,0,734,0
308,32,218,255,0,1,301,1,3,0,0,0,0,0,0,0,2,2,813,0,813,0
309,45,219,307,1,0,419,1,0,0,0,0,0,1,1,0,7,7,1001,0,1001,0
310,44,217,305,0,1,392,0,0,0,0,0,0,0,0,0,5,5,964,0,964,0
311,30,207,260,1,0,409,2,0,0,0,1,0,0,1,1,5,5,917,0,917,0
312,0,0,0,0,0,0,0,0,0,0,0,0,0,0,0,0,0,0,0,0,0
313,21,78,113,0,0,193,0,0,0,0,0,1,0,0,0,0,0,406,0,406,0
314,13,154,167,0,2,298,0,0,0,0,0,0,0,0,1,1,1,636,0,636,0
315,29,85,188,1,0,251,0,0,0,0,0,0,0,0,1,2,2,557,0,557,0
316,43,185,253,0,0,366,1,0,0,0,0,0,1,1,0,2,2,852,0,852,0
317,25,162,268,2,1,463,1,0,0,0,1,0,0,1,0,6,6,930,0,930,0
318,29,128,161,0,1,168,0,0,0,0,0,0,0,0,0,1,1,488,0,488,0
319,34,199,237,1,3,393,0,1,0,0,2,0,1,3,1,1,1,876,0,876,0
320,20,78,161,1,1,185,0,0,0,0,1,0,0,0,0,1,1,448,0,448,0
321,29,90,226,0,0,228,1,0,0,0,0,0,0,1,1,1,1,577,0,577,0
322,15,368,135,0,0,215,1,0,1,0,1,0,0,0,0,3,3,739,0,739,0
323,22,265,295,1,0,328,0,0,0,0,0,1,0,1,0,4,4,917,0,917,0
324,22,271,283,3,3,356,0,0,1,0,1,0,0,0,0,1,1,941,0,941,0
325,17,302,220,0,1,372,0,0,0,0,1,0,0,1,1,1,1,916,0,916,0
326,22,271,197,1,2,351,4,0,0,1,0,1,0,0,0,1,1,851,0,851,0
327,41,412,250,3,0,325,0,0,2,0,0,1,1,2,0,4,4,1041,0,1041,0
328,11,147,182,0,0,219,0,0,0,0,0,0,0,0,0,1,1,560,0,560,0
329,4,96,115,0,0,135,1,0,1,0,0,0,0,1,0,2,2,355,0,355,0
330,28,101,291,1,0,376,0,0,0,0,0,0,1,1,0,1,1,800,0,800,0
331,31,125,196,0,1,268,0,0,0,0,0,0,1,0,0,1,1,623,0,623,0
332,20,220,228,1,0,297,0,0,0,0,1,0,0,1,0,8,8,776,0,776,0
333,8,92,143,0,0,226,1,0,0,0,0,0,0,0,0,2,2,472,0,472,0
334,18,142,348,2,0,264,0,0,0,1,0,0,0,0,1,1,1,777,0,777,0
335,16,121,188,1,2,221,0,0,1,0,0,0,0,1,0,1,1,552,0,552,0
336,19,79,176,0,1,230,0,0,0,1,0,1,0,0,0,5,5,512,0,512,0
337,11,113,127,0,2,295,0,0,0,0,0,1,0,0,0,3,3,552,0,552,0
338,29,118,169,1,0,404,1,1,0,0,0,0,1,0,0,3,3,727,0,727,0
339,32,142,134,1,1,238,2,0,0,0,0,0,0,1,0,1,1,552,0,552,0
340,41,161,203,0,2,374,1,0,0,0,0,1,0,0,0,7,7,790,0,790,0
341,31,281,253,1,1,378,0,0,1,0,1,0,0,2,0,4,4,953,0,953,0
342,24,188,201,1,0,427,3,0,1,0,0,0,0,0,0,2,2,847,0,847,0
343,30,201,144,0,1,273,0,0,0,0,1,0,0,2,0,4,4,656,0,656,0
344,21,130,135,0,1,253,0,0,1,0,0,1,0,1,0,2,2,545,0,545,0
345,23,202,341,0,1,252,0,0,0,0,1,1,0,2,2,2,2,827,0,827,0
346,16,158,290,2,0,281,0,0,0,3,0,0,1,1,0,3,3,755,0,755,0
347,20,160,225,2,1,306,1,0,0,0,0,0,0,1,1,2,2,719,0,719,0
348,18,135,169,0,1,264,1,0,0,0,0,0,1,1,1,0,0,591,0,591,0
349,38,156,204,0,1,209,2,0,0,0,0,0,0,2,1,0,0,613,0,613,0
350,19,170,208,1,3,346,0,2,0,0,0,0,5,1,0,2,2,757,0,757,0
351,21,103,283,1,0,230,0,0,0,0,0,0,0,0,0,0,0,638,0,638,0
352,23,270,304,1,2,234,2,1,0,0,2,0,0,2,1,2,2,844,0,844,0
353,14,140,182,0,0,220,1,0,0,0,0,0,1,0,0,1,1,559,0,559,0
354,15,161,178,2,0,187,0,2,0,0,0,0,6,1,0,0,0,552,0,552,0
355,29,127,206,0,1,276,0,1,0,1,0,0,0,0,0,1,1,642,0,642,0
356,39,302,269,0,0,412,2,0,0,0,1,0,0,1,3,4,4,1033,0,1033,0
357,34,131,183,1,1,308,2,0,0,0,0,1,0,0,0,1,1,662,0,662,0
358,31,142,179,1,2,347,5,0,1,1,1,0,0,4,0,3,3,717,0,717,0
359,5,310,177,2,0,243,0,0,0,0,0,0,0,0,1,1,1,739,0,739,0
360,44,170,237,1,3,557,1,0,1,0,0,0,1,0,1,1,1,1017,0,1017,0
361,24,290,245,1,0,409,1,1,1,0,1,0,2,2,4,1,1,982,0,982,0
362,13,216,154,0,1,237,0,0,0,0,1,0,0,2,1,2,2,627,0,627,0
363,26,235,168,0,4,339,3,0,0,0,0,0,1,0,1,3,3,780,0,780,0
364,29,279,232,2,2,387,2,0,1,0,0,0,1,2,4,9,9,950,0,950,0
365,19,291,207,1,0,474,1,0,1,1,0,0,0,2,1,6,6,1004,0,1004,0
366,19,160,140,1,0,275,0,1,1,1,1,1,0,2,2,2,2,606,0,606,0
367,14,161,135,1,0,249,0,0,0,0,0,0,0,0,1,0,0,561,0,561,0
368,30,172,233,1,0,385,3,0,0,0,0,0,1,1,2,5,5,833,0,833,0
369,20,132,191,1,1,275,0,1,0,0,0,0,0,1,2,2,2,626,0,626,0
370,25,155,194,1,2,254,0,0,0,1,0,0,0,0,0,1,1,633,0,633,0
371,25,146,232,1,2,244,0,0,1,0,0,0,0,1,0,4,4,656,0,656,0
372,17,135,278,1,0,326,0,0,0,0,0,0,0,0,1,3,3,761,0,761,0
373,31,102,290,1,1,339,2,1,0,0,1,0,0,0,1,2,2,771,0,771,0
374,40,101,285,1,1,443,0,2,0,0,0,0,0,2,1,2,2,878,0,878,0
375,15,358,276,2,1,239,2,0,0,0,0,0,0,2,3,0,0,898,0,898,0
376,37,157,257,0,2,316,0,0,1,0,0,0,0,1,1,8,8,780,0,780,0
377,21,214,218,0,0,407,0,0,2,0,1,0,0,0,2,4,4,869,0,869,0
378,38,225,257,1,0,344,1,0,1,0,0,0,0,3,0,8,8,878,0,878,0
379,19,107,178,0,4,204,0,0,0,0,0,0,0,0,0,1,1,513,0,513,0
380,11,139,177,0,0,231,2,0,0,0,0,0,0,0,0,3,3,563,0,563,0
381,22,198,101,0,0,147,0,1,0,0,0,0,0,0,0,3,3,472,0,472,0
382,20,323,168,2,4,291,2,0,0,0,0,0,0,3,1,4,4,818,0,818,0
383,19,246,224,0,0,290,0,0,0,0,0,0,0,0,2,2,2,783,0,783,0
384,23,297,293,0,8,446,5,0,0,1,1,0,0,0,2,5,5,1081,0,1081,0
385,22,284,221,2,4,440,3,1,0,0,0,1,0,1,1,1,1,981,0,981,0
386,25,183,295,2,2,345,0,0,0,0,2,0,0,1,2,2,2,859,0,859,0
387,25,281,229,0,1,316,1,0,0,0,0,1,1,2,0,2,2,859,0,859,0
388,27,225,130,0,0,274,1,0,0,0,0,0,0,1,0,0,0,658,0,658,0
389,24,255,153,0,0,320,2,0,1,0,0,0,0,0,0,4,4,759,0,759,0
390,1,0,98,0,0,7,0,0,0,0,0,0,0,0,0,0,0,106,0,106,0
391,8,148,199,0,1,356,0,0,0,1,0,0,0,1,0,2,2,716,0,716,0
392,16,150,248,0,0,411,0,0,0,0,0,1,0,0,0,1,1,827,0,827,0
393,12,180,140,1,0,216,1,0,0,0,0,0,0,0,2,2,2,554,0,554,0
394,17,118,155,0,0,263,0,0,0,0,1,0,1,0,1,2,2,558,0,558,0
395,24,272,227,2,2,453,0,1,0,0,2,0,1,2,0,2,2,988,0,988,0
396,27,331,207,0,0,314,0,1,0,0,0,0,0,0,1,8,8,889,0,889,0
397,19,203,249,1,3,254,1,0,0,0,1,0,0,1,0,3,3,735,0,735,0
398,29,198,160,1,0,352,1,0,0,0,1,0,0,0,0,5,5,747,0,747,0
399,16,219,185,1,1,225,1,0,0,0,0,0,0,1,0,0,0,649,0,649,0
400,7,48,144,0,0,169,0,0,0,1,0,0,0,0,0,0,0,369,0,369,0
401,23,109,230,0,1,264,1,0,0,1,0,0,0,0,1,1,1,631,0,631,0
402,10,72,207,2,1,185,0,0,0,0,0,0,0,0,0,0,0,477,0,477,0
403,33,85,247,1,0,210,0,1,0,0,0,0,0,0,0,5,5,582,0,582,0
404,23,70,210,0,0,235,1,0,0,0,0,1,0,0,0,0,0,540,0,540,0
405,14,171,270,0,2,251,0,0,0,0,0,0,1,1,0,4,4,714,0,714,0
406,10,64,203,1,1,262,0,0,0,0,0,0,0,1,1,1,1,544,0,544,0
407,5,40,248,0,1,152,1,0,0,0,0,0,3,0,0,0,0,450,0,450,0
408,15,156,227,0,1,274,0,0,0,0,1,0,1,1,0,1,1,677,0,677,0
409,14,43,410,0,1,173,1,0,0,0,0,0,0,1,0,5,5,648,0,648,0
410,4,49,139,2,0,145,0,0,0,0,0,0,0,0,0,0,0,339,0,339,0
411,14,97,364,1,1,264,1,0,0,0,0,1,0,2,0,2,2,747,0,747,0
412,8,45,133,2,0,254,1,0,0,0,1,0,1,1,0,0,0,446,0,446,0
413,27,155,161,1,0,291,0,1,0,0,0,0,0,0,0,3,3,639,0,639,0
414,25,136,249,2,0,318,1,1,1,0,0,0,0,0,0,8,8,741,0,741,0
415,26,85,407,4,0,383,1,1,0,0,2,1,0,2,0,4,4,916,0,916,0
416,12,56,261,2,2,294,0,0,0,1,0,0,0,0,0,1,1,629,0,629,0
417,16,61,163,0,2,234,0,0,0,0,0,1,1,1,1,4,4,484,0,484,0
418,4,73,137,4,3,176,1,0,1,0,0,0,2,0,0,0,0,401,0,401,0
419,19,123,283,0,0,357,0,1,0,0,0,0,1,0,1,3,3,788,0,788,0
420,13,117,154,1,0,229,0,1,0,0,0,0,0,2,1,2,2,520,0,520,0
421,8,91,232,0,1,184,0,1,0,0,0,0,0,2,0,0,0,519,0,519,0
422,6,71,219,0,0,158,0,0,0,0,1,0,0,0,0,1,1,456,0,456,0
423,28,180,147,0,0,282,2,0,0,0,2,0,1,2,0,1,1,645,0,645,0
424,8,83,195,0,1,211,0,0,0,0,0,0,0,1,0,3,3,502,0,502,0
425,13,73,175,0,1,120,0,0,0,0,1,0,0,0,0,2,2,385,0,385,0
426,7,196,96,0,1,218,0,0,0,0,0,0,1,0,0,2,2,521,0,521,0
427,11,201,145,2,1,216,1,3,0,0,1,0,0,0,1,9,9,591,0,591,0
428,17,195,194,0,0,184,1,0,1,0,0,0,1,0,0,4,4,597,0,597,0
429,15,105,189,0,1,161,0,0,0,0,0,0,0,0,0,3,3,474,0,474,0
430,12,116,136,1,0,129,0,0,0,0,0,0,1,0,0,9,9,404,0,404,0
431,10,150,156,0,0,126,1,0,0,0,0,0,0,0,0,2,2,445,0,445,0
432,12,245,168,2,0,152,3,0,0,0,0,0,0,0,1,3,3,586,0,586,0
433,23,158,141,0,0,141,1,0,0,0,0,0,0,0,1,1,1,466,0,466,0
434,21,144,181,0,1,226,0,0,0,1,0,0,1,0,0,4,4,579,0,579,0
435,15,117,171,0,1,228,0,0,0,0,0,0,0,0,2,2,2,536,0,536,0
436,12,92,132,1,0,131,0,1,0,0,0,0,0,0,0,0,0,369,0,369,0
437,19,74,191,1,0,135,0,0,0,0,0,0,1,0,0,1,1,422,0,422,0
438,25,78,300,0,0,282,0,0,0,0,0,0,0,0,1,3,3,689,0,689,0
439,22,95,194,2,0,174,0,0,0,0,0,0,1,0,0,3,3,491,0,491,0
440,14,68,222,0,1,213,1,1,0,0,0,0,0,0,0,1,1,521,0,521,0
441,23,168,140,1,2,334,1,0,0,0,0,0,0,0,0,3,3,672,0,672,0
442,17,113,189,3,1,269,1,0,1,0,1,0,0,1,0,1,1,597,0,597,0
443,27,105,216,0,1,247,0,0,0,0,1,1,0,1,0,2,2,601,0,601,0
444,25,113,171,2,1,269,2,0,0,0,1,0,0,0,0,7,7,591,0,591,0
445,21,107,218,1,0,270,0,0,0,0,0,0,0,0,0,0,0,617,0,617,0
446,11,107,156,2,0,235,0,0,0,0,0,0,0,1,0,2,2,514,0,514,0
447,24,170,151,0,1,255,2,0,0,0,0,0,0,2,0,2,2,607,0,607,0
448,29,105,206,1,1,357,0,0,0,2,0,0,0,0,1,9,9,711,0,711,0
449,15,120,203,0,1,147,0,0,0,1,0,0,1,0,0,3,3,491,0,491,0
450,4,47,131,0,0,84,0,0,0,0,0,0,0,0,0,2,2,268,0,268,0
451,19,142,302,1,1,312,0,0,0,0,0,0,0,1,0,2,2,780,0,780,0
452,8,77,94,0,0,85,0,0,0,0,0,0,1,0,0,1,1,266,0,266,0
453,14,132,219,0,1,261,0,0,1,1,0,0,0,0,0,2,2,631,0,631,0
454,12,181,180,0,0,191,1,0,0,0,1,1,0,0,0,6,6,573,0,573,0
455,21,179,175,0,0,196,2,0,0,0,0,0,0,0,0,1,1,574,0,574,0
456,17,150,198,1,2,216,0,0,0,0,0,0,0,1,0,0,0,585,0,585,0
457,17,159,210,0,1,268,1,1,0,0,1,0,0,0,0,4,4,662,0,662,0
458,20,215,266,2,1,219,2,1,0,0,2,0,0,0,2,4,4,734,0,734,0
459,9,192,132,0,0,204,0,0,0,0,0,0,0,1,0,2,2,540,0,540,0
460,18,73,204,1,0,210,0,0,0,0,1,0,0,0,1,5,5,513,0,513,0
461,14,100,137,0,0,140,0,0,0,0,0,0,2,0,0,2,2,395,0,395,0
462,15,169,153,0,0,168,0,0,0,0,0,0,0,0,0,2,2,507,0,507,0
463,22,152,196,2,1,196,0,0,0,0,0,0,0,0,0,4,4,573,0,573,0
464,22,135,212,1,3,275,1,1,0,0,0,0,0,2,0,3,3,655,0,655,0
465,5,80,126,0,1,149,0,0,0,0,0,1,0,0,0,2,2,364,0,364,0
466,21,169,272,0,2,318,0,1,0,0,0,0,0,0,0,5,5,788,0,788,0
467,8,80,178,1,0,261,0,0,0,0,0,0,1,0,1,2,2,532,0,532,0
468,30,125,239,3,1,283,0,1,0,0,1,0,1,1,0,6,6,691,0,691,0
469,29,101,239,0,0,208,0,0,0,0,0,1,0,0,0,4,4,582,0,582,0
470,20,111,253,0,1,231,0,0,0,0,0,1,0,0,0,3,3,620,0,620,0
471,25,89,189,2,0,212,1,0,0,0,0,0,0,0,0,0,0,518,0,518,0
472,21,146,308,2,2,301,0,0,0,0,0,0,1,0,0,5,5,786,0,786,0
473,20,153,203,0,0,313,1,1,0,0,0,0,0,0,1,3,3,695,0,695,0
474,20,77,141,0,0,190,0,0,0,0,0,0,0,0,0,1,1,429,0,429,0
475,24,101,192,0,1,205,0,1,0,0,0,0,1,0,0,5,5,530,0,530,0
476,27,86,130,0,0,162,1,1,0,0,0,0,0,1,0,5,5,413,0,413,0
477,11,91,322,2,0,272,1,1,0,0,0,0,0,1,0,0,0,701,0,701,0
478,24,68,291,2,2,332,2,0,0,0,0,0,0,0,0,7,7,728,0,728,0
479,21,261,251,0,2,285,3,0,0,0,0,0,1,0,2,4,4,830,0,830,0
480,25,148,275,1,1,330,0,0,1,0,0,0,1,2,0,1,1,785,0,785,0
481,27,210,274,0,3,294,3,0,0,1,1,0,0,2,0,5,5,820,0,820,0
482,32,197,200,1,1,264,1,0,0,0,0,1,0,1,1,2,2,701,0,701,0
483,26,216,168,0,1,234,1,0,0,0,0,0,0,1,1,1,1,649,0,649,0
484,21,74,155,0,0,205,1,0,0,0,1,0,0,0,0,2,2,459,0,459,0
485,37,111,206,1,1,344,0,1,0,0,0,0,1,0,2,7,7,711,0,711,0
486,32,139,222,0,0,293,1,0,0,0,0,0,0,1,0,2,2,690,0,690,0
487,19,131,239,1,3,339,0,0,0,0,0,0,0,0,1,2,2,735,0,735,0
488,31,109,260,1,2,317,0,0,0,0,0,0,0,0,0,7,7,727,0,727,0
489,12,127,219,1,0,254,0,0,0,0,1,0,0,0,1,2,2,617,0,617,0
490,24,156,249,0,1,394,1,1,4,0,0,0,0,0,1,4,4,835,0,835,0
491,30,142,184,1,1,305,1,0,1,0,0,0,0,0,2,0,0,667,0,667,0
492,21,83,90,1,0,142,0,0,0,0,0,0,1,0,0,4,4,342,0,342,0
493,28,179,192,2,0,215,0,0,0,0,0,0,0,2,1,3,3,622,0,622,0
494,11,156,340,4,0,253,0,0,0,1,0,0,2,0,0,1,1,768,0,768,0
495,29,209,207,1,1,347,1,0,0,0,0,0,0,1,0,1,1,797,0,797,0
496,31,101,367,0,2,375,0,0,0,0,0,0,2,1,0,1,1,880,0,880,0
497,28,206,360,4,4,346,1,1,0,0,0,0,0,1,0,3,3,954,0,954,0
498,,,,,,,,,,,,,,,,,,0,0,0,0
499,,,,,,,,,,,,,,,,,,0,0,0,0
500,,,,,,,,,,,,,,,,,,0,0,0,0
501,,,,,,,,,,,,,,,,,,0,0,0,0
502,,,,,,,,,,,,,,,,,,0,0,0,0
503,,,,,,,,,,,,,,,,,,0,0,0,0
504,,,,,,,,,,,,,,,,,,0,0,0,0
