Polling Station No,Candidate_1,S .JARAGNAHT,N.P .HSENID,N .RAMUKHSENID,S .YMASAGNAR,K .UHTUMILAK,S .NAGURUMALAB,G .IHZIVRALAM,KARABUM ILA DEMAHOM,M .RAMUKAYAJIV,A .AHSAB NHOJ,P .LEVAHTUMA,S .NANHSIRKAMAR .RD,K .IVEDAKIHTRAK,N .IHTRUMAVASEK,D .LABANAHD,RAMUKHSENID,RAMUKHSENID,V .RAMUKHSENID,V .MAGNILAHAM,M .LEVANIHTAR,S .HSEMAR,K .INAMAHTNASAV,K .YMASADAKNEV,G .MALAHCATAKNEV,Total Valid Votes,Rejected Votes,NOTA,Total,Tendered Votes
1,1,178,17,154,1,2,222,2,0,0,0,1,0,0,0,1,1,1,0,0,0,0,0,0,1,581,0,3,584,0
2,2,152,36,139,1,0,236,1,0,2,1,1,0,1,0,0,3,1,1,0,1,0,1,0,0,577,0,5,582,0
3,3,97,26,161,1,4,297,1,0,0,0,1,0,0,0,0,0,3,0,1,0,0,0,0,0,592,0,4,596,0
4,4,98,40,153,0,3,361,1,1,0,0,0,0,0,0,0,0,0,1,1,0,0,1,0,1,661,0,9,670,0
5,5,158,34,144,2,3,229,1,0,0,0,0,0,0,0,0,1,1,0,0,0,0,0,0,0,573,0,2,575,0
6,6,153,17,173,0,1,282,1,0,0,0,0,0,0,1,1,0,0,0,1,0,0,0,0,1,631,0,2,633,0
7,7,127,29,169,1,8,328,1,0,0,0,0,0,0,1,0,2,0,0,0,2,1,2,0,1,672,0,0,672,0
8,8,116,25,234,1,4,273,0,0,0,0,0,1,1,1,0,4,2,0,0,0,0,0,1,1,664,0,1,665,0
9,9,107,40,171,1,2,323,1,1,0,0,3,0,0,0,0,1,0,0,0,0,0,0,0,0,650,0,7,657,0
10,10,87,32,171,0,0,263,0,0,0,0,0,0,1,0,0,0,0,2,0,0,0,0,0,0,556,0,1,557,0
11,11,84,22,83,1,1,226,0,0,0,0,0,0,0,0,0,0,1,0,2,0,0,0,0,0,420,0,0,420,0
12,12,65,11,109,0,1,173,0,0,0,0,0,0,0,1,0,0,0,0,0,0,0,0,0,0,360,0,0,360,0
13,13,133,33,180,2,2,347,1,0,5,0,0,0,0,0,2,0,0,1,1,0,0,1,0,0,708,0,2,710,0
14,14,78,17,364,1,15,284,0,0,0,0,0,0,1,0,0,1,1,0,2,1,0,0,0,1,766,0,1,767,0
15,15,116,34,200,1,10,354,1,0,0,0,0,0,0,3,1,0,0,0,0,0,0,0,0,0,720,0,7,727,0
16,16,68,43,227,2,22,364,1,0,0,0,0,0,0,0,0,3,0,0,0,1,1,1,1,1,735,0,1,736,0
17,17,54,19,151,1,3,229,0,0,0,0,0,0,0,0,0,2,2,0,0,0,0,0,0,1,462,0,0,462,0
18,18,88,38,237,0,40,407,0,0,0,1,0,0,0,0,0,0,0,0,0,0,0,0,0,0,811,0,3,814,0
19,19,50,11,119,1,4,151,0,0,0,0,0,0,0,0,3,0,0,0,0,1,0,0,0,0,340,0,1,341,0
20,20,48,13,148,1,0,176,2,1,0,0,1,0,0,0,1,1,0,0,1,1,0,0,0,0,394,0,1,395,0
21,21,69,20,172,2,11,275,0,0,1,0,0,0,0,0,0,1,0,0,0,0,0,0,1,0,552,0,0,552,0
22,22,65,25,134,1,3,246,0,0,0,1,0,0,0,0,0,2,1,0,0,0,0,2,1,0,481,0,2,483,0
23,23,66,26,185,0,9,215,0,0,0,0,1,0,0,0,0,1,1,0,0,0,0,0,0,0,504,0,6,510,0
24,24,82,40,148,1,6,302,2,1,0,0,1,0,1,0,0,2,0,1,1,0,0,0,0,0,588,0,1,589,0
25,25,64,23,188,0,12,327,1,1,1,0,0,0,0,3,0,0,0,0,2,3,0,0,0,0,625,0,3,628,0
26,26,62,23,211,3,3,283,0,0,0,1,0,0,0,1,0,0,1,0,0,0,0,1,0,0,589,0,1,590,0
27,27,70,19,166,1,4,205,1,0,1,0,0,0,1,1,0,0,0,0,0,0,0,0,0,0,469,0,1,470,0
28,28,49,17,121,1,8,234,1,0,0,0,0,0,0,0,0,1,0,0,3,0,0,3,0,0,438,0,2,440,0
29,29,105,32,116,0,0,278,0,0,0,0,1,0,0,0,1,1,0,1,0,0,0,0,0,0,535,0,5,540,0
30,30,75,33,214,1,10,347,1,0,0,0,0,0,0,1,0,0,1,1,1,0,0,0,0,0,685,0,2,687,0
31,31,70,14,93,0,1,185,0,0,0,0,0,0,0,1,0,1,0,0,0,0,0,0,0,1,366,0,1,367,0
32,32,50,17,97,1,2,191,0,0,0,0,0,0,0,0,0,0,1,0,0,0,0,0,0,1,360,0,1,361,0
33,33,125,27,195,0,9,324,1,0,0,1,0,0,0,1,1,2,1,0,0,1,1,0,0,0,689,0,2,691,0
34,34,152,39,196,1,11,390,0,0,0,0,0,0,0,0,0,0,0,0,1,1,0,1,1,1,794,0,5,799,0
35,35,151,49,191,1,3,294,1,0,0,0,0,0,0,0,0,2,1,1,2,0,0,2,0,2,700,0,2,702,0
36,36,86,24,121,0,18,204,2,0,0,1,0,1,0,0,1,1,0,0,0,0,0,0,0,0,459,0,0,459,0
37,37,226,35,173,0,2,212,0,0,0,0,0,0,0,0,0,0,1,0,0,0,0,0,0,0,649,0,5,654,0
38,38,82,27,173,1,9,267,0,0,0,0,0,0,0,2,0,1,0,0,0,0,1,1,1,0,565,0,2,567,0
39,39,179,26,162,0,2,248,0,1,1,1,0,0,0,0,1,0,0,0,0,1,0,0,1,0,623,0,2,625,0
40,40,179,21,124,0,1,176,2,0,1,1,0,0,0,0,0,0,3,2,2,0,0,1,2,1,516,0,2,518,0
41,41,247,16,132,2,0,194,1,0,0,0,0,0,0,1,0,0,0,1,1,0,0,0,0,1,596,0,5,601,0
42,42,199,31,215,0,1,232,0,1,0,1,0,0,0,0,0,1,0,0,1,0,0,0,0,1,683,0,1,684,0
43,43,88,25,238,1,5,251,2,0,0,0,0,0,0,1,0,1,0,0,1,0,0,0,0,1,614,0,1,615,0
44,44,113,19,197,1,9,239,0,0,1,0,0,0,0,0,0,0,0,0,2,0,0,0,1,1,583,0,3,586,0
45,45,151,26,368,2,2,239,0,0,0,0,1,1,0,2,1,0,1,1,2,0,0,0,0,0,797,0,1,798,0
46,46,174,16,174,0,0,215,1,1,0,0,0,0,0,0,0,2,2,0,0,0,0,0,0,0,585,0,0,585,0
47,47,171,26,215,2,3,272,0,0,0,0,0,0,0,1,0,0,2,2,1,0,0,0,0,0,695,0,1,696,0
48,48,166,21,130,0,0,166,0,0,0,0,0,1,0,0,0,0,0,0,0,0,0,0,0,0,484,0,0,484,0
49,49,138,23,213,0,3,225,2,2,0,0,0,1,0,0,0,0,0,1,1,0,0,2,1,0,612,0,1,613,0
50,50,166,18,114,2,2,224,3,0,0,0,0,0,0,0,0,1,1,0,0,0,0,0,0,0,531,0,0,531,0
51,51,71,16,130,0,2,194,1,0,0,1,1,0,0,0,0,0,1,0,1,0,0,0,0,0,418,0,2,420,0
52,52,100,20,121,0,0,177,0,0,0,0,1,0,0,1,1,0,1,0,1,0,0,0,0,0,423,0,0,423,0
53,53,152,19,207,3,0,295,1,0,0,0,0,0,1,0,2,0,0,0,1,1,0,0,0,1,683,0,1,684,0
54,54,159,31,227,0,1,286,1,0,0,0,0,1,0,0,0,0,0,0,1,0,0,0,0,0,707,0,0,707,0
55,55,125,19,130,0,0,219,0,0,1,0,1,0,0,0,0,1,0,0,0,0,0,0,0,0,496,0,4,500,0
56,56,71,27,159,0,4,206,0,0,0,0,0,0,0,1,1,0,0,0,0,0,0,0,0,1,470,0,2,472,0
57,57,79,17,94,1,5,219,0,0,1,1,0,0,0,1,1,0,0,0,1,0,0,1,0,0,421,0,1,422,0
58,58,76,16,109,0,2,201,1,1,0,0,0,0,0,0,1,0,0,0,0,1,0,0,0,0,408,0,0,408,0
59,59,92,26,228,2,1,346,0,0,1,0,0,0,0,1,0,2,2,1,1,1,0,0,1,0,705,0,4,709,0
60,60,160,32,168,1,2,317,2,1,0,1,0,0,0,1,0,2,0,0,0,0,0,0,0,1,688,0,2,690,0
61,61,97,26,175,0,14,279,0,0,0,1,0,0,0,0,2,2,0,0,0,0,0,1,1,0,598,0,2,600,0
62,62,62,19,198,1,13,259,0,0,0,0,0,0,0,1,0,0,0,1,2,0,1,2,0,0,559,0,6,565,0
63,63,167,31,221,1,6,201,0,0,0,2,0,0,0,0,1,0,1,0,0,0,0,0,0,0,631,0,2,633,0
64,64,223,21,161,3,0,243,0,1,0,0,0,0,1,0,0,1,0,2,0,0,0,1,0,0,657,0,3,660,0
65,65,155,17,127,0,0,186,0,0,0,0,0,0,0,0,0,0,1,1,1,0,0,0,0,0,488,0,3,491,0
66,66,165,40,222,0,1,327,3,0,0,0,0,0,0,0,0,2,1,1,3,0,0,4,0,0,769,0,0,769,0
67,67,187,20,119,2,0,171,3,0,0,0,0,0,0,0,0,0,1,0,0,0,0,1,0,0,504,0,2,506,0
68,68,224,35,160,0,0,226,0,0,0,0,0,0,0,0,0,2,1,0,0,0,0,0,0,2,650,0,5,655,0
69,69,306,34,199,1,2,213,0,0,0,0,0,0,0,0,0,0,1,0,0,0,0,0,0,0,756,0,7,763,0
70,70,118,20,299,1,3,212,0,0,0,1,0,0,0,0,0,1,1,0,0,0,0,1,0,0,657,0,4,661,0
71,71,146,25,159,0,0,205,0,0,0,0,0,0,0,0,0,1,0,0,0,0,0,0,0,0,536,0,6,542,0
72,72,149,25,214,1,1,220,1,0,0,0,1,0,0,0,0,1,2,0,1,0,1,0,0,1,618,0,3,621,0
73,73,92,25,196,1,3,200,0,0,0,0,1,2,0,0,1,1,0,0,0,0,0,0,0,0,522,0,1,523,0
74,74,108,20,237,3,1,224,0,0,0,0,0,0,1,1,2,0,6,1,0,0,0,0,0,0,604,0,0,604,0
75,75,175,26,190,2,0,156,1,0,0,0,0,0,0,1,1,0,0,1,0,0,0,0,0,0,553,0,3,556,0
76,76,98,18,308,2,0,137,0,0,0,0,0,0,0,1,0,0,0,0,0,0,0,0,0,0,564,0,2,566,0
77,77,21,31,187,1,1,299,0,0,1,1,0,0,0,1,0,0,1,0,1,0,1,0,0,0,546,0,1,547,0
78,78,44,14,228,1,1,258,1,0,1,0,0,1,1,0,0,0,0,1,0,0,1,2,0,0,554,0,0,554,0
79,79,109,28,239,1,0,307,0,0,0,1,2,0,1,0,0,1,0,0,3,1,0,0,1,1,695,0,3,698,0
80,80,121,26,240,0,1,285,1,0,0,0,0,0,0,0,0,1,0,1,0,0,0,0,0,0,676,0,2,678,0
81,81,76,17,193,0,2,349,0,0,0,0,0,0,0,1,3,0,0,0,0,1,0,0,0,2,644,0,0,644,0
82,82,58,21,223,0,2,278,0,0,1,0,0,1,0,0,0,1,0,1,0,0,0,2,0,0,588,0,3,591,0
83,83,59,12,230,1,1,141,0,0,0,0,0,0,0,0,0,1,1,0,0,0,0,0,0,1,447,0,3,450,0
84,84,54,26,263,1,1,243,1,0,0,0,0,0,0,0,0,0,0,0,0,0,1,0,0,0,590,0,4,594,0
85,85,114,25,255,1,2,298,0,0,0,0,0,0,1,0,0,0,1,0,0,0,0,0,0,0,697,0,4,701,0
86,86,101,36,351,1,1,289,0,0,0,0,1,0,0,1,0,1,1,1,2,1,0,0,0,0,787,0,3,790,0
87,87,216,31,211,0,0,231,0,0,0,0,1,0,1,0,0,0,0,0,0,0,0,0,0,0,691,0,2,693,0
88,88,160,22,213,1,0,251,0,2,0,1,1,0,0,0,0,0,1,0,0,0,0,0,0,0,652,0,4,656,0
89,89,110,16,158,1,3,226,1,0,0,1,0,0,0,2,2,0,1,0,0,1,0,1,0,0,523,0,1,524,0
90,90,59,18,250,1,1,474,1,1,0,1,0,0,0,1,1,1,1,0,0,0,0,0,0,0,810,0,1,811,0
91,91,120,15,274,5,2,346,1,0,0,0,0,0,0,1,0,0,1,1,0,0,0,0,1,1,768,0,0,768,0
92,92,185,26,186,0,0,306,0,0,0,0,0,0,0,0,0,2,0,0,0,0,0,0,0,0,705,0,5,710,0
93,93,139,24,110,1,1,291,0,0,1,0,0,0,0,0,1,0,0,1,0,0,0,0,1,0,570,0,2,572,0
94,94,89,16,81,1,1,169,2,0,0,0,0,0,0,1,0,0,1,0,0,1,0,0,0,1,363,0,0,363,0
95,95,108,24,146,1,0,262,1,0,0,0,0,1,0,0,1,1,1,2,1,1,0,0,2,0,552,0,4,556,0
96,96,144,40,241,3,4,306,1,0,0,0,0,1,0,1,0,1,0,0,0,0,0,1,0,0,743,0,2,745,0
97,97,136,44,140,0,1,329,2,0,0,0,0,0,0,0,0,0,2,0,1,0,1,1,0,0,657,0,2,659,0
98,98,208,20,189,0,3,320,0,0,0,0,0,0,0,1,1,0,0,0,0,1,0,1,0,0,744,0,4,748,0
99,99,137,24,140,1,4,341,1,0,0,0,0,0,0,3,0,0,0,0,0,0,0,0,0,2,653,0,1,654,0
100,100,154,45,166,2,4,348,0,0,1,0,0,0,1,1,2,2,1,0,1,1,1,2,0,4,736,0,6,742,0
101,101,137,36,125,0,5,315,1,1,0,0,0,0,1,1,1,1,0,2,1,2,1,0,0,0,630,0,0,630,0
102,102,151,54,159,1,5,401,1,1,1,0,0,0,0,0,0,1,2,0,0,1,0,0,1,1,780,0,3,783,0
103,103,176,25,157,1,2,273,0,0,0,0,0,0,2,0,0,2,1,0,0,0,0,0,1,0,640,0,4,644,0
104,104,209,32,122,2,1,329,1,0,0,0,0,0,0,2,3,1,1,3,0,0,0,0,0,0,706,0,2,708,0
105,105,176,34,186,3,2,331,3,0,0,0,0,0,0,2,0,1,1,0,1,0,0,0,1,0,741,0,4,745,0
106,106,172,27,118,2,0,291,0,0,0,0,1,1,0,1,0,1,0,0,0,0,0,0,0,0,614,0,1,615,0
107,107,82,19,93,2,2,237,0,0,1,0,1,0,0,0,1,2,0,0,0,0,0,1,0,0,441,0,3,444,0
108,108,74,25,158,1,3,286,0,0,0,0,0,0,0,1,0,1,1,0,2,0,0,0,0,0,552,0,3,555,0
109,109,184,34,181,0,2,316,0,0,0,0,1,0,0,0,0,0,1,0,2,0,0,0,0,0,721,0,3,724,0
110,110,238,31,150,2,0,302,2,0,1,0,0,0,0,0,0,2,2,0,0,0,0,2,1,0,733,0,6,739,0
111,111,198,27,151,1,1,252,0,0,0,0,0,0,0,2,0,2,0,0,0,0,0,0,0,4,638,0,2,640,0
112,112,143,31,112,0,0,271,1,0,0,0,0,0,0,0,1,0,1,0,1,0,0,1,0,0,562,0,1,563,0
113,113,180,35,138,2,1,318,2,0,0,0,0,0,0,1,0,1,2,0,0,1,0,0,0,0,681,0,3,684,0
114,114,117,23,107,0,0,344,0,0,0,0,0,0,0,2,1,0,0,1,0,0,0,0,0,0,595,0,2,597,0
115,115,141,14,133,1,3,279,1,0,0,1,0,0,0,0,0,2,1,0,0,0,0,0,0,1,577,0,2,579,0
116,116,150,39,152,1,7,269,0,0,1,0,0,0,0,1,0,0,0,0,2,1,0,1,1,0,625,0,3,628,0
117,117,104,30,114,0,3,258,1,0,0,0,0,0,0,0,1,1,1,1,0,1,0,0,0,2,517,0,1,518,1
118,118,128,33,156,1,6,345,1,0,0,0,0,1,0,0,1,1,0,1,2,0,0,0,1,3,680,0,0,680,1
119,119,85,31,110,0,11,248,0,0,0,1,0,1,1,0,1,1,2,0,0,0,0,0,0,0,492,0,0,492,0
120,120,57,31,96,1,4,289,0,1,0,0,0,0,0,0,1,2,0,1,0,1,0,0,0,1,485,0,4,489,0
121,121,106,21,64,0,2,185,0,0,0,0,0,0,0,0,0,1,1,0,0,0,0,0,0,1,381,0,0,381,0
122,122,143,27,162,1,1,236,1,0,0,0,0,0,1,0,0,0,0,2,1,0,1,0,1,0,577,0,4,581,0
123,123,128,33,155,0,0,274,0,0,0,0,0,0,0,1,0,0,2,0,0,0,0,0,0,1,594,0,2,596,0
124,124,55,14,115,0,3,285,0,0,0,1,0,0,0,0,0,0,0,0,0,0,0,2,0,0,475,0,0,475,0
125,125,58,24,157,3,2,349,0,0,0,1,1,0,0,0,0,4,0,1,0,0,0,0,0,2,602,0,1,603,0
126,126,91,34,263,1,7,338,1,0,0,0,2,0,1,2,1,0,3,0,2,1,0,2,0,0,749,0,0,749,0
127,127,138,42,204,0,0,217,0,1,0,0,0,0,0,0,0,1,0,2,0,0,0,0,0,0,605,0,3,608,0
128,128,190,25,173,1,3,248,1,0,0,0,1,2,0,1,1,2,2,2,1,1,0,2,0,1,657,0,6,663,1
129,129,159,15,160,0,2,211,0,0,0,0,0,0,0,2,0,1,0,0,0,0,0,0,0,0,550,0,0,550,1
130,130,43,18,245,0,0,223,0,0,0,0,0,0,0,0,1,0,1,0,1,1,0,1,1,0,535,0,1,536,0
131,131,43,19,239,1,1,242,2,0,0,0,0,0,0,0,0,1,0,0,1,0,1,1,1,0,552,0,2,554,0
132,132,137,29,225,2,0,255,1,1,0,0,1,2,1,0,0,1,0,0,0,0,0,0,0,0,655,0,4,659,0
133,133,169,15,139,0,0,198,0,0,0,1,0,0,0,1,0,2,0,0,1,0,0,0,0,0,526,0,2,528,0
134,134,98,21,178,1,2,174,0,0,0,0,0,0,0,0,1,1,0,2,0,0,0,1,0,1,480,0,4,484,0
135,135,162,23,192,1,2,321,1,0,0,0,0,0,0,2,1,0,2,1,1,0,0,1,0,2,712,0,2,714,0
136,136,135,32,195,1,0,253,1,0,1,1,1,0,0,0,0,0,4,2,1,0,1,1,0,0,629,0,4,633,0
137,137,90,23,207,5,7,347,1,0,0,0,0,0,1,0,3,4,1,0,3,0,0,1,0,1,694,0,0,694,0
138,138,101,7,226,1,0,283,1,0,0,1,1,0,1,6,0,4,0,0,1,0,1,2,0,0,636,0,1,637,0
139,139,17,13,294,2,0,334,0,0,0,0,0,0,0,1,0,0,0,0,1,0,0,0,0,0,662,0,1,663,0
140,140,99,26,161,1,2,302,0,0,1,0,0,0,0,2,1,0,1,3,1,1,0,1,0,1,603,0,1,604,0
141,141,132,20,96,1,3,255,0,0,0,0,0,0,0,0,1,1,1,0,1,0,1,0,0,1,513,0,2,515,0
142,142,136,21,207,2,2,288,2,1,0,0,0,0,0,1,2,1,0,0,1,0,0,0,0,0,664,0,2,666,0
143,143,175,29,154,0,0,264,1,1,1,0,0,1,0,0,0,0,2,0,0,1,0,0,0,0,629,0,1,630,0
144,144,113,27,137,1,0,211,0,0,0,0,0,1,0,0,0,1,1,0,0,0,1,0,0,0,493,0,4,497,0
145,145,140,29,127,1,0,236,2,1,1,1,0,0,1,1,0,1,1,0,0,1,0,1,0,0,544,0,3,547,0
146,146,185,14,142,1,2,232,2,0,0,0,0,0,0,0,1,1,0,0,1,0,0,0,0,0,581,0,8,589,0
147,147,197,14,184,1,1,295,1,0,0,0,0,0,0,0,0,0,0,1,0,0,1,2,0,0,697,0,3,700,0
148,148,135,26,129,0,0,242,0,0,1,0,0,1,0,0,1,1,2,0,1,0,0,1,1,1,542,0,0,542,0
149,149,97,26,167,0,2,313,0,0,1,1,0,0,0,1,0,1,0,0,0,0,0,1,0,0,610,0,0,610,0
150,150,141,22,138,0,0,202,2,0,0,0,0,0,0,0,0,0,0,1,0,1,0,0,0,1,508,0,3,511,0
151,151,98,12,232,0,0,331,0,0,0,0,1,0,0,2,0,1,1,0,2,2,0,1,0,0,683,0,2,685,0
152,152,70,13,111,3,2,149,0,0,0,0,0,0,0,1,0,0,0,0,0,0,0,0,0,1,350,0,3,353,0
153,153,217,26,170,1,2,179,1,0,0,0,1,0,0,2,0,0,0,0,0,2,0,1,0,2,604,0,1,605,0
154,154,137,15,159,0,0,162,0,1,0,0,0,0,1,0,1,0,1,0,0,1,0,0,0,0,478,0,3,481,0
155,155,118,12,331,0,1,208,0,1,0,0,0,0,0,0,0,0,1,0,0,0,0,1,0,1,674,0,1,675,1
156,156,23,14,711,1,3,149,0,0,0,0,0,0,0,0,0,0,1,0,0,0,0,0,0,2,904,0,4,908,0
157,157,49,16,272,1,0,150,0,0,0,1,0,0,0,0,0,0,0,0,0,0,0,0,0,0,489,0,0,489,0
158,158,42,6,290,0,4,228,0,0,1,0,1,0,0,2,2,0,1,0,0,1,1,1,1,2,583,0,1,584,0
159,159,82,19,406,0,0,121,0,0,1,1,0,1,0,1,1,1,0,1,3,0,0,1,0,0,639,0,3,642,0
160,160,4,17,649,0,0,76,0,0,0,0,0,0,0,0,0,1,0,0,0,0,0,1,0,0,748,0,2,750,0
161,161,14,11,422,1,0,98,0,0,0,0,1,0,0,0,0,1,0,0,0,0,0,0,1,1,550,0,0,550,0
162,162,20,19,366,0,0,147,1,0,0,0,1,0,0,1,0,0,0,0,1,0,0,0,1,0,557,0,1,558,0
163,163,30,11,593,0,1,166,0,0,6,1,0,0,0,2,0,0,0,1,0,0,0,0,0,0,811,0,2,813,0
164,164,163,21,143,0,0,200,1,0,0,0,0,1,0,0,0,0,0,0,1,0,0,0,0,0,530,0,8,538,0
165,165,34,8,580,0,0,92,0,0,0,0,0,0,0,1,1,0,1,0,0,0,0,0,0,0,717,0,1,718,0
166,166,13,13,778,1,0,124,1,0,0,3,0,0,0,1,1,0,0,2,1,0,0,0,0,1,939,0,2,941,0
167,167,113,16,462,2,1,204,1,0,0,0,1,0,0,1,0,2,1,0,1,0,0,0,0,0,805,0,1,806,0
168,168,144,14,215,2,0,185,1,0,0,1,0,0,0,0,0,1,1,1,0,0,0,0,0,0,565,0,1,566,0
169,169,97,13,161,1,0,162,0,0,0,0,2,0,0,0,0,0,1,0,0,0,0,0,1,0,438,0,1,439,0
170,170,69,41,161,1,1,350,2,0,0,0,0,1,0,0,1,3,0,0,0,0,0,2,0,1,633,0,3,636,0
171,171,72,15,165,0,4,325,0,0,0,0,2,0,0,4,0,1,3,0,0,0,0,2,0,0,593,0,1,594,0
172,172,146,29,198,2,0,382,0,0,1,0,0,0,2,1,1,1,1,0,1,0,0,1,0,0,766,0,2,768,0
173,173,143,25,236,1,1,343,0,0,0,0,1,0,0,3,0,1,0,1,0,0,0,0,0,2,757,0,1,758,0
174,174,230,37,225,2,6,384,0,0,0,0,0,0,0,3,0,3,1,0,1,0,1,1,1,0,895,0,3,898,0
175,175,108,18,165,1,0,255,0,0,0,0,0,0,0,0,0,2,1,1,1,0,0,0,0,2,554,0,3,557,0
176,176,117,16,187,0,0,318,1,0,0,2,0,1,0,1,1,0,0,0,0,0,0,0,0,1,645,0,2,647,0
177,177,141,26,162,2,0,248,0,0,1,1,0,0,0,1,1,1,1,0,1,0,1,1,0,1,589,0,2,591,0
178,178,142,38,163,1,4,252,0,0,0,0,0,1,0,1,0,1,0,0,0,0,0,0,0,0,603,0,3,606,0
179,179,176,25,191,1,0,320,1,1,0,0,1,0,0,5,1,0,0,0,0,1,0,0,0,2,725,0,2,727,0
180,180,119,32,235,2,0,306,3,0,0,1,0,0,0,0,0,1,2,1,1,0,0,2,2,0,707,0,3,710,0
181,181,107,24,177,2,1,305,0,0,1,1,0,0,0,2,0,4,1,0,1,0,0,0,0,0,626,0,0,626,0
182,182,137,29,159,1,1,202,0,0,0,0,0,0,0,1,0,2,1,1,0,0,0,1,0,0,535,0,2,537,0
183,183,131,38,165,0,0,303,2,0,0,0,0,0,0,0,0,2,0,0,0,0,0,1,0,0,642,0,2,644,0
184,184,163,28,191,0,1,351,0,0,1,1,0,1,1,1,0,0,0,0,0,0,0,0,0,1,740,0,3,743,0
185,185,139,32,155,1,0,252,0,0,0,0,0,0,0,3,1,1,0,0,0,0,0,0,1,0,585,0,2,587,0
186,186,138,37,123,1,1,277,0,0,0,0,0,0,0,1,0,1,0,0,0,0,0,0,0,0,579,0,1,580,0
187,187,129,39,175,0,0,326,1,0,1,0,0,0,0,2,0,0,0,0,0,0,0,1,0,0,674,0,4,678,0
188,188,203,22,122,0,0,243,1,0,1,0,0,0,0,0,2,1,0,1,0,0,0,1,0,0,597,0,4,601,2
189,189,77,13,173,1,2,194,1,0,0,0,0,0,0,0,0,0,0,0,0,0,0,0,0,0,461,0,1,462,0
190,190,234,18,276,0,1,302,0,1,0,1,0,0,0,1,0,2,2,0,0,0,0,0,0,0,838,0,6,844,0
191,191,177,19,160,0,0,240,1,0,1,0,0,0,0,1,2,0,1,0,0,0,0,0,0,0,602,0,3,605,0
192,192,147,22,166,0,2,268,0,0,0,0,2,0,0,0,0,1,2,2,0,0,0,1,0,0,613,0,4,617,0
193,193,142,39,205,0,3,370,2,1,1,0,0,0,0,1,2,1,4,0,0,0,1,1,0,0,773,0,1,774,0
194,194,267,38,208,1,1,313,0,1,1,0,0,0,0,2,2,1,1,1,1,0,0,2,1,0,841,0,5,846,0
195,195,57,19,109,0,0,216,0,0,0,0,0,0,0,0,2,0,1,1,0,1,0,3,0,1,410,0,1,411,0
196,196,63,23,94,1,3,265,1,0,1,0,0,0,0,1,0,2,0,0,0,1,0,0,0,0,455,0,1,456,0
197,197,118,39,213,0,10,338,2,0,0,0,0,0,0,0,0,1,0,0,0,0,0,1,0,0,722,0,1,723,0
198,198,72,27,147,0,3,311,1,0,0,0,0,0,0,1,0,0,0,0,1,0,0,1,1,0,565,0,0,565,0
199,199,46,16,119,1,1,170,0,0,0,0,0,0,0,0,0,1,0,0,0,0,0,0,0,0,354,0,1,355,0
200,200,76,28,125,0,2,284,0,1,0,0,0,0,0,1,1,0,0,0,1,1,1,0,0,1,522,0,2,524,0
201,201,116,53,170,0,4,268,1,0,0,0,0,0,0,3,1,0,0,2,0,0,0,1,2,0,621,0,3,624,0
202,202,53,17,86,0,0,164,0,0,0,0,0,0,0,0,0,0,1,0,0,0,0,0,0,0,321,0,0,321,0
203,203,70,24,163,2,5,361,1,0,2,0,1,0,0,1,1,0,0,0,0,0,0,0,0,0,631,0,2,633,0
204,204,22,7,550,0,3,142,0,0,0,0,0,0,0,1,0,0,0,0,2,1,0,0,0,1,729,0,3,732,0
205,205,32,11,605,0,0,136,0,0,1,0,0,0,0,1,0,0,0,1,2,0,0,1,0,2,792,0,1,793,0
206,206,76,12,576,1,0,187,0,1,0,1,0,0,0,2,0,0,0,0,1,0,0,1,0,0,858,0,1,859,0
207,207,169,26,287,0,0,309,1,0,0,1,1,0,0,2,0,3,1,1,1,0,0,1,0,0,803,0,3,806,0
208,208,113,19,249,1,0,215,0,0,1,0,0,0,1,0,0,1,0,1,2,0,0,0,0,0,603,0,1,604,0
209,209,96,14,295,2,0,172,1,0,0,1,0,1,0,0,0,1,0,0,0,0,0,0,0,0,583,0,4,587,0
210,210,11,9,408,1,0,104,0,0,0,0,0,0,0,2,0,0,1,0,2,1,1,0,1,1,542,0,0,542,0
211,211,13,9,484,0,0,110,0,0,0,1,0,0,2,0,0,1,0,0,2,0,0,1,2,0,625,0,1,626,0
212,212,8,17,549,2,1,121,0,1,0,1,0,0,0,0,0,1,0,1,0,0,0,0,0,1,703,0,1,704,0
213,213,2,10,569,0,0,105,0,0,0,1,0,0,0,1,0,3,0,0,0,0,0,1,1,0,693,0,2,695,0
214,214,88,12,282,0,0,147,0,0,0,0,0,0,0,0,0,0,0,0,0,0,0,0,0,1,530,0,2,532,0
215,215,154,23,243,0,0,211,0,0,2,0,0,1,0,0,0,1,0,0,0,0,0,0,0,1,636,0,1,637,0
216,216,58,12,261,1,1,232,2,0,0,0,1,0,0,1,0,2,0,0,0,0,0,1,0,1,573,0,2,575,0
217,217,65,29,226,1,4,432,1,2,0,1,0,0,0,1,0,1,1,2,3,1,1,2,0,0,773,0,3,776,0
218,218,43,21,535,2,1,193,1,0,0,1,0,0,0,1,1,3,0,0,0,1,1,1,1,0,806,0,1,807,0
219,219,58,22,334,3,1,357,1,0,1,1,1,1,0,2,0,0,3,0,7,2,1,3,1,1,800,0,3,803,0
220,220,58,10,392,1,0,94,2,1,0,0,0,0,0,0,1,1,1,0,3,0,0,0,1,0,565,0,1,566,0
221,221,53,6,447,0,1,191,0,0,0,0,0,0,0,1,1,0,2,0,2,1,0,1,1,2,709,0,0,709,0
222,222,35,16,393,0,1,188,2,1,0,0,0,0,0,0,2,0,0,0,0,1,0,0,0,0,639,0,0,639,0
223,223,26,18,389,0,0,142,0,0,0,0,0,0,0,0,1,0,2,0,3,0,0,0,0,2,583,0,1,584,0
224,224,50,12,443,2,0,168,0,0,1,0,1,0,0,0,0,0,0,0,1,0,0,0,0,1,679,0,0,679,0
225,225,118,17,303,0,3,224,2,1,0,1,0,0,0,0,0,0,0,0,0,0,1,0,0,0,670,0,1,671,0
226,226,121,16,283,0,0,139,0,0,0,0,0,1,0,0,0,2,1,1,1,1,0,0,1,1,568,0,3,571,0
227,227,77,10,212,0,1,121,0,1,0,0,0,0,0,0,0,0,0,0,0,0,0,0,0,0,422,0,1,423,0
228,228,71,17,203,0,0,152,2,0,0,0,3,0,0,0,1,2,1,1,0,0,0,0,0,0,453,0,1,454,0
229,229,130,8,170,0,0,158,1,0,0,0,0,0,1,0,1,2,1,1,0,0,0,0,0,1,474,0,2,476,0
230,230,184,44,198,0,1,237,0,0,0,2,0,1,0,0,1,1,1,0,0,0,0,1,0,0,671,0,8,679,0
231,231,162,34,232,1,0,353,1,0,0,0,1,2,0,0,1,3,0,0,0,0,0,0,0,0,790,0,4,794,0
232,232,111,27,337,1,2,377,0,1,1,0,0,0,0,1,1,0,2,0,1,0,0,1,1,1,865,0,0,865,0
233,233,124,25,338,2,5,329,0,2,0,0,0,1,0,1,3,1,1,0,2,1,0,1,0,0,836,0,1,837,0
234,234,193,28,219,1,3,338,0,1,0,0,0,0,0,0,0,1,0,0,0,0,0,0,0,1,785,0,5,790,0
235,235,155,30,202,0,0,319,0,0,0,0,0,1,1,0,0,0,0,0,0,0,0,0,0,0,708,0,3,711,0
236,236,106,11,162,2,1,258,0,1,0,0,1,0,0,1,1,2,1,1,2,0,2,1,0,0,553,0,1,554,0
237,237,158,28,203,2,2,299,1,0,1,0,0,0,0,1,0,0,2,0,0,0,0,0,0,1,698,0,4,702,0
238,238,96,17,152,1,1,268,1,0,2,1,1,0,0,0,0,0,4,1,1,1,0,2,0,2,551,0,1,552,0
239,239,115,25,182,0,0,274,0,0,0,0,0,0,0,0,1,2,0,1,0,0,0,0,1,1,602,0,3,605,0
240,240,148,23,179,0,2,222,0,2,0,0,0,0,0,1,0,1,0,0,0,0,1,0,0,0,579,0,2,581,0
241,241,119,23,215,0,0,180,0,0,0,0,0,0,1,0,0,1,1,1,0,0,0,0,0,0,541,0,3,544,0
242,242,117,19,258,0,0,258,0,0,0,0,0,0,0,0,0,0,1,2,2,0,0,0,1,2,660,0,4,664,0
243,243,116,23,274,0,8,340,1,0,0,0,0,1,1,3,0,0,0,2,1,0,0,2,0,0,772,0,0,772,0
244,244,79,12,177,0,1,104,0,0,0,2,0,0,0,0,0,1,0,0,0,0,0,0,0,0,376,0,4,380,0
245,245,146,33,187,0,0,256,0,0,1,0,0,0,0,1,0,1,0,0,0,0,0,0,0,0,625,0,0,625,0
246,246,165,29,199,0,1,239,0,0,0,0,0,0,1,0,0,0,0,0,0,0,0,0,0,0,634,0,0,634,0
247,247,212,42,233,1,0,293,0,0,0,0,1,1,0,0,0,0,1,1,0,0,0,0,0,1,786,0,10,796,0
248,248,168,31,234,1,4,291,0,1,0,2,0,0,0,1,0,3,2,2,0,0,0,1,0,1,742,0,4,746,0
249,249,102,14,145,1,0,257,1,1,1,0,0,0,0,2,0,0,0,0,0,0,0,0,0,1,525,0,3,528,1
250,250,89,17,180,1,0,261,0,0,0,0,1,0,0,2,1,3,3,0,1,0,0,0,0,0,559,0,0,559,0
251,251,158,23,251,1,0,364,0,0,0,1,1,1,0,2,1,3,1,2,1,0,1,2,1,0,814,0,3,817,0
252,252,87,19,96,0,0,182,0,0,1,1,0,0,0,0,0,1,2,0,0,0,0,0,0,2,391,0,4,395,0
253,253,74,13,129,0,1,126,1,0,0,0,1,0,0,0,0,0,1,0,1,3,0,1,0,1,352,0,1,353,1
254,254,153,22,153,0,0,224,0,1,0,0,0,0,0,0,2,0,0,0,0,2,0,1,0,0,558,0,0,558,0
255,255,153,46,215,2,1,339,0,0,0,0,0,0,0,0,0,1,2,0,0,1,1,0,0,3,764,0,3,767,0
256,256,172,34,125,0,3,336,1,0,0,1,0,1,1,0,0,1,0,2,1,1,0,1,1,0,681,0,1,682,0
257,257,101,13,112,0,0,183,1,0,0,0,0,0,0,0,1,2,0,0,0,0,0,0,0,0,413,0,2,415,0
258,258,105,33,207,1,0,324,0,0,2,0,1,0,0,2,0,2,0,0,0,0,0,0,0,1,678,0,2,680,0
259,259,231,31,217,1,3,265,0,1,0,0,0,0,0,0,0,1,0,3,2,0,0,0,0,2,757,0,7,764,0
260,260,191,18,204,0,0,224,1,0,0,0,0,0,1,0,0,0,1,0,0,0,0,0,0,0,640,0,5,645,0
261,261,173,22,163,0,0,293,0,0,0,0,3,0,0,0,0,0,0,0,2,0,0,1,1,1,659,0,1,660,0
262,262,211,31,226,0,0,237,1,0,0,0,0,0,0,0,0,0,0,1,0,1,0,0,0,0,708,0,8,716,0
263,263,140,12,117,0,1,203,2,1,0,0,1,0,0,0,0,0,0,1,0,0,0,1,0,0,479,0,0,479,0
264,264,118,15,144,1,0,218,1,0,0,3,0,1,1,0,0,1,0,1,0,0,0,0,0,0,504,0,1,505,0
265,265,133,19,263,2,0,250,0,1,0,0,1,0,1,1,0,0,8,1,6,1,1,1,2,3,694,0,3,697,0
266,266,84,6,150,0,1,175,0,0,1,0,0,0,0,1,0,2,1,0,0,0,0,0,0,2,423,0,1,424,0
267,267,85,17,150,1,0,167,0,0,0,1,0,0,0,1,1,1,1,0,0,1,1,0,0,0,427,0,2,429,0
268,268,119,8,201,0,2,228,1,0,0,2,0,1,0,1,1,1,2,1,2,0,0,0,0,1,571,0,1,572,0
269,269,226,29,209,1,0,307,0,0,0,0,0,0,0,2,1,1,1,2,1,1,0,0,0,0,781,0,1,782,0
270,270,119,12,103,0,0,152,0,0,0,0,0,0,0,0,0,1,0,0,0,0,1,1,0,2,391,0,1,392,0
271,271,135,34,195,1,1,308,1,0,0,1,0,0,0,4,0,0,1,1,0,0,0,0,0,0,682,0,3,685,0
272,272,228,22,131,0,1,320,0,0,2,0,0,0,0,2,1,1,0,0,0,0,0,1,0,0,709,0,2,711,0
273,273,102,19,151,0,0,186,0,0,0,0,1,0,0,0,0,1,1,0,0,0,1,1,0,0,463,0,1,464,0
274,274,89,23,145,0,1,202,0,0,1,0,0,1,0,0,0,0,1,1,1,1,0,0,0,0,466,0,1,467,0
275,275,129,33,201,0,0,314,2,1,0,1,0,0,0,0,0,1,2,0,1,0,0,0,0,0,685,0,2,687,0
276,276,108,32,142,0,0,299,0,0,2,0,0,1,0,1,0,0,1,1,1,0,0,1,1,1,591,0,1,592,0
277,277,110,27,147,2,1,256,0,0,0,0,0,0,0,1,0,1,0,0,0,0,0,0,0,0,545,0,3,548,0
278,278,155,25,129,0,3,239,0,0,0,0,0,0,0,0,0,0,0,1,1,0,0,2,0,0,555,0,3,558,0
279,279,112,22,255,0,1,316,0,0,0,0,0,1,0,2,1,1,3,0,0,0,1,2,0,2,719,0,3,722,0
280,280,110,26,218,0,0,304,0,1,0,0,0,0,0,1,1,1,1,0,0,0,0,1,0,1,665,0,1,666,0
281,281,167,24,226,0,3,301,2,1,1,0,1,0,0,1,9,0,2,0,1,0,0,1,1,1,742,0,1,743,0
282,282,144,24,112,1,0,222,1,0,0,0,0,1,0,3,2,1,0,0,0,0,0,1,0,0,512,0,0,512,0
283,283,114,32,228,0,0,265,0,0,0,0,0,0,1,0,0,0,0,0,0,0,0,1,0,0,641,0,4,645,0
284,284,117,36,210,0,1,307,1,0,1,0,0,0,1,1,2,2,1,1,0,0,0,1,0,0,682,0,2,684,0
285,285,234,40,253,2,1,391,2,4,0,0,0,0,0,0,0,0,1,1,2,0,0,0,1,1,933,0,2,935,0
286,286,126,15,206,0,3,330,3,0,0,1,0,0,0,0,0,0,0,0,1,0,0,0,0,0,685,0,1,686,0
287,287,133,35,270,2,2,362,1,1,2,1,1,0,0,1,2,0,1,0,0,0,0,1,0,2,817,0,5,822,0
288,288,142,34,204,2,1,313,1,0,0,0,0,1,1,3,1,3,0,0,0,0,0,0,0,1,707,0,1,708,0
289,289,235,31,232,3,2,382,0,0,2,1,0,1,1,0,0,2,1,1,1,0,0,3,0,1,899,0,2,901,1
