Polling Station No,Polling,A LAMMAGALA,K RAMUKAVLES,R NAHTANAWSIV MAHTAN,S XELA,N L HSEMAR,P NARAKESAJAR,S RAMUKAYAJIV,R LAPOG,NIASU MAHTAS M,C RADNUS,K INABADNAHD,C NAVLESLIMAT,V NADNAKINAM,S MAIKCORA AIRAM,K NAGURUM,C NASEGURUM,S NANAHTRANAJ AMAR,K LEVIDAV,S RAMUKAYAJIV,G NASETAKNEV,P HSETAKNEV,Total Valid Votes,Rejected Votes,NOTA,Total,Tendered Votes
1,1,39,218,163,4,304,5,0,0,0,0,0,2,0,3,3,3,0,0,0,0,0,744,0,2,746,0
2,2,33,168,179,2,293,0,1,1,1,0,0,0,0,2,2,0,0,1,4,1,1,689,0,2,691,0
3,3,23,174,161,4,161,1,1,3,0,0,0,0,0,1,2,2,1,0,0,1,1,536,0,3,539,0
4,4,25,114,111,2,299,1,0,0,0,0,0,0,0,1,0,1,0,0,1,0,0,555,0,2,557,0
5,5,41,167,233,1,204,0,1,0,0,0,1,1,1,0,2,0,1,1,0,0,1,655,0,2,657,0
6,6,17,91,100,3,101,1,0,0,1,0,0,0,1,1,1,3,0,0,0,0,1,321,0,0,321,0
7,7,38,221,230,0,238,4,0,3,0,0,2,2,0,0,0,0,1,1,3,1,0,744,0,2,746,0
8,8,12,88,101,1,74,1,0,0,0,0,0,0,0,0,0,0,0,0,1,0,1,279,0,2,281,0
9,9,14,190,284,8,200,0,0,0,3,0,1,1,3,0,1,2,0,6,6,0,1,720,0,0,720,0
10,10,11,145,285,3,141,0,0,0,0,0,0,0,1,0,0,0,1,0,2,0,0,589,0,0,589,0
11,11,32,128,214,3,156,3,0,1,0,1,0,0,0,0,0,1,0,0,1,0,0,540,0,3,543,0
12,12,29,148,243,2,249,0,1,1,0,0,1,1,0,0,0,0,1,1,0,0,1,678,0,0,678,0
13,13,23,127,168,2,190,1,0,0,0,1,0,0,0,0,1,1,0,2,1,0,0,517,0,4,521,0
14,14,21,172,171,2,204,1,0,0,0,0,0,0,1,0,0,1,0,1,0,0,2,576,0,2,578,0
15,15,28,174,268,2,189,0,0,1,0,1,0,1,2,1,1,0,0,3,0,0,1,672,0,1,673,0
16,16,24,181,298,6,205,2,2,2,0,0,0,0,0,0,0,2,0,0,3,0,0,725,0,1,726,0
17,17,15,43,166,0,86,1,0,0,0,0,0,0,1,0,0,0,0,0,1,1,0,314,0,2,316,0
18,18,13,238,227,1,206,0,0,1,0,0,0,0,0,0,0,0,2,3,0,0,1,692,0,3,695,0
19,19,14,284,251,1,177,0,0,1,0,0,1,1,4,1,2,1,0,4,0,0,0,742,0,1,743,0
20,20,11,94,67,3,84,0,0,2,0,0,0,0,0,0,0,0,1,0,0,0,0,262,0,0,262,0
21,21,36,261,372,3,173,2,0,0,0,0,0,1,1,0,2,1,1,0,1,0,0,854,0,2,856,0
22,22,12,290,193,3,160,1,1,2,1,1,0,1,2,0,2,2,0,1,0,2,0,674,0,1,675,0
23,23,18,218,208,2,165,3,0,2,0,0,0,0,0,2,1,2,0,4,0,0,0,625,0,0,625,0
24,24,15,238,315,3,146,1,0,1,0,0,0,1,0,4,0,0,0,0,1,0,1,726,0,0,726,0
25,25,13,349,232,6,89,1,0,4,0,0,0,1,1,2,2,2,1,12,9,0,1,725,0,0,725,0
26,26,26,373,247,3,166,0,0,3,0,2,1,1,0,2,1,3,1,2,2,0,0,833,0,1,834,0
27,27,21,160,304,0,136,0,0,3,0,1,0,1,0,2,0,0,3,0,0,1,1,633,0,0,633,0
28,28,28,230,390,7,192,2,1,2,1,2,1,0,2,4,4,1,1,4,2,0,1,875,0,1,876,0
29,29,12,44,99,0,56,1,0,1,0,0,0,0,0,0,0,0,1,0,0,1,0,215,0,1,216,0
30,30,28,273,327,6,271,0,0,1,2,0,0,1,0,0,2,3,0,4,2,0,2,922,0,3,925,0
31,31,15,221,175,0,83,1,0,2,0,0,0,2,1,3,0,0,0,1,1,1,0,506,0,3,509,0
32,32,32,272,367,3,258,2,2,0,0,1,0,0,3,2,2,4,0,4,8,0,0,960,0,8,968,0
33,33,18,277,280,3,219,1,1,1,0,1,0,0,0,0,1,0,2,2,0,0,0,806,0,1,807,0
34,34,23,211,317,0,149,0,0,0,0,0,1,1,1,0,0,2,2,2,1,2,1,713,0,1,714,0
35,35,16,102,208,1,107,0,2,0,0,0,0,0,0,0,0,0,0,0,0,0,0,436,0,1,437,0
36,36,25,209,235,2,173,1,0,5,1,0,0,2,2,1,0,1,1,5,1,0,0,664,0,1,665,0
37,37,7,167,188,0,122,0,1,0,0,0,0,0,1,0,0,0,1,0,1,0,0,488,0,1,489,0
38,38,28,247,194,4,200,0,1,3,0,0,0,1,0,0,0,1,4,2,1,1,0,687,0,2,689,0
39,39,75,376,294,3,235,0,6,1,0,0,0,1,0,0,1,0,0,6,3,0,0,1001,0,1,1002,0
40,40,23,186,239,0,134,1,0,2,0,0,0,0,0,1,2,0,1,0,2,0,1,592,0,1,593,0
41,41,12,171,216,3,115,1,0,1,0,0,0,1,0,1,0,2,0,0,1,0,0,524,0,0,524,0
42,42,31,159,303,6,299,1,0,0,0,0,0,0,0,0,1,2,0,0,0,0,0,802,0,3,805,0
43,43,19,72,178,1,93,0,0,0,0,0,0,0,0,0,0,0,0,0,0,0,0,363,0,2,365,0
44,44,10,95,195,1,81,0,0,0,1,0,0,0,0,0,0,1,2,0,1,0,0,387,0,1,388,0
45,45,39,151,325,1,155,0,0,0,0,0,0,0,0,0,2,0,2,1,0,0,2,678,0,0,678,0
46,46,34,194,265,3,253,0,1,3,1,0,1,0,1,1,0,1,1,2,0,2,0,763,0,2,765,0
47,47,38,177,354,1,151,1,0,1,0,0,0,0,0,3,1,1,1,0,1,0,0,730,0,0,730,0
48,48,23,263,248,8,206,0,0,3,0,1,0,0,0,3,8,1,2,1,2,1,1,771,0,2,773,0
49,49,17,219,351,0,222,1,0,2,0,0,1,1,0,2,0,0,0,2,3,0,0,821,0,1,822,0
50,50,58,247,288,3,287,2,0,4,0,2,2,1,1,4,1,4,2,1,1,1,0,909,0,4,913,0
51,51,26,368,250,1,222,2,1,1,0,0,0,0,1,1,2,2,1,1,0,2,1,882,0,2,884,0
52,52,21,187,189,1,182,0,0,1,0,0,0,1,0,0,1,0,0,0,1,0,0,584,0,1,585,0
53,53,29,96,195,2,172,2,0,0,0,0,0,0,1,2,0,0,0,0,0,0,0,499,0,0,499,0
54,54,19,137,296,6,107,0,0,2,0,0,1,0,0,2,0,3,0,2,2,2,0,579,0,2,581,0
55,55,20,226,295,4,227,0,3,2,0,0,1,1,1,1,0,1,2,2,0,0,0,786,0,2,788,0
56,56,15,213,243,3,266,2,0,0,0,0,0,0,1,2,1,1,1,2,4,1,3,758,0,3,761,0
57,57,11,82,109,0,87,0,0,0,0,0,0,1,0,0,0,1,0,1,0,0,0,292,0,0,292,0
58,58,24,94,199,0,219,2,0,0,0,1,0,0,0,3,1,0,0,1,0,0,1,545,0,0,545,0
59,59,11,152,289,3,87,0,0,0,0,0,0,0,0,0,1,0,1,1,2,0,0,547,0,0,547,0
60,60,16,128,165,1,105,0,0,0,0,0,0,0,0,0,1,3,0,1,0,1,0,421,0,0,421,0
61,61,19,133,108,0,127,1,0,0,0,0,0,0,0,1,0,0,0,0,0,0,0,389,0,0,389,0
62,62,31,259,219,3,251,2,1,1,0,0,0,0,0,1,0,1,0,1,1,0,0,771,0,3,774,0
63,63,13,194,165,2,210,2,0,0,0,0,0,0,1,1,0,0,0,0,0,0,0,588,0,4,592,0
64,64,27,80,141,0,106,0,0,0,0,0,0,0,2,1,0,0,0,0,1,0,0,358,0,0,358,0
65,65,35,93,151,0,265,2,0,1,0,0,0,0,0,0,1,0,0,1,0,0,0,549,0,1,550,0
66,66,32,112,208,1,187,0,0,1,0,0,0,1,1,2,0,1,0,0,1,0,1,548,0,0,548,0
67,67,21,98,232,3,215,1,0,0,0,0,0,0,1,2,0,1,0,0,1,1,1,577,0,2,579,0
68,68,13,106,182,0,160,0,0,3,0,0,1,1,1,0,2,1,2,3,3,2,0,480,0,2,482,0
69,69,53,332,156,2,425,1,0,3,1,0,1,2,2,1,2,1,1,3,2,0,0,988,0,0,988,0
70,70,30,104,62,2,195,0,1,0,0,0,0,0,0,0,0,1,0,0,0,0,0,395,0,1,396,0
71,71,52,326,193,2,379,1,0,0,0,0,0,0,0,0,0,0,3,2,0,0,3,961,0,2,963,0
72,72,39,274,207,1,340,0,0,0,0,0,0,0,0,0,1,0,0,0,0,0,0,862,0,3,865,0
73,73,50,206,161,1,298,5,1,0,0,0,1,0,0,0,1,1,1,0,0,0,0,726,0,4,730,0
74,74,25,145,118,0,235,1,0,0,0,0,0,0,0,0,0,0,1,1,1,0,0,527,0,7,534,0
75,75,34,186,144,3,251,2,0,0,0,0,0,0,0,0,0,0,0,1,0,1,0,622,0,7,629,0
76,76,49,171,169,0,261,1,0,1,0,1,0,0,0,1,1,0,0,1,2,1,0,659,0,3,662,0
77,77,33,203,215,3,297,0,0,0,0,0,0,0,1,0,0,2,0,1,1,0,0,756,0,5,761,0
78,78,12,119,72,1,133,1,0,0,0,0,0,0,0,1,1,0,1,0,0,0,0,341,0,0,341,0
79,79,27,205,245,1,239,1,0,0,1,0,0,1,0,1,1,0,0,1,2,0,2,727,0,2,729,0
80,80,18,88,238,1,220,0,0,0,0,0,0,0,0,0,1,0,0,1,2,0,0,569,0,1,570,0
81,81,3,107,127,1,227,1,1,0,0,0,0,1,0,1,2,1,1,1,2,0,1,477,0,1,478,0
82,82,35,188,271,4,327,1,0,0,1,0,0,0,0,0,1,0,0,3,0,0,0,831,0,2,833,0
83,83,20,137,192,5,285,5,0,0,0,0,0,0,1,0,0,2,0,0,1,0,0,648,0,3,651,1
84,84,4,55,110,2,102,3,0,1,0,0,0,0,0,0,0,0,0,1,1,0,0,279,0,1,280,0
85,85,23,84,136,3,252,0,0,0,0,1,0,0,0,0,0,0,0,0,0,0,0,499,0,2,501,0
86,86,38,103,243,3,341,1,0,0,1,0,0,2,0,3,0,3,0,3,5,1,3,750,0,1,751,0
87,87,12,76,208,0,208,2,0,0,1,0,0,0,1,0,0,0,1,0,1,0,0,510,0,4,514,0
88,88,19,119,178,1,183,7,0,0,0,0,0,0,0,0,0,0,0,0,1,0,0,508,0,1,509,0
89,89,34,155,440,4,310,8,0,0,1,0,0,0,0,4,2,1,0,1,2,0,1,963,0,2,965,0
90,90,27,90,173,3,304,1,0,0,0,0,0,1,0,0,2,0,0,0,0,0,0,601,0,2,603,0
91,91,15,78,163,1,205,0,0,1,0,0,0,0,0,0,0,1,0,1,0,0,0,465,0,1,466,0
92,92,24,100,347,3,229,1,0,0,0,0,0,0,0,0,0,1,0,1,1,2,1,710,0,2,712,0
93,93,29,113,198,0,255,2,1,0,0,0,0,0,0,0,0,1,0,0,2,0,1,602,0,2,604,0
94,94,29,212,371,4,320,2,0,0,0,0,0,0,0,1,1,3,1,2,2,3,0,951,0,3,954,0
95,95,13,126,253,0,192,0,0,0,0,0,0,0,0,4,0,0,0,0,0,2,0,590,0,1,591,0
96,96,33,89,117,1,238,0,1,0,0,0,0,0,0,0,1,0,0,2,0,0,0,482,0,0,482,0
97,97,26,132,198,0,148,0,0,2,1,1,0,0,1,2,0,0,0,1,1,0,0,513,0,2,515,0
98,98,22,82,196,0,97,0,0,0,0,0,0,0,0,0,0,0,0,0,0,0,1,398,0,2,400,0
99,99,7,101,119,1,164,0,0,0,0,0,0,0,0,0,0,0,0,0,0,1,0,393,0,0,393,0
100,100,60,215,307,2,327,0,2,0,1,0,0,0,0,2,0,1,0,1,1,1,1,921,0,1,922,0
101,101,42,135,146,3,201,1,0,0,0,0,0,0,0,1,0,0,0,0,0,1,0,530,0,3,533,0
102,102,28,175,205,2,134,0,0,0,0,0,0,0,0,0,0,1,0,0,2,1,0,548,0,3,551,0
103,103,68,235,247,5,335,1,1,0,0,0,0,1,0,0,5,4,1,0,1,0,1,905,0,6,911,0
104,104,50,97,122,3,180,0,0,0,0,0,0,0,0,0,0,0,0,1,0,0,0,453,0,0,453,0
105,105,37,241,161,3,277,0,0,0,0,0,1,0,1,0,1,0,2,3,1,0,0,728,0,1,729,0
106,106,40,266,194,3,283,1,1,0,0,0,0,0,0,0,0,1,0,2,2,0,0,793,0,0,793,0
107,107,35,205,183,1,228,0,1,0,0,0,0,0,0,0,0,0,0,0,0,1,2,656,0,0,656,0
108,108,20,171,246,1,179,0,0,1,0,0,1,0,0,1,0,0,0,1,1,0,0,622,0,0,622,0
109,109,18,129,141,0,212,0,0,0,0,0,0,0,0,1,0,0,0,1,0,0,0,502,0,1,503,0
110,110,6,171,197,2,119,0,0,0,0,0,0,0,0,1,1,0,2,2,0,0,1,502,0,0,502,0
111,111,30,113,271,0,238,2,2,0,0,0,0,0,0,0,0,4,0,0,2,0,0,662,0,3,665,0
112,112,14,102,150,2,208,1,1,0,0,0,1,1,0,1,0,1,0,2,1,0,1,486,0,1,487,0
113,113,25,206,255,1,277,1,1,0,0,0,0,0,1,1,1,0,0,1,0,1,3,774,0,4,778,0
114,114,6,98,97,5,131,0,0,2,0,0,0,0,0,0,1,0,1,0,0,1,1,343,0,1,344,0
115,115,9,110,158,1,119,1,0,0,0,0,1,0,0,1,0,1,0,0,0,1,0,402,0,1,403,0
116,116,18,226,235,1,247,1,0,3,1,0,1,0,1,1,1,2,0,1,1,0,3,743,0,1,744,0
117,117,27,116,131,2,124,0,0,0,2,0,0,2,0,2,0,0,0,1,4,0,2,413,0,0,413,0
118,118,13,158,191,1,110,0,0,1,1,0,0,0,2,0,0,2,0,1,0,1,0,481,0,2,483,0
119,119,16,225,170,2,146,0,0,2,0,0,0,0,0,0,2,0,0,3,0,1,0,567,0,0,567,0
120,120,58,262,274,2,372,2,0,1,0,0,1,1,0,0,0,0,0,1,0,0,0,974,0,2,976,0
121,121,46,216,163,1,173,2,0,1,0,1,0,0,0,0,0,2,1,1,0,0,0,607,0,2,609,0
122,122,50,268,373,2,274,1,0,1,0,0,1,0,0,1,0,0,0,2,1,0,0,974,0,1,975,0
123,123,27,144,235,1,181,2,0,2,0,0,1,1,0,0,0,0,0,1,1,0,0,596,0,1,597,0
124,124,24,165,174,0,122,2,0,2,0,0,0,0,0,1,0,3,2,0,2,2,0,499,0,1,500,0
125,125,42,103,207,2,157,0,1,0,0,1,0,1,1,1,1,0,0,0,0,0,0,517,0,0,517,0
126,126,44,228,192,4,272,2,1,4,0,0,0,0,0,0,0,0,2,1,1,0,1,752,0,2,754,0
127,127,35,194,129,0,176,0,0,0,0,0,0,0,0,0,0,0,0,2,0,0,0,536,0,0,536,0
128,128,76,257,262,3,308,2,0,0,0,0,0,0,1,1,0,0,3,4,1,1,2,921,0,2,923,0
129,129,40,248,256,2,240,0,0,2,0,0,0,0,0,0,0,2,1,4,1,1,0,797,0,1,798,0
130,130,33,309,273,2,210,0,0,1,0,1,0,1,1,0,0,1,2,2,0,0,1,837,0,2,839,0
131,131,39,158,255,2,271,0,0,1,0,0,0,1,1,0,0,1,0,0,1,1,0,731,0,5,736,0
132,132,30,182,350,1,212,0,0,0,0,0,0,0,0,0,0,2,0,0,1,0,0,778,0,2,780,0
133,133,32,169,142,0,181,0,0,1,0,0,0,0,0,0,1,0,0,4,5,1,1,537,0,2,539,0
134,134,19,131,115,0,141,1,0,1,0,0,0,0,1,2,1,0,0,2,0,0,0,414,0,1,415,0
135,135,55,173,312,3,181,2,0,0,0,0,0,1,2,2,0,2,0,2,6,0,1,742,0,2,744,0
136,136,30,142,306,2,178,1,0,0,0,0,0,0,0,0,0,0,0,0,2,1,0,662,0,2,664,0
137,137,60,184,321,1,153,1,1,0,0,1,0,0,0,1,0,0,2,2,7,0,0,734,0,4,738,0
138,138,33,160,126,0,199,2,2,0,0,0,0,0,0,0,0,0,0,1,6,0,1,530,0,3,533,0
139,139,47,279,213,7,285,1,0,3,0,0,1,0,0,1,0,3,2,3,1,0,0,846,0,5,851,0
140,140,39,125,89,2,184,1,0,0,0,0,0,0,0,0,0,1,0,1,0,0,0,442,0,2,444,0
141,141,60,211,213,3,225,4,0,0,0,0,0,1,0,2,1,1,1,2,0,0,0,724,0,1,725,0
142,142,66,288,220,0,232,1,0,0,0,0,0,0,0,0,1,1,1,1,1,0,1,813,0,4,817,0
143,143,73,219,303,3,151,0,0,2,0,0,0,0,0,0,1,1,1,3,2,1,2,762,0,5,767,0
144,144,43,167,284,1,174,0,0,0,0,0,0,0,1,0,1,1,0,4,3,0,2,681,0,4,685,0
145,145,13,225,122,2,93,2,1,1,0,0,1,1,0,1,0,3,3,2,0,1,2,473,0,2,475,0
146,146,18,99,190,1,171,0,0,0,0,0,0,0,0,1,0,1,1,2,5,2,2,493,0,2,495,0
147,147,22,172,313,1,125,1,0,1,0,0,0,0,1,1,1,1,0,1,0,0,0,640,0,1,641,0
148,148,16,109,162,1,105,0,0,1,0,1,0,0,0,2,3,2,0,4,4,1,0,411,0,3,414,0
149,149,38,288,407,2,258,0,0,1,0,0,0,0,2,0,0,0,0,1,0,1,0,998,0,2,1000,0
150,150,22,381,274,7,146,0,0,1,2,0,0,1,0,1,2,1,1,4,2,0,0,845,0,2,847,0
151,151,21,132,237,1,129,0,0,0,0,0,0,0,1,0,1,0,1,1,1,0,0,525,0,0,525,0
152,152,17,376,271,0,208,2,0,1,1,0,1,1,2,2,6,6,4,3,4,0,2,907,0,2,909,0
153,153,20,188,318,0,243,0,0,0,0,0,1,0,0,2,0,1,0,0,4,0,2,779,0,1,780,0
154,154,31,238,238,1,177,0,0,0,0,0,0,0,0,0,0,0,0,1,2,0,0,688,0,1,689,0
155,155,31,188,298,2,152,0,3,0,0,0,0,0,0,0,0,1,0,0,0,0,0,675,0,0,675,0
156,156,15,226,187,5,177,0,1,0,0,0,0,1,0,1,1,0,0,1,0,2,1,618,0,1,619,0
157,157,29,268,289,3,174,0,0,0,1,0,0,0,0,2,3,0,0,3,0,1,0,773,0,2,775,0
158,158,33,207,357,2,243,1,0,0,0,0,1,0,0,0,0,0,1,4,2,1,0,852,0,3,855,0
159,159,25,155,295,3,121,0,0,0,0,0,0,0,0,0,0,0,1,1,0,1,0,602,0,2,604,0
160,160,40,165,261,2,142,1,1,0,0,0,0,0,1,1,0,0,1,0,1,0,0,616,0,0,616,0
161,161,31,164,271,2,153,0,0,1,0,0,1,1,0,2,0,2,0,1,2,0,0,631,0,3,634,0
162,162,16,281,182,1,154,1,0,1,0,0,1,0,0,0,0,0,0,0,1,0,0,638,0,2,640,0
163,163,27,206,260,1,209,0,0,1,0,0,0,0,1,0,0,0,0,0,0,0,0,705,0,2,707,0
164,164,32,296,349,4,143,0,0,2,1,0,2,1,1,4,2,2,2,3,0,0,0,844,0,0,844,0
165,165,61,181,291,1,127,0,0,0,0,0,0,0,0,3,0,0,3,3,4,1,1,676,0,0,676,0
166,166,28,419,198,2,192,0,0,0,0,0,1,0,0,1,0,0,1,0,1,0,0,843,0,1,844,0
167,167,42,200,374,2,228,1,7,1,3,0,0,0,0,0,2,1,1,4,1,0,0,867,0,3,870,0
168,168,32,329,247,2,236,2,0,1,0,2,1,1,0,1,3,1,0,6,0,1,0,865,0,0,865,0
169,169,56,213,318,1,188,0,0,1,0,0,0,1,2,2,3,4,1,3,0,0,0,793,0,1,794,0
170,170,22,105,331,2,165,0,0,3,0,0,0,2,1,0,0,2,1,2,1,0,0,637,0,4,641,0
171,171,15,165,224,1,106,0,0,2,0,1,0,0,2,0,2,0,0,0,1,0,0,519,0,1,520,0
172,172,16,129,177,0,122,0,0,1,0,1,0,0,0,0,1,0,0,0,0,0,0,447,0,0,447,0
173,173,50,201,340,4,266,0,0,1,0,0,0,0,0,2,0,0,1,2,4,1,0,872,0,2,874,0
174,174,23,182,150,0,91,1,0,0,0,1,0,0,1,1,0,0,1,2,0,0,0,453,0,2,455,0
175,175,15,118,277,2,210,0,0,1,1,0,1,0,0,1,0,3,0,0,0,1,1,631,0,1,632,0
176,176,32,232,197,1,289,1,1,2,0,0,0,0,0,0,0,2,0,2,1,1,1,762,0,7,769,0
177,177,25,159,252,1,173,0,0,0,0,0,0,0,1,0,0,4,0,0,1,0,0,616,0,3,619,0
178,178,20,159,156,1,173,0,0,0,0,0,0,0,0,0,0,1,0,2,2,0,1,515,0,4,519,0
179,179,24,180,278,0,168,0,0,1,0,1,0,0,0,2,0,0,0,0,3,5,2,664,0,2,666,0
180,180,37,434,278,3,211,0,0,1,0,0,0,1,1,1,1,2,3,1,3,1,3,981,0,2,983,0
181,181,17,128,248,1,233,0,0,0,1,1,0,0,1,1,2,2,1,3,2,2,1,644,0,1,645,0
182,182,28,172,293,2,215,0,1,1,0,0,0,0,1,1,0,3,0,2,4,0,1,724,0,1,725,0
183,183,18,101,162,1,212,0,1,0,0,0,1,0,0,0,0,0,0,0,0,0,0,496,0,1,497,0
184,184,17,108,172,3,174,0,0,0,0,0,0,0,0,1,1,0,0,0,4,1,0,481,0,3,484,0
185,185,16,130,179,3,209,0,0,0,1,0,0,0,0,0,0,0,0,0,0,0,0,538,0,1,539,0
186,186,16,117,145,0,190,1,0,0,0,0,0,0,0,0,0,0,0,0,1,0,0,470,0,3,473,0
187,187,17,54,97,0,174,0,0,0,0,0,0,0,0,0,0,0,0,0,0,0,0,342,0,0,342,0
188,188,15,194,177,1,113,0,1,1,1,0,0,0,1,1,1,0,0,0,1,1,0,508,0,1,509,0
189,189,4,209,166,5,74,1,0,3,0,0,1,1,1,4,3,2,0,2,0,0,2,478,0,2,480,0
190,190,21,129,178,1,140,0,1,0,0,0,0,0,0,0,0,0,0,2,0,1,0,473,0,0,473,0
191,191,22,215,294,1,114,0,0,3,1,0,0,0,0,0,2,1,0,1,2,0,0,656,0,2,658,0
192,192,27,369,311,4,232,2,0,0,0,0,1,0,0,1,1,0,0,2,0,0,1,951,0,0,951,0
193,193,29,149,139,1,155,0,1,0,0,0,0,0,1,0,0,0,1,0,1,2,0,479,0,0,479,0
194,194,57,147,160,3,231,0,0,0,0,0,0,1,0,0,0,0,0,0,2,0,0,601,0,3,604,0
195,195,14,147,162,1,107,0,0,1,0,1,0,0,0,1,0,0,0,1,0,1,1,437,0,2,439,0
196,196,4,212,196,0,78,0,0,0,0,0,0,0,0,0,0,0,0,1,1,0,2,494,0,1,495,0
197,197,9,280,210,1,127,0,0,3,0,0,0,0,0,0,1,2,1,3,2,0,1,640,0,1,641,0
198,198,13,557,138,1,91,1,1,3,0,0,0,1,0,0,2,1,0,4,2,1,0,816,0,0,816,0
199,199,12,320,218,5,117,0,0,2,1,2,0,0,0,0,0,2,2,1,0,1,0,683,0,2,685,0
200,200,12,301,384,6,148,0,0,2,0,0,1,1,3,4,3,0,1,9,0,1,0,876,0,2,878,0
201,201,24,173,263,2,125,0,0,2,0,0,0,0,0,1,2,0,2,1,2,1,1,599,0,1,600,0
202,202,35,194,340,4,144,0,0,0,0,0,0,0,1,2,2,0,1,2,2,1,0,728,0,1,729,0
203,203,57,300,410,2,144,0,0,1,1,0,0,2,1,2,0,1,0,5,2,0,1,929,0,2,931,0
204,204,41,225,294,2,282,0,0,2,0,0,0,0,1,0,0,1,0,2,1,0,2,853,0,3,856,0
205,205,27,220,285,2,291,0,0,0,0,0,0,0,0,0,1,0,2,2,1,1,0,832,0,4,836,0
206,206,18,179,290,1,102,0,0,1,0,0,0,0,0,1,0,0,0,1,1,0,0,594,0,1,595,0
207,207,8,46,117,0,72,0,0,0,0,0,0,0,0,0,0,0,0,1,1,0,0,245,0,1,246,0
208,208,11,259,268,5,172,1,0,3,0,0,0,1,0,0,0,1,1,1,5,1,1,730,0,1,731,0
209,209,53,248,436,2,146,0,0,2,0,0,0,1,1,0,2,0,1,2,3,0,3,900,0,1,901,0
210,210,36,241,446,1,214,1,0,2,0,0,0,0,0,0,1,0,3,0,4,2,0,951,0,0,951,0
211,211,28,324,361,4,199,1,0,1,0,0,2,1,2,0,0,1,0,0,2,1,0,927,0,2,929,0
212,212,28,141,270,5,174,0,0,0,0,0,1,1,0,0,0,0,0,1,2,1,0,624,0,0,624,0
213,213,27,145,317,3,155,1,0,2,0,0,0,0,0,0,0,0,0,0,0,0,0,650,0,1,651,0
214,214,55,193,301,2,178,0,0,0,1,0,0,1,0,1,0,1,1,0,0,0,0,734,0,1,735,0
215,215,18,279,425,4,126,2,1,2,0,0,1,0,2,0,1,3,2,8,5,3,1,883,0,0,883,0
216,216,14,127,254,2,136,0,0,0,0,0,0,0,0,0,2,0,0,2,0,0,0,537,0,0,537,0
217,217,39,112,341,3,174,0,1,2,0,0,1,0,1,1,1,1,0,3,2,1,1,684,0,2,686,0
218,218,22,187,391,1,166,0,0,3,0,0,0,0,1,0,1,0,0,0,1,0,0,773,0,0,773,0
219,219,5,138,218,5,123,0,0,0,1,0,0,0,1,1,0,1,1,0,1,0,3,498,0,1,499,0
220,220,30,220,299,4,167,2,0,3,1,1,1,0,0,1,1,2,2,3,0,1,0,738,0,1,739,0
221,221,24,312,311,5,162,0,0,1,0,0,0,0,0,1,2,0,1,6,1,0,1,827,0,0,827,0
222,222,32,254,268,6,309,0,0,2,0,0,1,1,0,1,2,3,0,5,2,0,1,887,0,4,891,0
223,223,12,237,112,5,164,1,0,3,3,0,2,0,0,0,1,2,0,3,3,0,2,550,0,3,553,0
224,224,18,204,93,1,186,0,0,0,1,0,1,0,0,0,0,0,1,1,1,0,0,507,0,1,508,0
225,225,15,268,311,1,191,0,1,0,1,0,0,0,1,2,2,0,0,3,1,0,0,797,0,0,797,0
226,226,15,149,328,2,133,0,0,0,0,0,0,0,2,1,0,0,0,0,3,1,0,634,0,1,635,0
227,227,20,195,244,2,109,0,0,1,0,1,0,2,1,0,0,0,1,0,2,0,0,578,0,1,579,0
228,228,5,188,115,0,49,1,0,0,0,0,0,0,0,0,0,0,0,1,1,1,0,361,0,1,362,0
229,229,17,160,321,0,132,0,0,0,0,1,0,1,1,0,2,0,0,5,0,0,1,641,0,1,642,0
230,230,8,352,252,3,92,0,0,0,1,0,0,0,0,1,0,2,1,1,0,0,0,713,0,4,717,0
231,231,21,135,291,1,134,2,1,2,0,0,0,1,0,1,1,1,0,2,2,0,0,595,0,4,599,0
232,232,21,167,262,1,132,0,0,0,0,0,0,0,0,0,0,1,0,1,0,1,0,586,0,0,586,0
233,233,17,227,179,1,139,1,0,1,0,0,0,0,0,1,1,2,0,2,2,0,2,575,0,0,575,0
234,234,14,201,114,1,168,0,2,3,0,0,1,0,1,0,3,1,0,3,0,0,1,513,0,0,513,0
235,235,28,306,449,6,153,0,0,0,0,0,0,0,0,1,1,0,1,4,6,1,0,956,0,0,956,0
236,236,52,135,361,1,147,1,0,0,0,0,0,1,0,2,2,1,1,3,4,1,2,714,0,1,715,0
237,237,42,230,362,2,201,0,0,0,0,1,0,0,1,0,3,3,0,2,2,2,1,852,0,6,858,0
238,238,40,376,450,2,189,1,0,2,1,0,0,1,2,2,2,1,0,0,1,1,1,1072,0,0,1072,0
239,239,28,316,247,1,202,1,0,3,0,0,0,0,2,1,1,1,0,6,0,0,0,809,0,1,810,0
240,240,17,170,163,3,97,0,0,0,0,0,0,0,1,1,0,0,0,0,1,0,0,453,0,1,454,0
241,241,15,242,129,2,96,1,0,1,0,0,0,0,0,0,0,0,0,5,3,0,1,495,0,1,496,0
242,242,13,264,354,7,142,0,0,0,0,0,0,0,0,1,0,0,0,0,2,1,0,784,0,4,788,0
243,243,32,202,201,0,103,0,0,1,0,0,0,1,0,0,2,1,0,0,0,0,0,543,0,0,543,0
244,244,28,316,383,3,196,2,0,1,0,0,0,0,0,2,0,0,1,1,1,1,0,935,0,0,935,0
245,245,29,197,258,3,147,0,0,1,1,0,0,2,0,0,0,1,1,4,1,0,0,645,0,1,646,0
246,246,25,159,172,1,106,0,1,0,0,0,1,0,0,2,0,2,1,0,0,0,0,470,0,0,470,0
247,247,32,201,199,0,180,0,2,1,1,0,0,1,0,0,0,0,0,3,2,0,0,622,0,2,624,0
248,248,22,121,162,0,139,1,0,0,0,0,0,0,0,0,0,0,0,0,0,0,1,446,0,3,449,0
249,249,15,236,231,1,130,0,0,1,0,1,1,0,0,0,1,2,1,1,4,0,0,625,0,1,626,0
250,250,14,130,127,2,92,0,0,1,0,0,1,0,0,0,0,0,2,3,2,1,1,376,0,1,377,0
251,251,34,280,284,4,208,0,0,1,2,0,0,0,0,0,0,0,0,2,2,0,0,817,0,1,818,0
252,252,28,199,141,1,182,1,0,0,1,0,0,0,0,2,1,0,0,1,0,0,1,558,0,1,559,0
253,253,12,217,143,5,104,0,0,2,2,0,0,2,1,1,2,3,0,1,0,0,0,495,0,0,495,0
254,254,15,297,236,0,105,0,0,0,0,0,1,0,2,1,3,0,0,2,1,0,1,664,0,0,664,0
255,255,34,421,255,1,202,0,1,3,4,1,0,0,1,1,1,1,0,3,6,2,0,937,0,1,938,0
256,256,23,195,275,4,166,0,1,1,0,0,0,0,0,3,0,1,1,1,0,0,1,672,0,0,672,0
257,257,12,273,116,4,125,0,1,0,0,1,1,0,0,0,4,0,0,3,1,1,0,542,0,0,542,0
258,258,28,219,383,2,184,1,0,3,2,0,0,0,0,0,0,1,2,0,2,0,0,827,0,2,829,0
259,259,10,134,143,0,95,0,0,2,0,0,0,0,0,0,0,0,0,2,2,0,0,388,0,0,388,0
260,260,11,310,290,6,60,0,0,1,1,0,0,0,0,5,1,1,1,6,9,1,0,703,0,2,705,0
261,261,2,136,194,2,34,0,0,0,0,0,0,1,1,0,0,0,1,2,3,0,0,376,0,3,379,0
262,262,2,83,117,2,27,0,1,1,0,0,0,1,0,2,0,0,1,1,2,0,0,240,0,2,242,0
263,263,49,152,491,3,243,1,0,3,3,0,0,0,0,0,3,1,1,0,3,0,0,953,0,1,954,0
264,264,27,255,350,1,184,2,0,2,1,0,1,0,1,2,2,3,2,1,0,0,1,835,0,1,836,0
265,265,39,145,247,4,156,2,2,0,0,0,0,0,0,1,0,1,2,2,2,0,1,604,0,2,606,0
266,266,27,157,362,1,101,0,0,0,2,1,0,0,0,1,2,2,2,1,2,1,0,662,0,2,664,0
267,267,46,172,291,2,235,1,0,1,0,0,1,0,0,0,1,0,4,1,0,0,1,756,0,5,761,0
268,268,23,333,250,7,170,4,0,1,0,0,1,0,1,0,1,0,1,9,7,1,1,810,0,1,811,0
269,269,28,165,109,0,175,1,0,0,1,0,0,0,0,0,0,0,3,2,0,2,1,487,0,2,489,0
270,270,49,323,264,3,161,0,1,2,0,1,0,0,0,1,2,0,0,0,2,0,1,810,0,2,812,0
271,271,37,312,224,0,178,3,0,2,0,1,0,1,0,1,6,2,3,0,0,0,0,770,0,2,772,0
272,272,27,385,315,0,167,0,0,0,0,0,0,0,0,1,0,0,0,2,4,0,1,902,0,0,902,0
273,273,46,298,334,0,186,1,0,2,0,0,0,0,0,0,0,2,1,4,0,2,1,877,0,2,879,0
274,274,34,347,332,2,135,0,0,2,1,2,3,3,0,0,1,0,0,1,1,0,0,864,0,3,867,0
275,275,41,319,271,1,138,0,1,0,0,0,0,0,0,0,0,1,1,5,1,2,0,781,0,2,783,0
276,276,8,279,204,2,145,0,0,0,0,0,0,1,0,0,0,0,0,1,1,0,0,641,0,1,642,0
277,277,40,304,316,1,172,0,1,0,1,1,0,0,1,0,0,1,1,0,2,1,0,842,0,3,845,0
278,278,32,194,333,2,169,1,0,2,0,0,1,1,0,0,0,3,3,1,0,0,0,742,0,3,745,0
279,279,41,455,227,2,198,0,0,0,0,0,0,0,0,1,1,0,0,0,1,0,2,928,0,5,933,0
280,280,45,198,325,2,239,1,0,0,1,1,0,0,0,0,1,0,0,1,1,0,1,816,0,0,816,0
281,281,39,74,304,2,168,3,0,1,0,0,0,0,1,1,1,1,1,1,5,1,0,603,0,1,604,0
282,282,19,113,353,2,262,0,1,2,0,0,0,0,0,0,0,0,0,0,2,0,2,756,0,2,758,0
283,283,21,220,321,2,318,0,0,1,0,0,1,1,0,0,0,0,0,0,2,0,1,888,0,3,891,0
284,284,27,122,248,1,234,0,0,0,0,0,0,1,0,1,2,1,4,0,0,0,1,642,0,2,644,0
285,285,52,126,329,6,278,1,0,1,1,0,0,2,1,1,1,2,4,0,2,0,0,807,0,4,811,0
286,286,35,178,268,1,275,1,1,0,1,0,0,0,0,0,0,0,0,1,1,1,0,763,0,3,766,0
287,287,32,184,337,1,216,0,0,0,0,0,0,0,0,2,0,0,1,0,0,0,0,773,0,1,774,0
288,288,24,187,328,4,285,0,0,0,0,0,0,0,0,0,0,0,0,3,1,0,2,834,0,4,838,0
289,289,6,70,125,0,129,0,0,1,1,0,0,0,0,0,0,0,0,0,0,0,2,334,0,3,337,0
290,290,22,171,288,0,230,0,0,0,0,0,0,0,0,0,0,0,0,0,1,0,1,713,0,2,715,0
291,291,11,84,134,0,101,0,0,1,1,0,0,0,0,0,0,0,0,0,2,0,0,334,0,1,335,0
292,292,17,381,113,0,128,1,0,0,2,0,0,0,0,0,1,0,1,4,2,0,0,650,0,4,654,0
293,293,9,278,72,0,116,0,0,1,14,0,0,0,0,1,0,0,0,1,0,0,0,492,0,3,495,0
294,294,11,457,121,1,141,1,0,1,11,0,0,0,0,1,0,0,0,4,0,0,0,749,0,2,751,0
295,295,7,56,137,1,88,0,0,0,0,0,0,0,0,0,0,0,0,0,0,0,0,289,0,0,289,0
296,296,26,189,260,1,141,0,1,0,0,0,0,0,0,0,1,1,1,3,1,1,0,626,0,3,629,0
297,297,28,208,167,1,184,1,1,2,0,0,0,0,2,0,0,0,1,0,0,0,0,595,0,1,596,0
298,298,40,185,390,2,238,2,0,0,0,0,1,0,0,0,0,0,1,2,0,1,0,862,0,2,864,0
299,299,22,104,228,0,163,4,0,0,0,0,0,0,0,0,0,1,3,1,1,1,2,530,0,0,530,0
300,300,13,74,304,2,210,0,0,0,0,1,0,0,0,0,0,0,0,0,0,1,0,605,0,2,607,0
301,301,14,250,177,1,130,0,3,1,13,0,0,0,0,0,0,0,0,2,1,0,0,592,0,1,593,0
302,302,3,328,88,1,114,0,0,1,10,0,0,1,0,0,0,0,0,2,0,1,1,550,0,1,551,0
303,303,42,222,338,2,232,1,0,0,1,0,0,1,0,0,0,0,0,1,0,0,0,840,0,2,842,0
304,304,27,79,164,3,144,0,0,0,0,1,1,0,0,1,0,0,0,1,0,0,0,421,0,0,421,0
305,305,27,211,181,0,228,0,1,1,2,0,0,0,0,0,0,0,2,0,0,0,0,653,0,1,654,0
306,306,30,117,148,1,126,0,0,1,1,0,0,0,0,0,0,0,0,0,0,1,0,425,0,6,431,0
307,307,26,82,182,0,127,0,0,0,0,0,0,0,0,1,1,3,0,0,0,0,0,422,0,2,424,0
308,308,43,150,301,2,283,4,2,0,2,0,0,0,0,0,0,1,4,2,2,0,1,797,0,3,800,0
309,309,28,143,206,2,243,2,0,1,0,0,0,0,1,0,1,0,0,1,0,0,0,628,0,5,633,0
310,310,47,196,263,1,329,1,0,0,0,0,1,0,0,0,1,0,0,0,0,0,1,840,0,3,843,0
311,311,19,320,180,1,199,0,0,2,0,0,1,1,0,0,2,1,2,3,2,0,0,733,0,1,734,0
312,312,13,238,201,3,97,1,0,0,0,0,0,0,0,0,1,0,2,3,1,0,0,560,0,0,560,0
313,313,32,300,290,3,151,1,0,2,0,0,0,0,0,0,2,1,0,2,1,0,0,785,0,1,786,0
314,314,50,148,553,0,148,0,0,0,0,0,0,0,0,0,0,1,2,0,0,0,1,903,0,0,903,0
315,315,46,114,586,2,152,1,0,2,0,0,0,0,0,0,0,1,1,0,1,0,0,906,0,2,908,0
316,316,22,123,219,2,99,0,0,0,0,0,0,0,1,0,0,0,1,2,2,1,0,472,0,1,473,0
317,317,36,117,210,2,146,0,0,0,0,0,0,0,0,0,0,2,0,0,2,0,0,515,0,0,515,0
318,318,25,154,362,4,283,0,0,0,0,0,0,0,0,0,0,0,1,0,1,2,0,832,0,3,835,0
319,319,12,108,238,2,141,2,0,0,0,0,0,0,2,2,0,0,0,0,2,1,2,512,0,3,515,0
320,320,13,345,138,0,150,0,1,0,0,0,0,0,0,0,3,1,0,2,0,0,0,653,0,0,653,0
321,321,17,339,169,2,106,0,1,1,0,0,0,0,0,2,1,0,1,6,4,1,1,651,0,2,653,0
322,322,43,319,291,3,219,0,0,2,0,0,1,0,0,1,2,3,0,5,1,1,0,891,0,3,894,0
323,323,37,261,324,1,225,1,0,2,0,0,0,0,0,0,0,3,2,4,0,0,0,860,0,1,861,0
324,324,18,172,114,0,120,0,0,0,0,0,0,1,0,0,1,0,0,0,0,0,1,427,0,0,427,0
325,325,22,493,215,3,238,3,0,3,1,0,1,2,0,3,7,3,3,7,0,1,1,1006,0,3,1009,0
326,326,21,336,242,2,164,0,0,1,1,0,0,0,4,1,2,0,0,1,2,0,1,778,0,1,779,0
327,327,14,169,215,2,142,0,0,0,0,0,0,0,0,0,0,1,0,1,1,0,0,545,0,0,545,0
328,328,25,262,253,2,161,0,0,0,0,0,0,0,0,1,2,1,0,1,0,0,1,709,0,3,712,0
329,329,11,174,308,4,124,0,0,0,1,0,0,0,0,0,0,0,1,1,0,0,0,624,0,1,625,0
330,330,20,276,173,3,107,0,0,1,0,0,0,0,0,0,2,0,1,4,3,0,0,590,0,1,591,0
331,331,23,336,150,2,94,0,1,2,1,0,0,0,0,1,1,0,0,3,1,0,0,615,0,2,617,0
332,332,12,290,101,2,99,0,0,0,0,0,0,0,0,1,0,0,0,6,1,1,0,513,0,3,516,0
333,333,25,174,457,1,98,0,1,1,0,0,0,0,0,0,0,0,2,1,1,0,0,761,0,3,764,0
334,334,57,97,318,2,155,1,0,0,1,0,0,0,1,0,0,2,1,1,4,0,0,640,0,0,640,0
335,335,55,327,277,4,155,0,0,2,0,0,0,1,0,2,0,1,1,6,2,0,1,834,0,0,834,0
336,336,30,326,153,2,113,1,0,0,2,0,0,0,0,0,1,0,0,1,0,0,0,629,0,0,629,0
337,337,31,163,494,4,172,3,1,1,0,0,1,1,0,1,0,1,3,4,4,0,1,885,0,1,886,0
338,338,37,168,407,3,151,1,0,0,1,0,0,1,1,2,0,1,1,3,2,1,1,781,0,0,781,0
339,339,28,443,235,2,196,0,1,2,0,0,1,0,1,0,2,3,2,4,6,0,3,929,0,0,929,0
340,340,25,340,168,2,188,0,0,2,0,1,0,0,0,1,2,2,0,1,0,0,0,732,0,2,734,0
341,341,8,299,88,3,97,0,0,2,0,0,0,0,0,0,0,1,1,4,1,1,0,505,0,0,505,0
342,342,13,165,61,1,65,0,0,1,0,0,1,0,0,0,0,1,0,0,0,0,2,310,0,0,310,0
343,343,16,213,181,1,110,0,0,0,2,0,0,1,0,0,1,1,1,4,2,1,0,534,0,2,536,1
344,344,27,498,184,1,142,0,0,1,0,0,0,0,0,0,4,1,2,7,0,0,0,867,0,3,870,0
345,345,19,435,288,1,202,0,0,1,0,0,0,0,1,0,0,0,1,4,2,1,0,955,0,0,955,0
346,346,18,301,237,0,103,0,0,1,0,0,0,0,0,0,1,0,0,5,1,1,0,668,0,1,669,0
347,347,22,333,309,3,254,2,1,3,4,2,0,0,0,1,1,1,1,0,0,0,0,937,0,1,938,0
348,348,44,198,435,0,213,1,0,1,0,0,0,1,1,0,1,1,0,3,1,0,1,901,0,5,906,0
349,349,34,505,235,7,245,0,0,2,1,0,0,0,2,1,3,3,0,3,1,1,0,1043,0,5,1048,0
350,350,11,321,109,1,45,0,0,0,0,0,0,0,0,0,2,0,0,2,0,0,0,491,0,0,491,0
351,351,36,256,451,1,207,1,1,0,1,0,0,0,1,1,0,2,0,0,2,0,0,960,0,0,960,0
352,352,17,205,217,4,162,0,0,3,0,0,0,0,1,2,0,0,2,2,0,0,2,617,0,0,617,0
353,353,30,268,238,2,192,2,0,1,0,0,0,0,0,0,2,0,1,0,1,0,1,738,0,0,738,0
354,354,18,204,106,1,99,0,0,0,0,0,0,0,0,0,0,1,0,0,0,0,0,429,0,2,431,0
355,355,37,306,305,0,256,0,1,0,1,0,1,1,0,0,0,0,1,1,1,1,0,912,0,4,916,0
356,356,35,312,219,3,259,0,0,2,1,1,0,0,1,0,3,2,3,5,4,0,3,853,0,2,855,0
357,357,26,304,196,2,237,0,0,5,2,0,3,0,0,3,1,1,1,5,2,0,0,788,0,2,790,0
358,358,17,126,146,0,173,0,0,0,0,0,0,0,0,0,1,1,0,0,1,0,0,465,0,0,465,0
359,359,19,192,222,1,293,3,0,1,1,0,0,0,0,0,0,1,0,9,0,3,0,745,0,1,746,0
